#
# A fatal error has been detected by the Java Runtime Environment:
#
#  EXCEPTION_ACCESS_VIOLATION (0xc0000005) at pc=0x00007fff6752e0a9, pid=3204, tid=8888
#
# JRE version: OpenJDK Runtime Environment Microsoft-8035246 (17.0.8+7) (build 17.0.8+7-LTS)
# Java VM: OpenJDK 64-Bit Server VM Microsoft-8035246 (17.0.8+7-LTS, mixed mode, sharing, tiered, compressed oops, compressed class ptrs, g1 gc, windows-amd64)
# Problematic frame:
# V  [jvm.dll+0x2be0a9]
#
# No core dump will be written. Minidumps are not enabled by default on client versions of Windows
#
# If you would like to submit a bug report, please visit:
#   https://github.com/microsoft/openjdk/issues
#

---------------  S U M M A R Y ------------

Command Line: -XX:MaxMetaspaceSize=512m --add-opens=java.base/java.util=ALL-UNNAMED --add-opens=java.base/java.lang=ALL-UNNAMED --add-opens=java.base/java.lang.invoke=ALL-UNNAMED --add-opens=java.prefs/java.util.prefs=ALL-UNNAMED --add-opens=java.base/java.nio.charset=ALL-UNNAMED --add-opens=java.base/java.net=ALL-UNNAMED --add-opens=java.base/java.util.concurrent.atomic=ALL-UNNAMED -Xmx2048m -Dfile.encoding=windows-1252 -Duser.country=US -Duser.language=en -Duser.variant org.gradle.launcher.daemon.bootstrap.GradleDaemon 8.0.1

Host: Intel(R) Core(TM) i5-9300H CPU @ 2.40GHz, 8 cores, 15G,  Windows 11 , 64 bit Build 22621 (10.0.22621.3958)
Time: Sun Jul 28 22:46:55 2024 India Standard Time elapsed time: 69.459444 seconds (0d 0h 1m 9s)

---------------  T H R E A D  ---------------

Current thread (0x000001dc50737620):  JavaThread "C2 CompilerThread0" daemon [_thread_in_native, id=8888, stack(0x000000c0c7400000,0x000000c0c7500000)]


Current CompileTask:
C2:  69459 16266       4       org.gradle.cache.internal.CacheAccessWorker$1::call (10 bytes)

Stack: [0x000000c0c7400000,0x000000c0c7500000],  sp=0x000000c0c74fb6e0,  free space=1005k
Native frames: (J=compiled Java code, j=interpreted, Vv=VM code, C=native code)
V  [jvm.dll+0x2be0a9]
V  [jvm.dll+0x21ba8b]
V  [jvm.dll+0x21944b]
V  [jvm.dll+0x1a56b6]
V  [jvm.dll+0x2291ea]
V  [jvm.dll+0x22724c]
V  [jvm.dll+0x7efd0c]
V  [jvm.dll+0x7ea13a]
V  [jvm.dll+0x67ad85]
C  [ucrtbase.dll+0x29333]
C  [KERNEL32.DLL+0x1257d]
C  [ntdll.dll+0x5af28]


siginfo: EXCEPTION_ACCESS_VIOLATION (0xc0000005), reading address 0x0000000000000028


Register to memory mapping:

RIP=0x00007fff6752e0a9 jvm.dll
RAX=0x000001dc7c403630 points into unknown readable memory: 0x0000000000000000 | 00 00 00 00 00 00 00 00
RBX=0x000000000000197d is an unknown value
RCX=0x0 is NULL
RDX=0x0 is NULL
RSP=0x000000c0c74fb6e0 is pointing into the stack for thread: 0x000001dc50737620
RBP=0x000000c0c74fb750 is pointing into the stack for thread: 0x000001dc50737620
RSI=0x0 is NULL
RDI=0x000000000000004d is an unknown value
R8 =0x000000000000ffe0 is an unknown value
R9 =0x0 is NULL
R10=0x00007fffb9f80000 VCRUNTIME140.dll
R11=0x000001dc7c403650 points into unknown readable memory: 0x0000000000000000 | 00 00 00 00 00 00 00 00
R12=0x0000000000000050 is an unknown value
R13=0x0 is NULL
R14=0x0 is NULL
R15=0x000000c0c74fe900 is pointing into the stack for thread: 0x000001dc50737620


Registers:
RAX=0x000001dc7c403630, RBX=0x000000000000197d, RCX=0x0000000000000000, RDX=0x0000000000000000
RSP=0x000000c0c74fb6e0, RBP=0x000000c0c74fb750, RSI=0x0000000000000000, RDI=0x000000000000004d
R8 =0x000000000000ffe0, R9 =0x0000000000000000, R10=0x00007fffb9f80000, R11=0x000001dc7c403650
R12=0x0000000000000050, R13=0x0000000000000000, R14=0x0000000000000000, R15=0x000000c0c74fe900
RIP=0x00007fff6752e0a9, EFLAGS=0x0000000000010202

Top of Stack: (sp=0x000000c0c74fb6e0)
0x000000c0c74fb6e0:   000000000000197d 0000000000000000
0x000000c0c74fb6f0:   000000c0c74fe900 00007fff674938d1
0x000000c0c74fb700:   000001dc507364c0 00007fff00002000
0x000000c0c74fb710:   000001dc7c403630 000001dc00000000
0x000000c0c74fb720:   000001dc00000002 000001dc71ba7460
0x000000c0c74fb730:   0000000000000002 000001dc507364c0
0x000000c0c74fb740:   0000000000000000 0000000000000000
0x000000c0c74fb750:   000001dc5060a3b0 000001dc321a9940
0x000000c0c74fb760:   000000000000004d 00007fff67bb4c08
0x000000c0c74fb770:   000000c0c74fb880 00007fff6748ba8b
0x000000c0c74fb780:   000000c0c74fe900 00007fff67bb4c08
0x000000c0c74fb790:   000000c0c74fe900 000000c0c74fb880
0x000000c0c74fb7a0:   000000c000000000 000000c0c74ff460
0x000000c0c74fb7b0:   000000c00000000f 000000c0c74fe900
0x000000c0c74fb7c0:   000000c0c74fb930 00007fff00000000
0x000000c0c74fb7d0:   000001dc00000100 00007fff67bb4c08 

Instructions: (pc=0x00007fff6752e0a9)
0x00007fff6752dfa9:   3b d0 75 0b ff c1 41 3b c9 7c dc 48 8b c2 c3 33
0x00007fff6752dfb9:   c0 c3 cc cc cc cc cc 48 89 5c 24 18 55 56 57 41
0x00007fff6752dfc9:   55 41 57 48 8b ec 48 83 ec 70 65 48 8b 04 25 58
0x00007fff6752dfd9:   00 00 00 48 8b f2 44 8b 05 d2 8b 90 00 4c 8b f9
0x00007fff6752dfe9:   4a 8b 1c c0 b8 50 00 00 00 80 3c 18 00 75 05 e8
0x00007fff6752dff9:   8b 6f 5d 00 b8 20 00 00 00 48 8b 04 18 48 8b 98
0x00007fff6752e009:   38 02 00 00 48 89 5d b0 c7 45 b8 04 00 00 00 48
0x00007fff6752e019:   8b 43 18 48 83 f8 df 76 18 4c 8d 05 37 a9 65 00
0x00007fff6752e029:   ba 20 00 00 00 48 8b cb e8 5a eb de ff 48 8b 43
0x00007fff6752e039:   18 48 8d 48 20 48 3b 4b 20 76 11 45 33 c0 48 8b
0x00007fff6752e049:   cb 41 8d 50 20 e8 fd e8 de ff eb 04 48 89 4b 18
0x00007fff6752e059:   44 8b 45 b8 33 d2 49 c1 e0 03 48 8b c8 48 89 45
0x00007fff6752e069:   c0 e8 e3 80 5d 00 45 33 ed 48 8d 4d d0 44 89 6d
0x00007fff6752e079:   c8 e8 01 59 56 00 41 8b 9f 40 02 00 00 41 2b 9f
0x00007fff6752e089:   68 02 00 00 44 89 6d f0 3b 5d b8 72 0b 8b d3 48
0x00007fff6752e099:   8d 4d b0 e8 6f b3 39 00 48 8b 45 c0 4c 89 2c d8
0x00007fff6752e0a9:   8b 7e 28 8b df c1 eb 05 3b 5d d0 72 0b 8b d3 48
0x00007fff6752e0b9:   8d 4d d0 e8 1f 59 56 00 48 8b 45 d8 83 e7 1f 48
0x00007fff6752e0c9:   8d 14 98 40 0f b6 cf 41 b8 01 00 00 00 41 d3 e0
0x00007fff6752e0d9:   8b 0a 8b c1 41 0b c0 89 02 41 85 c8 75 21 8b 5d
0x00007fff6752e0e9:   c8 8d 43 01 89 45 c8 3b 5d b8 72 0b 8b d3 48 8d
0x00007fff6752e0f9:   4d b0 e8 10 b3 39 00 48 8b 45 c0 48 89 34 d8 44
0x00007fff6752e109:   39 6d c8 0f 86 77 01 00 00 4c 89 a4 24 a0 00 00
0x00007fff6752e119:   00 4c 89 b4 24 a8 00 00 00 48 8b 45 c0 41 8b cd
0x00007fff6752e129:   48 8b 34 c8 8b 46 2c 25 ff 1f 00 00 3d 04 10 00
0x00007fff6752e139:   00 0f 85 a7 00 00 00 bb 01 00 00 00 39 5e 18 76
0x00007fff6752e149:   39 66 0f 1f 44 00 00 48 8b 46 08 8b cb 48 8b 14
0x00007fff6752e159:   c8 48 85 d2 74 1d 48 83 7a 10 00 74 16 80 7a 2c
0x00007fff6752e169:   84 74 10 e8 7f 7e ee ff 48 8b d0 49 8b cf e8 a4
0x00007fff6752e179:   61 f6 ff ff c3 3b 5e 18 72 cd 48 8b 5e 10 8b 46
0x00007fff6752e189:   20 4c 8d 34 c3 49 3b de 73 54 48 8b 3b 8b 47 2c
0x00007fff6752e199:   83 e0 03 3c 03 75 2e 48 8b 07 48 8b cf ff 90 88 


Stack slot to memory mapping:
stack at sp + 0 slots: 0x000000000000197d is an unknown value
stack at sp + 1 slots: 0x0 is NULL
stack at sp + 2 slots: 0x000000c0c74fe900 is pointing into the stack for thread: 0x000001dc50737620
stack at sp + 3 slots: 0x00007fff674938d1 jvm.dll
stack at sp + 4 slots: 0x000001dc507364c0 points into unknown readable memory: 0x0000000000000006 | 06 00 00 00 00 00 00 00
stack at sp + 5 slots: 0x00007fff00002000 is an unknown value
stack at sp + 6 slots: 0x000001dc7c403630 points into unknown readable memory: 0x0000000000000000 | 00 00 00 00 00 00 00 00
stack at sp + 7 slots: 0x000001dc00000000 is an unknown value


---------------  P R O C E S S  ---------------

Threads class SMR info:
_java_thread_list=0x000001dc75f86280, length=138, elements={
0x000001dc32192b20, 0x000001dc5061d340, 0x000001dc5061e960, 0x000001dc5062e560,
0x000001dc507331a0, 0x000001dc50733b60, 0x000001dc50734520, 0x000001dc50737620,
0x000001dc507380d0, 0x000001dc507aa1a0, 0x000001dc50802c40, 0x000001dc5080d140,
0x000001dc717aff80, 0x000001dc71313960, 0x000001dc717ce8f0, 0x000001dc705064d0,
0x000001dc71e30050, 0x000001dc507a9ae0, 0x000001dc710e9080, 0x000001dc710eb3f0,
0x000001dc710e8b70, 0x000001dc710e9fb0, 0x000001dc710eaee0, 0x000001dc710e8660,
0x000001dc710eb900, 0x000001dc710ea9d0, 0x000001dc710e9aa0, 0x000001dc710e8150,
0x000001dc710e9590, 0x000001dc72905d40, 0x000001dc72908ad0, 0x000001dc72902080,
0x000001dc72902fb0, 0x000001dc72908fe0, 0x000001dc72902590, 0x000001dc72907180,
0x000001dc72906250, 0x000001dc72907690, 0x000001dc729094f0, 0x000001dc72907ba0,
0x000001dc729034c0, 0x000001dc729080b0, 0x000001dc729085c0, 0x000001dc729039d0,
0x000001dc72903ee0, 0x000001dc72909a00, 0x000001dc72904e10, 0x000001dc72902aa0,
0x000001dc72905320, 0x000001dc72906760, 0x000001dc72906c70, 0x000001dc70333480,
0x000001dc70338580, 0x000001dc703352e0, 0x000001dc703357f0, 0x000001dc70335d00,
0x000001dc703348c0, 0x000001dc7033a8f0, 0x000001dc703399c0, 0x000001dc70336210,
0x000001dc70333ea0, 0x000001dc70333990, 0x000001dc70336720, 0x000001dc703343b0,
0x000001dc7033a3e0, 0x000001dc70337650, 0x000001dc70336c30, 0x000001dc70334dd0,
0x000001dc70337140, 0x000001dc70337b60, 0x000001dc70338070, 0x000001dc70338fa0,
0x000001dc70339ed0, 0x000001dc7033ae00, 0x000001dc73fb1ae0, 0x000001dc73fae840,
0x000001dc73fb2a10, 0x000001dc73fb1ff0, 0x000001dc73fb10c0, 0x000001dc73fb3430,
0x000001dc73faf770, 0x000001dc73fafc80, 0x000001dc73fb3940, 0x000001dc73fb0190,
0x000001dc73fb3e50, 0x000001dc73fad910, 0x000001dc73fb4870, 0x000001dc73fb4360,
0x000001dc73fb0bb0, 0x000001dc73fb4d80, 0x000001dc73fb5290, 0x000001dc73fb2f20,
0x000001dc73fade20, 0x000001dc73faf260, 0x000001dc73fae330, 0x000001dc73fb2500,
0x000001dc73faed50, 0x000001dc73fb06a0, 0x000001dc5091f840, 0x000001dc50920260,
0x000001dc50923f20, 0x000001dc5091def0, 0x000001dc5091d9e0, 0x000001dc5091fd50,
0x000001dc509225d0, 0x000001dc5091e400, 0x000001dc509220c0, 0x000001dc50921bb0,
0x000001dc50920c80, 0x000001dc50924e50, 0x000001dc5091f330, 0x000001dc50920770,
0x000001dc50921190, 0x000001dc509216a0, 0x000001dc50922ae0, 0x000001dc50922ff0,
0x000001dc5091e910, 0x000001dc50923500, 0x000001dc50923a10, 0x000001dc50924430,
0x000001dc50924940, 0x000001dc50925360, 0x000001dc5091ee20, 0x000001dc734ee670,
0x000001dc734eeb80, 0x000001dc734ea9b0, 0x000001dc734ef5a0, 0x000001dc734efab0,
0x000001dc734e9060, 0x000001dc734e9a80, 0x000001dc734effc0, 0x000001dc734eb3d0,
0x000001dc734ebdf0, 0x000001dc734f04d0, 0x000001dc734f09e0, 0x000001dc7441fcd0,
0x000001dc7b487740, 0x000001dc74422200
}

Java Threads: ( => current thread )
  0x000001dc32192b20 JavaThread "main" [_thread_blocked, id=9104, stack(0x000000c0c6700000,0x000000c0c6800000)]
  0x000001dc5061d340 JavaThread "Reference Handler" daemon [_thread_blocked, id=7012, stack(0x000000c0c6e00000,0x000000c0c6f00000)]
  0x000001dc5061e960 JavaThread "Finalizer" daemon [_thread_blocked, id=22340, stack(0x000000c0c6f00000,0x000000c0c7000000)]
  0x000001dc5062e560 JavaThread "Signal Dispatcher" daemon [_thread_blocked, id=24036, stack(0x000000c0c7000000,0x000000c0c7100000)]
  0x000001dc507331a0 JavaThread "Attach Listener" daemon [_thread_blocked, id=10480, stack(0x000000c0c7100000,0x000000c0c7200000)]
  0x000001dc50733b60 JavaThread "Service Thread" daemon [_thread_blocked, id=22908, stack(0x000000c0c7200000,0x000000c0c7300000)]
  0x000001dc50734520 JavaThread "Monitor Deflation Thread" daemon [_thread_blocked, id=2512, stack(0x000000c0c7300000,0x000000c0c7400000)]
=>0x000001dc50737620 JavaThread "C2 CompilerThread0" daemon [_thread_in_native, id=8888, stack(0x000000c0c7400000,0x000000c0c7500000)]
  0x000001dc507380d0 JavaThread "C1 CompilerThread0" daemon [_thread_blocked, id=6172, stack(0x000000c0c7500000,0x000000c0c7600000)]
  0x000001dc507aa1a0 JavaThread "Sweeper thread" daemon [_thread_blocked, id=21456, stack(0x000000c0c7600000,0x000000c0c7700000)]
  0x000001dc50802c40 JavaThread "Common-Cleaner" daemon [_thread_blocked, id=17976, stack(0x000000c0c7700000,0x000000c0c7800000)]
  0x000001dc5080d140 JavaThread "Notification Thread" daemon [_thread_blocked, id=23792, stack(0x000000c0c7800000,0x000000c0c7900000)]
  0x000001dc717aff80 JavaThread "Daemon health stats" [_thread_blocked, id=19820, stack(0x000000c0c8000000,0x000000c0c8100000)]
  0x000001dc71313960 JavaThread "Incoming local TCP Connector on port 63170" [_thread_in_native, id=6884, stack(0x000000c0c7a00000,0x000000c0c7b00000)]
  0x000001dc717ce8f0 JavaThread "Daemon periodic checks" [_thread_blocked, id=22020, stack(0x000000c0c8100000,0x000000c0c8200000)]
  0x000001dc705064d0 JavaThread "Daemon" [_thread_blocked, id=1704, stack(0x000000c0c8200000,0x000000c0c8300000)]
  0x000001dc71e30050 JavaThread "Handler for socket connection from /127.0.0.1:63170 to /127.0.0.1:63171" [_thread_in_native, id=10716, stack(0x000000c0c8300000,0x000000c0c8400000)]
  0x000001dc507a9ae0 JavaThread "Cancel handler" [_thread_blocked, id=8940, stack(0x000000c0c8400000,0x000000c0c8500000)]
  0x000001dc710e9080 JavaThread "Daemon worker" [_thread_blocked, id=17672, stack(0x000000c0c8500000,0x000000c0c8600000)]
  0x000001dc710eb3f0 JavaThread "Asynchronous log dispatcher for DefaultDaemonConnection: socket connection from /127.0.0.1:63170 to /127.0.0.1:63171" [_thread_blocked, id=16120, stack(0x000000c0c8600000,0x000000c0c8700000)]
  0x000001dc710e8b70 JavaThread "Stdin handler" [_thread_blocked, id=22740, stack(0x000000c0c8700000,0x000000c0c8800000)]
  0x000001dc710e9fb0 JavaThread "Daemon client event forwarder" [_thread_blocked, id=19712, stack(0x000000c0c8800000,0x000000c0c8900000)]
  0x000001dc710eaee0 JavaThread "Cache worker for journal cache (C:\Users\ompra\.gradle\caches\journal-1)" [_thread_blocked, id=20812, stack(0x000000c0c8a00000,0x000000c0c8b00000)]
  0x000001dc710e8660 JavaThread "File lock request listener" [_thread_in_native, id=8232, stack(0x000000c0c8b00000,0x000000c0c8c00000)]
  0x000001dc710eb900 JavaThread "Cache worker for file hash cache (C:\Users\ompra\.gradle\caches\8.0.1\fileHashes)" [_thread_blocked, id=15940, stack(0x000000c0c8900000,0x000000c0c8a00000)]
  0x000001dc710ea9d0 JavaThread "File watcher server" daemon [_thread_in_native, id=19296, stack(0x000000c0c8c00000,0x000000c0c8d00000)]
  0x000001dc710e9aa0 JavaThread "File watcher consumer" daemon [_thread_blocked, id=13176, stack(0x000000c0c8d00000,0x000000c0c8e00000)]
  0x000001dc710e8150 JavaThread "Cache worker for checksums cache (C:\Users\ompra\OneDrive\Pictures\Documents\interivew app\interivewApp\android\.gradle\8.0.1\checksums)" [_thread_blocked, id=22152, stack(0x000000c0c8e00000,0x000000c0c8f00000)]
  0x000001dc710e9590 JavaThread "Cache worker for cache directory md-rule (C:\Users\ompra\.gradle\caches\8.0.1\md-rule)" [_thread_blocked, id=15756, stack(0x000000c0c8f00000,0x000000c0c9000000)]
  0x000001dc72905d40 JavaThread "Cache worker for file content cache (C:\Users\ompra\.gradle\caches\8.0.1\fileContent)" [_thread_blocked, id=4952, stack(0x000000c0c9000000,0x000000c0c9100000)]
  0x000001dc72908ad0 JavaThread "Cache worker for file hash cache (C:\Users\ompra\OneDrive\Pictures\Documents\interivew app\interivewApp\android\.gradle\8.0.1\fileHashes)" [_thread_blocked, id=8628, stack(0x000000c0c9100000,0x000000c0c9200000)]
  0x000001dc72902080 JavaThread "Cache worker for cache directory md-supplier (C:\Users\ompra\.gradle\caches\8.0.1\md-supplier)" [_thread_blocked, id=4444, stack(0x000000c0c9200000,0x000000c0c9300000)]
  0x000001dc72902fb0 JavaThread "Cache worker for execution history cache (C:\Users\ompra\.gradle\caches\8.0.1\executionHistory)" [_thread_blocked, id=11640, stack(0x000000c0c9600000,0x000000c0c9700000)]
  0x000001dc72908fe0 JavaThread "jar transforms" [_thread_blocked, id=23544, stack(0x000000c0c9900000,0x000000c0c9a00000)]
  0x000001dc72902590 JavaThread "jar transforms Thread 2" [_thread_blocked, id=23628, stack(0x000000c0c9a00000,0x000000c0c9b00000)]
  0x000001dc72907180 JavaThread "jar transforms Thread 3" [_thread_blocked, id=17832, stack(0x000000c0c9b00000,0x000000c0c9c00000)]
  0x000001dc72906250 JavaThread "jar transforms Thread 4" [_thread_blocked, id=22992, stack(0x000000c0c9c00000,0x000000c0c9d00000)]
  0x000001dc72907690 JavaThread "Cache worker for kotlin-dsl (C:\Users\ompra\.gradle\caches\8.0.1\kotlin-dsl)" [_thread_blocked, id=22452, stack(0x000000c0c9800000,0x000000c0c9900000)]
  0x000001dc729094f0 JavaThread "jar transforms Thread 5" [_thread_blocked, id=18656, stack(0x000000c0c9e00000,0x000000c0c9f00000)]
  0x000001dc72907ba0 JavaThread "jar transforms Thread 6" [_thread_blocked, id=23220, stack(0x000000c0c9d00000,0x000000c0c9e00000)]
  0x000001dc729034c0 JavaThread "Cache worker for dependencies-accessors (C:\Users\ompra\OneDrive\Pictures\Documents\interivew app\interivewApp\android\.gradle\8.0.1\dependencies-accessors)" [_thread_blocked, id=22240, stack(0x000000c0c9f00000,0x000000c0ca000000)]
  0x000001dc729080b0 JavaThread "Cache worker for Build Output Cleanup Cache (C:\Users\ompra\OneDrive\Pictures\Documents\interivew app\interivewApp\node_modules\@react-native\gradle-plugin\.gradle\buildOutputCleanup)" [_thread_blocked, id=24268, stack(0x000000c0ca000000,0x000000c0ca100000)]
  0x000001dc729085c0 JavaThread "jar transforms Thread 7" [_thread_blocked, id=10200, stack(0x000000c0ca100000,0x000000c0ca200000)]
  0x000001dc729039d0 JavaThread "Unconstrained build operations" [_thread_blocked, id=19376, stack(0x000000c0c6500000,0x000000c0c6600000)]
  0x000001dc72903ee0 JavaThread "Unconstrained build operations Thread 2" [_thread_blocked, id=20132, stack(0x000000c0c9700000,0x000000c0c9800000)]
  0x000001dc72909a00 JavaThread "Unconstrained build operations Thread 3" [_thread_blocked, id=23096, stack(0x000000c0ca300000,0x000000c0ca400000)]
  0x000001dc72904e10 JavaThread "Unconstrained build operations Thread 4" [_thread_blocked, id=4968, stack(0x000000c0ca400000,0x000000c0ca500000)]
  0x000001dc72902aa0 JavaThread "Unconstrained build operations Thread 5" [_thread_blocked, id=23764, stack(0x000000c0ca500000,0x000000c0ca600000)]
  0x000001dc72905320 JavaThread "Unconstrained build operations Thread 6" [_thread_blocked, id=21204, stack(0x000000c0ca600000,0x000000c0ca700000)]
  0x000001dc72906760 JavaThread "Unconstrained build operations Thread 7" [_thread_blocked, id=16828, stack(0x000000c0ca700000,0x000000c0ca800000)]
  0x000001dc72906c70 JavaThread "Unconstrained build operations Thread 8" [_thread_blocked, id=22748, stack(0x000000c0ca800000,0x000000c0ca900000)]
  0x000001dc70333480 JavaThread "Unconstrained build operations Thread 9" [_thread_blocked, id=16232, stack(0x000000c0ca900000,0x000000c0caa00000)]
  0x000001dc70338580 JavaThread "Unconstrained build operations Thread 10" [_thread_blocked, id=20032, stack(0x000000c0caa00000,0x000000c0cab00000)]
  0x000001dc703352e0 JavaThread "Unconstrained build operations Thread 11" [_thread_blocked, id=11196, stack(0x000000c0cab00000,0x000000c0cac00000)]
  0x000001dc703357f0 JavaThread "Unconstrained build operations Thread 12" [_thread_blocked, id=20612, stack(0x000000c0cac00000,0x000000c0cad00000)]
  0x000001dc70335d00 JavaThread "Unconstrained build operations Thread 13" [_thread_blocked, id=21332, stack(0x000000c0cad00000,0x000000c0cae00000)]
  0x000001dc703348c0 JavaThread "Unconstrained build operations Thread 14" [_thread_blocked, id=22104, stack(0x000000c0cae00000,0x000000c0caf00000)]
  0x000001dc7033a8f0 JavaThread "Unconstrained build operations Thread 15" [_thread_blocked, id=18800, stack(0x000000c0caf00000,0x000000c0cb000000)]
  0x000001dc703399c0 JavaThread "Unconstrained build operations Thread 16" [_thread_blocked, id=21692, stack(0x000000c0cb000000,0x000000c0cb100000)]
  0x000001dc70336210 JavaThread "Unconstrained build operations Thread 17" [_thread_blocked, id=20956, stack(0x000000c0cb100000,0x000000c0cb200000)]
  0x000001dc70333ea0 JavaThread "Unconstrained build operations Thread 18" [_thread_blocked, id=18016, stack(0x000000c0cb200000,0x000000c0cb300000)]
  0x000001dc70333990 JavaThread "Unconstrained build operations Thread 19" [_thread_blocked, id=1316, stack(0x000000c0cb300000,0x000000c0cb400000)]
  0x000001dc70336720 JavaThread "Unconstrained build operations Thread 20" [_thread_blocked, id=20736, stack(0x000000c0cb400000,0x000000c0cb500000)]
  0x000001dc703343b0 JavaThread "Unconstrained build operations Thread 21" [_thread_blocked, id=13928, stack(0x000000c0cb500000,0x000000c0cb600000)]
  0x000001dc7033a3e0 JavaThread "Unconstrained build operations Thread 22" [_thread_blocked, id=9764, stack(0x000000c0cb600000,0x000000c0cb700000)]
  0x000001dc70337650 JavaThread "Unconstrained build operations Thread 23" [_thread_blocked, id=11844, stack(0x000000c0cb700000,0x000000c0cb800000)]
  0x000001dc70336c30 JavaThread "Unconstrained build operations Thread 24" [_thread_blocked, id=12380, stack(0x000000c0cb800000,0x000000c0cb900000)]
  0x000001dc70334dd0 JavaThread "Unconstrained build operations Thread 25" [_thread_blocked, id=10204, stack(0x000000c0cb900000,0x000000c0cba00000)]
  0x000001dc70337140 JavaThread "Unconstrained build operations Thread 26" [_thread_in_native, id=8128, stack(0x000000c0cba00000,0x000000c0cbb00000)]
  0x000001dc70337b60 JavaThread "jar transforms Thread 8" [_thread_blocked, id=12948, stack(0x000000c0cbb00000,0x000000c0cbc00000)]
  0x000001dc70338070 JavaThread "Memory manager" [_thread_blocked, id=17492, stack(0x000000c0cbd00000,0x000000c0cbe00000)]
  0x000001dc70338fa0 JavaThread "Cache worker for Build Output Cleanup Cache (C:\Users\ompra\OneDrive\Pictures\Documents\interivew app\interivewApp\android\.gradle\buildOutputCleanup)" [_thread_blocked, id=1452, stack(0x000000c0cc000000,0x000000c0cc100000)]
  0x000001dc70339ed0 JavaThread "included builds" [_thread_blocked, id=3908, stack(0x000000c0cc200000,0x000000c0cc300000)]
  0x000001dc7033ae00 JavaThread "Execution worker" [_thread_blocked, id=23676, stack(0x000000c0cc300000,0x000000c0cc400000)]
  0x000001dc73fb1ae0 JavaThread "Execution worker Thread 2" [_thread_blocked, id=13288, stack(0x000000c0cc400000,0x000000c0cc500000)]
  0x000001dc73fae840 JavaThread "Execution worker Thread 3" [_thread_blocked, id=24188, stack(0x000000c0cc500000,0x000000c0cc600000)]
  0x000001dc73fb2a10 JavaThread "Execution worker Thread 4" [_thread_blocked, id=12812, stack(0x000000c0cc600000,0x000000c0cc700000)]
  0x000001dc73fb1ff0 JavaThread "Execution worker Thread 5" [_thread_blocked, id=22920, stack(0x000000c0cc700000,0x000000c0cc800000)]
  0x000001dc73fb10c0 JavaThread "Execution worker Thread 6" [_thread_blocked, id=7212, stack(0x000000c0cc800000,0x000000c0cc900000)]
  0x000001dc73fb3430 JavaThread "Execution worker Thread 7" [_thread_blocked, id=8196, stack(0x000000c0cc900000,0x000000c0cca00000)]
  0x000001dc73faf770 JavaThread "Cache worker for execution history cache (C:\Users\ompra\OneDrive\Pictures\Documents\interivew app\interivewApp\node_modules\@react-native\gradle-plugin\.gradle\8.0.1\executionHistory)" [_thread_blocked, id=9776, stack(0x000000c0cca00000,0x000000c0ccb00000)]
  0x000001dc73fafc80 JavaThread "Unconstrained build operations Thread 27" [_thread_blocked, id=21088, stack(0x000000c0ccb00000,0x000000c0ccc00000)]
  0x000001dc73fb3940 JavaThread "Unconstrained build operations Thread 28" [_thread_blocked, id=17184, stack(0x000000c0ccc00000,0x000000c0ccd00000)]
  0x000001dc73fb0190 JavaThread "Unconstrained build operations Thread 29" [_thread_blocked, id=11892, stack(0x000000c0ccd00000,0x000000c0cce00000)]
  0x000001dc73fb3e50 JavaThread "Unconstrained build operations Thread 30" [_thread_blocked, id=24064, stack(0x000000c0cce00000,0x000000c0ccf00000)]
  0x000001dc73fad910 JavaThread "Unconstrained build operations Thread 31" [_thread_blocked, id=3488, stack(0x000000c0ccf00000,0x000000c0cd000000)]
  0x000001dc73fb4870 JavaThread "Unconstrained build operations Thread 32" [_thread_blocked, id=22916, stack(0x000000c0cd000000,0x000000c0cd100000)]
  0x000001dc73fb4360 JavaThread "Unconstrained build operations Thread 33" [_thread_blocked, id=12368, stack(0x000000c0cd100000,0x000000c0cd200000)]
  0x000001dc73fb0bb0 JavaThread "Unconstrained build operations Thread 34" [_thread_blocked, id=13152, stack(0x000000c0cd200000,0x000000c0cd300000)]
  0x000001dc73fb4d80 JavaThread "Unconstrained build operations Thread 35" [_thread_blocked, id=21288, stack(0x000000c0cd300000,0x000000c0cd400000)]
  0x000001dc73fb5290 JavaThread "Unconstrained build operations Thread 36" [_thread_blocked, id=19116, stack(0x000000c0cd400000,0x000000c0cd500000)]
  0x000001dc73fb2f20 JavaThread "Unconstrained build operations Thread 37" [_thread_blocked, id=14548, stack(0x000000c0cd500000,0x000000c0cd600000)]
  0x000001dc73fade20 JavaThread "Unconstrained build operations Thread 38" [_thread_blocked, id=19960, stack(0x000000c0cd600000,0x000000c0cd700000)]
  0x000001dc73faf260 JavaThread "Unconstrained build operations Thread 39" [_thread_blocked, id=3760, stack(0x000000c0cd700000,0x000000c0cd800000)]
  0x000001dc73fae330 JavaThread "Unconstrained build operations Thread 40" [_thread_blocked, id=16756, stack(0x000000c0cd800000,0x000000c0cd900000)]
  0x000001dc73fb2500 JavaThread "Unconstrained build operations Thread 41" [_thread_blocked, id=17104, stack(0x000000c0cd900000,0x000000c0cda00000)]
  0x000001dc73faed50 JavaThread "Unconstrained build operations Thread 42" [_thread_blocked, id=13676, stack(0x000000c0cda00000,0x000000c0cdb00000)]
  0x000001dc73fb06a0 JavaThread "Unconstrained build operations Thread 43" [_thread_blocked, id=20992, stack(0x000000c0cdb00000,0x000000c0cdc00000)]
  0x000001dc5091f840 JavaThread "Unconstrained build operations Thread 44" [_thread_blocked, id=17388, stack(0x000000c0cdc00000,0x000000c0cdd00000)]
  0x000001dc50920260 JavaThread "Unconstrained build operations Thread 45" [_thread_blocked, id=2248, stack(0x000000c0cdd00000,0x000000c0cde00000)]
  0x000001dc50923f20 JavaThread "Unconstrained build operations Thread 46" [_thread_blocked, id=23772, stack(0x000000c0cde00000,0x000000c0cdf00000)]
  0x000001dc5091def0 JavaThread "Unconstrained build operations Thread 47" [_thread_blocked, id=8720, stack(0x000000c0cdf00000,0x000000c0ce000000)]
  0x000001dc5091d9e0 JavaThread "Unconstrained build operations Thread 48" [_thread_blocked, id=15124, stack(0x000000c0ce000000,0x000000c0ce100000)]
  0x000001dc5091fd50 JavaThread "Unconstrained build operations Thread 49" [_thread_blocked, id=23204, stack(0x000000c0ce100000,0x000000c0ce200000)]
  0x000001dc509225d0 JavaThread "Unconstrained build operations Thread 50" [_thread_blocked, id=1828, stack(0x000000c0ce200000,0x000000c0ce300000)]
  0x000001dc5091e400 JavaThread "Unconstrained build operations Thread 51" [_thread_blocked, id=17440, stack(0x000000c0ce300000,0x000000c0ce400000)]
  0x000001dc509220c0 JavaThread "Unconstrained build operations Thread 52" [_thread_blocked, id=11616, stack(0x000000c0cc100000,0x000000c0cc200000)]
  0x000001dc50921bb0 JavaThread "Unconstrained build operations Thread 53" [_thread_blocked, id=1660, stack(0x000000c0ce400000,0x000000c0ce500000)]
  0x000001dc50920c80 JavaThread "Unconstrained build operations Thread 54" [_thread_blocked, id=14832, stack(0x000000c0ce500000,0x000000c0ce600000)]
  0x000001dc50924e50 JavaThread "Unconstrained build operations Thread 55" [_thread_blocked, id=516, stack(0x000000c0ce600000,0x000000c0ce700000)]
  0x000001dc5091f330 JavaThread "Unconstrained build operations Thread 56" [_thread_blocked, id=17372, stack(0x000000c0ce700000,0x000000c0ce800000)]
  0x000001dc50920770 JavaThread "Unconstrained build operations Thread 57" [_thread_blocked, id=21364, stack(0x000000c0ce800000,0x000000c0ce900000)]
  0x000001dc50921190 JavaThread "Unconstrained build operations Thread 58" [_thread_blocked, id=23144, stack(0x000000c0ce900000,0x000000c0cea00000)]
  0x000001dc509216a0 JavaThread "Unconstrained build operations Thread 59" [_thread_blocked, id=9996, stack(0x000000c0cea00000,0x000000c0ceb00000)]
  0x000001dc50922ae0 JavaThread "Unconstrained build operations Thread 60" [_thread_blocked, id=6456, stack(0x000000c0ceb00000,0x000000c0cec00000)]
  0x000001dc50922ff0 JavaThread "Unconstrained build operations Thread 61" [_thread_blocked, id=1792, stack(0x000000c0cec00000,0x000000c0ced00000)]
  0x000001dc5091e910 JavaThread "Unconstrained build operations Thread 62" [_thread_blocked, id=14624, stack(0x000000c0ced00000,0x000000c0cee00000)]
  0x000001dc50923500 JavaThread "Unconstrained build operations Thread 63" [_thread_blocked, id=5020, stack(0x000000c0cee00000,0x000000c0cef00000)]
  0x000001dc50923a10 JavaThread "Unconstrained build operations Thread 64" [_thread_blocked, id=24524, stack(0x000000c0cef00000,0x000000c0cf000000)]
  0x000001dc50924430 JavaThread "Unconstrained build operations Thread 65" [_thread_blocked, id=24428, stack(0x000000c0cf000000,0x000000c0cf100000)]
  0x000001dc50924940 JavaThread "Unconstrained build operations Thread 66" [_thread_blocked, id=6176, stack(0x000000c0cf100000,0x000000c0cf200000)]
  0x000001dc50925360 JavaThread "Unconstrained build operations Thread 67" [_thread_blocked, id=19424, stack(0x000000c0cf200000,0x000000c0cf300000)]
  0x000001dc5091ee20 JavaThread "Unconstrained build operations Thread 68" [_thread_blocked, id=17200, stack(0x000000c0cf300000,0x000000c0cf400000)]
  0x000001dc734ee670 JavaThread "Unconstrained build operations Thread 69" [_thread_blocked, id=20908, stack(0x000000c0cf400000,0x000000c0cf500000)]
  0x000001dc734eeb80 JavaThread "Unconstrained build operations Thread 70" [_thread_blocked, id=10556, stack(0x000000c0cf500000,0x000000c0cf600000)]
  0x000001dc734ea9b0 JavaThread "Unconstrained build operations Thread 71" [_thread_blocked, id=5428, stack(0x000000c0cf600000,0x000000c0cf700000)]
  0x000001dc734ef5a0 JavaThread "Unconstrained build operations Thread 72" [_thread_blocked, id=5948, stack(0x000000c0cf700000,0x000000c0cf800000)]
  0x000001dc734efab0 JavaThread "Unconstrained build operations Thread 73" [_thread_blocked, id=7924, stack(0x000000c0cf800000,0x000000c0cf900000)]
  0x000001dc734e9060 JavaThread "Unconstrained build operations Thread 74" [_thread_blocked, id=14432, stack(0x000000c0cf900000,0x000000c0cfa00000)]
  0x000001dc734e9a80 JavaThread "Unconstrained build operations Thread 75" [_thread_blocked, id=6348, stack(0x000000c0cfa00000,0x000000c0cfb00000)]
  0x000001dc734effc0 JavaThread "Unconstrained build operations Thread 76" [_thread_blocked, id=20276, stack(0x000000c0cfb00000,0x000000c0cfc00000)]
  0x000001dc734eb3d0 JavaThread "Unconstrained build operations Thread 77" [_thread_blocked, id=19052, stack(0x000000c0cfc00000,0x000000c0cfd00000)]
  0x000001dc734ebdf0 JavaThread "Unconstrained build operations Thread 78" [_thread_blocked, id=20496, stack(0x000000c0cfd00000,0x000000c0cfe00000)]
  0x000001dc734f04d0 JavaThread "Unconstrained build operations Thread 79" [_thread_blocked, id=18864, stack(0x000000c0cfe00000,0x000000c0cff00000)]
  0x000001dc734f09e0 JavaThread "Unconstrained build operations Thread 80" [_thread_blocked, id=20380, stack(0x000000c0cff00000,0x000000c0d0000000)]
  0x000001dc7441fcd0 JavaThread "C2 CompilerThread1" daemon [_thread_in_native, id=5584, stack(0x000000c0c6400000,0x000000c0c6500000)]
  0x000001dc7b487740 JavaThread "Cache worker for execution history cache (C:\Users\ompra\OneDrive\Pictures\Documents\interivew app\interivewApp\android\.gradle\8.0.1\executionHistory)" [_thread_blocked, id=22292, stack(0x000000c0c6600000,0x000000c0c6700000)]
  0x000001dc74422200 JavaThread "C2 CompilerThread2" daemon [_thread_in_native, id=6996, stack(0x000000c0cbc00000,0x000000c0cbd00000)]

Other Threads:
  0x000001dc506142e0 VMThread "VM Thread" [stack: 0x000000c0c6d00000,0x000000c0c6e00000] [id=23120]
  0x000001dc3220df20 WatcherThread [stack: 0x000000c0c7900000,0x000000c0c7a00000] [id=5140]
  0x000001dc321ec560 GCTaskThread "GC Thread#0" [stack: 0x000000c0c6800000,0x000000c0c6900000] [id=16920]
  0x000001dc701ce970 GCTaskThread "GC Thread#1" [stack: 0x000000c0c7b00000,0x000000c0c7c00000] [id=24152]
  0x000001dc701cec30 GCTaskThread "GC Thread#2" [stack: 0x000000c0c7c00000,0x000000c0c7d00000] [id=14100]
  0x000001dc701ceef0 GCTaskThread "GC Thread#3" [stack: 0x000000c0c7d00000,0x000000c0c7e00000] [id=23580]
  0x000001dc709afc90 GCTaskThread "GC Thread#4" [stack: 0x000000c0c7e00000,0x000000c0c7f00000] [id=18428]
  0x000001dc709ca0f0 GCTaskThread "GC Thread#5" [stack: 0x000000c0c7f00000,0x000000c0c8000000] [id=21680]
  0x000001dc714da0a0 GCTaskThread "GC Thread#6" [stack: 0x000000c0c9300000,0x000000c0c9400000] [id=19648]
  0x000001dc714d9de0 GCTaskThread "GC Thread#7" [stack: 0x000000c0c9400000,0x000000c0c9500000] [id=20696]
  0x000001dc321fd4b0 ConcurrentGCThread "G1 Main Marker" [stack: 0x000000c0c6900000,0x000000c0c6a00000] [id=10348]
  0x000001dc321fe660 ConcurrentGCThread "G1 Conc#0" [stack: 0x000000c0c6a00000,0x000000c0c6b00000] [id=9984]
  0x000001dc714da360 ConcurrentGCThread "G1 Conc#1" [stack: 0x000000c0c9500000,0x000000c0c9600000] [id=11576]
  0x000001dc3223e1c0 ConcurrentGCThread "G1 Refine#0" [stack: 0x000000c0c6b00000,0x000000c0c6c00000] [id=20800]
  0x000001dc702a5680 ConcurrentGCThread "G1 Refine#1" [stack: 0x000000c0d0000000,0x000000c0d0100000] [id=13400]
  0x000001dc702a3c10 ConcurrentGCThread "G1 Refine#2" [stack: 0x000000c0d0100000,0x000000c0d0200000] [id=7556]
  0x000001dc3223ebf0 ConcurrentGCThread "G1 Service" [stack: 0x000000c0c6c00000,0x000000c0c6d00000] [id=11384]

Threads with active compile tasks:
C2 CompilerThread0    69602 16266       4       org.gradle.cache.internal.CacheAccessWorker$1::call (10 bytes)
C2 CompilerThread1    69602 16272   !   4       org.gradle.cache.internal.DefaultMultiProcessSafePersistentIndexedCache::getIfPresent (25 bytes)
C2 CompilerThread2    69602 16278   !   4       java.util.concurrent.FutureTask::run (123 bytes)

VM state: not at safepoint (normal execution)

VM Mutex/Monitor currently owned by a thread: None

Heap address: 0x0000000080000000, size: 2048 MB, Compressed Oops mode: 32-bit

CDS archive(s) mapped at: [0x000001dc51000000-0x000001dc51bd0000-0x000001dc51bd0000), size 12386304, SharedBaseAddress: 0x000001dc51000000, ArchiveRelocationMode: 1.
Compressed class space mapped at: 0x000001dc52000000-0x000001dc6c000000, reserved size: 436207616
Narrow klass base: 0x000001dc51000000, Narrow klass shift: 0, Narrow klass range: 0x100000000

GC Precious Log:
 CPUs: 8 total, 8 available
 Memory: 16221M
 Large Page Support: Disabled
 NUMA Support: Disabled
 Compressed Oops: Enabled (32-bit)
 Heap Region Size: 1M
 Heap Min Capacity: 8M
 Heap Initial Capacity: 254M
 Heap Max Capacity: 2G
 Pre-touch: Disabled
 Parallel Workers: 8
 Concurrent Workers: 2
 Concurrent Refinement Workers: 8
 Periodic GC: Disabled

Heap:
 garbage-first heap   total 270336K, used 194854K [0x0000000080000000, 0x0000000100000000)
  region size 1024K, 6 young (6144K), 4 survivors (4096K)
 Metaspace       used 106236K, committed 107392K, reserved 557056K
  class space    used 14496K, committed 15040K, reserved 425984K

Heap Regions: E=young(eden), S=young(survivor), O=old, HS=humongous(starts), HC=humongous(continues), CS=collection set, F=free, OA=open archive, CA=closed archive, TAMS=top-at-mark-start (previous, next)
|   0|0x0000000080000000, 0x0000000080100000, 0x0000000080100000|100%|HS|  |TAMS 0x0000000080100000, 0x0000000080000000| Complete 
|   1|0x0000000080100000, 0x0000000080200000, 0x0000000080200000|100%|HC|  |TAMS 0x0000000080200000, 0x0000000080100000| Complete 
|   2|0x0000000080200000, 0x0000000080300000, 0x0000000080300000|100%|HC|  |TAMS 0x0000000080300000, 0x0000000080200000| Complete 
|   3|0x0000000080300000, 0x0000000080400000, 0x0000000080400000|100%|HC|  |TAMS 0x0000000080400000, 0x0000000080300000| Complete 
|   4|0x0000000080400000, 0x0000000080500000, 0x0000000080500000|100%| O|  |TAMS 0x0000000080500000, 0x0000000080400000| Untracked 
|   5|0x0000000080500000, 0x0000000080600000, 0x0000000080600000|100%| O|  |TAMS 0x0000000080600000, 0x0000000080500000| Untracked 
|   6|0x0000000080600000, 0x0000000080700000, 0x0000000080700000|100%| O|  |TAMS 0x0000000080700000, 0x0000000080600000| Untracked 
|   7|0x0000000080700000, 0x0000000080800000, 0x0000000080800000|100%| O|  |TAMS 0x0000000080800000, 0x0000000080700000| Untracked 
|   8|0x0000000080800000, 0x0000000080900000, 0x0000000080900000|100%| O|  |TAMS 0x0000000080900000, 0x0000000080800000| Untracked 
|   9|0x0000000080900000, 0x0000000080a00000, 0x0000000080a00000|100%| O|  |TAMS 0x0000000080a00000, 0x0000000080900000| Untracked 
|  10|0x0000000080a00000, 0x0000000080b00000, 0x0000000080b00000|100%| O|  |TAMS 0x0000000080b00000, 0x0000000080a00000| Untracked 
|  11|0x0000000080b00000, 0x0000000080c00000, 0x0000000080c00000|100%| O|  |TAMS 0x0000000080c00000, 0x0000000080b00000| Untracked 
|  12|0x0000000080c00000, 0x0000000080d00000, 0x0000000080d00000|100%| O|  |TAMS 0x0000000080d00000, 0x0000000080c00000| Untracked 
|  13|0x0000000080d00000, 0x0000000080e00000, 0x0000000080e00000|100%| O|  |TAMS 0x0000000080e00000, 0x0000000080d00000| Untracked 
|  14|0x0000000080e00000, 0x0000000080f00000, 0x0000000080f00000|100%| O|  |TAMS 0x0000000080f00000, 0x0000000080e00000| Untracked 
|  15|0x0000000080f00000, 0x0000000081000000, 0x0000000081000000|100%| O|  |TAMS 0x0000000081000000, 0x0000000080f00000| Untracked 
|  16|0x0000000081000000, 0x0000000081100000, 0x0000000081100000|100%| O|  |TAMS 0x0000000081100000, 0x0000000081000000| Untracked 
|  17|0x0000000081100000, 0x0000000081200000, 0x0000000081200000|100%| O|  |TAMS 0x0000000081200000, 0x0000000081100000| Untracked 
|  18|0x0000000081200000, 0x0000000081300000, 0x0000000081300000|100%| O|  |TAMS 0x0000000081300000, 0x0000000081200000| Untracked 
|  19|0x0000000081300000, 0x0000000081400000, 0x0000000081400000|100%| O|  |TAMS 0x0000000081400000, 0x0000000081300000| Untracked 
|  20|0x0000000081400000, 0x0000000081500000, 0x0000000081500000|100%| O|  |TAMS 0x0000000081500000, 0x0000000081400000| Untracked 
|  21|0x0000000081500000, 0x0000000081600000, 0x0000000081600000|100%| O|  |TAMS 0x0000000081600000, 0x0000000081500000| Untracked 
|  22|0x0000000081600000, 0x0000000081700000, 0x0000000081700000|100%| O|  |TAMS 0x0000000081700000, 0x0000000081600000| Untracked 
|  23|0x0000000081700000, 0x0000000081800000, 0x0000000081800000|100%| O|  |TAMS 0x0000000081800000, 0x0000000081700000| Untracked 
|  24|0x0000000081800000, 0x0000000081900000, 0x0000000081900000|100%|HS|  |TAMS 0x0000000081900000, 0x0000000081800000| Complete 
|  25|0x0000000081900000, 0x0000000081a00000, 0x0000000081a00000|100%| O|  |TAMS 0x0000000081a00000, 0x0000000081900000| Untracked 
|  26|0x0000000081a00000, 0x0000000081b00000, 0x0000000081b00000|100%| O|  |TAMS 0x0000000081b00000, 0x0000000081a00000| Untracked 
|  27|0x0000000081b00000, 0x0000000081c00000, 0x0000000081c00000|100%| O|  |TAMS 0x0000000081c00000, 0x0000000081b00000| Untracked 
|  28|0x0000000081c00000, 0x0000000081d00000, 0x0000000081d00000|100%| O|  |TAMS 0x0000000081d00000, 0x0000000081c00000| Untracked 
|  29|0x0000000081d00000, 0x0000000081e00000, 0x0000000081e00000|100%| O|  |TAMS 0x0000000081e00000, 0x0000000081d00000| Untracked 
|  30|0x0000000081e00000, 0x0000000081f00000, 0x0000000081f00000|100%| O|  |TAMS 0x0000000081f00000, 0x0000000081e00000| Untracked 
|  31|0x0000000081f00000, 0x0000000082000000, 0x0000000082000000|100%| O|  |TAMS 0x0000000082000000, 0x0000000081f00000| Untracked 
|  32|0x0000000082000000, 0x0000000082100000, 0x0000000082100000|100%| O|  |TAMS 0x0000000082100000, 0x0000000082000000| Untracked 
|  33|0x0000000082100000, 0x0000000082200000, 0x0000000082200000|100%| O|  |TAMS 0x0000000082200000, 0x0000000082100000| Untracked 
|  34|0x0000000082200000, 0x0000000082300000, 0x0000000082300000|100%|HS|  |TAMS 0x0000000082300000, 0x0000000082200000| Complete 
|  35|0x0000000082300000, 0x0000000082400000, 0x0000000082400000|100%|HC|  |TAMS 0x0000000082400000, 0x0000000082300000| Complete 
|  36|0x0000000082400000, 0x0000000082500000, 0x0000000082500000|100%| O|  |TAMS 0x0000000082500000, 0x0000000082400000| Untracked 
|  37|0x0000000082500000, 0x0000000082600000, 0x0000000082600000|100%| O|  |TAMS 0x0000000082600000, 0x0000000082500000| Untracked 
|  38|0x0000000082600000, 0x0000000082700000, 0x0000000082700000|100%| O|  |TAMS 0x0000000082700000, 0x0000000082600000| Untracked 
|  39|0x0000000082700000, 0x0000000082800000, 0x0000000082800000|100%| O|  |TAMS 0x0000000082800000, 0x0000000082700000| Untracked 
|  40|0x0000000082800000, 0x0000000082900000, 0x0000000082900000|100%| O|  |TAMS 0x0000000082800000, 0x0000000082800000| Untracked 
|  41|0x0000000082900000, 0x0000000082a00000, 0x0000000082a00000|100%| O|  |TAMS 0x0000000082a00000, 0x0000000082900000| Untracked 
|  42|0x0000000082a00000, 0x0000000082b00000, 0x0000000082b00000|100%| O|  |TAMS 0x0000000082b00000, 0x0000000082a00000| Untracked 
|  43|0x0000000082b00000, 0x0000000082c00000, 0x0000000082c00000|100%|HS|  |TAMS 0x0000000082c00000, 0x0000000082b00000| Complete 
|  44|0x0000000082c00000, 0x0000000082d00000, 0x0000000082d00000|100%|HC|  |TAMS 0x0000000082d00000, 0x0000000082c00000| Complete 
|  45|0x0000000082d00000, 0x0000000082e00000, 0x0000000082e00000|100%|HC|  |TAMS 0x0000000082e00000, 0x0000000082d00000| Complete 
|  46|0x0000000082e00000, 0x0000000082f00000, 0x0000000082f00000|100%|HC|  |TAMS 0x0000000082f00000, 0x0000000082e00000| Complete 
|  47|0x0000000082f00000, 0x0000000083000000, 0x0000000083000000|100%| O|  |TAMS 0x0000000083000000, 0x0000000082f00000| Untracked 
|  48|0x0000000083000000, 0x0000000083100000, 0x0000000083100000|100%| O|  |TAMS 0x0000000083100000, 0x0000000083000000| Untracked 
|  49|0x0000000083100000, 0x0000000083200000, 0x0000000083200000|100%| O|  |TAMS 0x0000000083200000, 0x0000000083100000| Untracked 
|  50|0x0000000083200000, 0x0000000083300000, 0x0000000083300000|100%| O|  |TAMS 0x0000000083300000, 0x0000000083200000| Untracked 
|  51|0x0000000083300000, 0x0000000083400000, 0x0000000083400000|100%| O|  |TAMS 0x0000000083400000, 0x0000000083300000| Untracked 
|  52|0x0000000083400000, 0x0000000083500000, 0x0000000083500000|100%| O|  |TAMS 0x0000000083400000, 0x0000000083400000| Untracked 
|  53|0x0000000083500000, 0x0000000083600000, 0x0000000083600000|100%| O|  |TAMS 0x0000000083600000, 0x0000000083500000| Untracked 
|  54|0x0000000083600000, 0x0000000083700000, 0x0000000083700000|100%| O|  |TAMS 0x0000000083700000, 0x0000000083600000| Untracked 
|  55|0x0000000083700000, 0x0000000083800000, 0x0000000083800000|100%| O|  |TAMS 0x0000000083800000, 0x0000000083700000| Untracked 
|  56|0x0000000083800000, 0x0000000083900000, 0x0000000083900000|100%| O|  |TAMS 0x0000000083900000, 0x0000000083800000| Untracked 
|  57|0x0000000083900000, 0x0000000083a00000, 0x0000000083a00000|100%| O|  |TAMS 0x0000000083a00000, 0x0000000083900000| Untracked 
|  58|0x0000000083a00000, 0x0000000083b00000, 0x0000000083b00000|100%| O|  |TAMS 0x0000000083b00000, 0x0000000083a00000| Untracked 
|  59|0x0000000083b00000, 0x0000000083c00000, 0x0000000083c00000|100%| O|  |TAMS 0x0000000083c00000, 0x0000000083b00000| Untracked 
|  60|0x0000000083c00000, 0x0000000083d00000, 0x0000000083d00000|100%| O|  |TAMS 0x0000000083d00000, 0x0000000083c00000| Untracked 
|  61|0x0000000083d00000, 0x0000000083e00000, 0x0000000083e00000|100%| O|  |TAMS 0x0000000083e00000, 0x0000000083d00000| Untracked 
|  62|0x0000000083e00000, 0x0000000083f00000, 0x0000000083f00000|100%| O|  |TAMS 0x0000000083f00000, 0x0000000083e00000| Untracked 
|  63|0x0000000083f00000, 0x0000000084000000, 0x0000000084000000|100%| O|  |TAMS 0x0000000084000000, 0x0000000083f00000| Untracked 
|  64|0x0000000084000000, 0x0000000084100000, 0x0000000084100000|100%|HS|  |TAMS 0x0000000084100000, 0x0000000084000000| Complete 
|  65|0x0000000084100000, 0x0000000084200000, 0x0000000084200000|100%| O|  |TAMS 0x0000000084200000, 0x0000000084100000| Untracked 
|  66|0x0000000084200000, 0x0000000084300000, 0x0000000084300000|100%| O|  |TAMS 0x0000000084300000, 0x0000000084200000| Untracked 
|  67|0x0000000084300000, 0x0000000084400000, 0x0000000084400000|100%| O|  |TAMS 0x0000000084400000, 0x0000000084300000| Untracked 
|  68|0x0000000084400000, 0x0000000084500000, 0x0000000084500000|100%| O|  |TAMS 0x0000000084500000, 0x0000000084400000| Untracked 
|  69|0x0000000084500000, 0x0000000084600000, 0x0000000084600000|100%| O|  |TAMS 0x0000000084600000, 0x0000000084500000| Untracked 
|  70|0x0000000084600000, 0x0000000084700000, 0x0000000084700000|100%| O|  |TAMS 0x0000000084700000, 0x0000000084600000| Untracked 
|  71|0x0000000084700000, 0x0000000084800000, 0x0000000084800000|100%| O|  |TAMS 0x0000000084800000, 0x0000000084700000| Untracked 
|  72|0x0000000084800000, 0x0000000084900000, 0x0000000084900000|100%| O|  |TAMS 0x0000000084900000, 0x0000000084800000| Untracked 
|  73|0x0000000084900000, 0x0000000084a00000, 0x0000000084a00000|100%| O|  |TAMS 0x0000000084a00000, 0x0000000084900000| Untracked 
|  74|0x0000000084a00000, 0x0000000084b00000, 0x0000000084b00000|100%| O|  |TAMS 0x0000000084b00000, 0x0000000084a00000| Untracked 
|  75|0x0000000084b00000, 0x0000000084c00000, 0x0000000084c00000|100%| O|  |TAMS 0x0000000084c00000, 0x0000000084b00000| Untracked 
|  76|0x0000000084c00000, 0x0000000084d00000, 0x0000000084d00000|100%| O|  |TAMS 0x0000000084d00000, 0x0000000084c00000| Untracked 
|  77|0x0000000084d00000, 0x0000000084e00000, 0x0000000084e00000|100%| O|  |TAMS 0x0000000084e00000, 0x0000000084d00000| Untracked 
|  78|0x0000000084e00000, 0x0000000084f00000, 0x0000000084f00000|100%| O|  |TAMS 0x0000000084f00000, 0x0000000084e00000| Untracked 
|  79|0x0000000084f00000, 0x0000000085000000, 0x0000000085000000|100%| O|  |TAMS 0x0000000085000000, 0x0000000084f00000| Untracked 
|  80|0x0000000085000000, 0x0000000085100000, 0x0000000085100000|100%| O|  |TAMS 0x0000000085100000, 0x0000000085000000| Untracked 
|  81|0x0000000085100000, 0x0000000085200000, 0x0000000085200000|100%| O|  |TAMS 0x0000000085200000, 0x0000000085100000| Untracked 
|  82|0x0000000085200000, 0x0000000085300000, 0x0000000085300000|100%| O|  |TAMS 0x0000000085300000, 0x0000000085200000| Untracked 
|  83|0x0000000085300000, 0x0000000085400000, 0x0000000085400000|100%| O|  |TAMS 0x000000008533ee00, 0x0000000085300000| Untracked 
|  84|0x0000000085400000, 0x0000000085500000, 0x0000000085500000|100%| O|  |TAMS 0x0000000085400000, 0x0000000085400000| Untracked 
|  85|0x0000000085500000, 0x0000000085600000, 0x0000000085600000|100%| O|  |TAMS 0x0000000085500000, 0x0000000085500000| Untracked 
|  86|0x0000000085600000, 0x0000000085700000, 0x0000000085700000|100%| O|  |TAMS 0x0000000085600000, 0x0000000085600000| Untracked 
|  87|0x0000000085700000, 0x0000000085800000, 0x0000000085800000|100%| O|  |TAMS 0x0000000085700000, 0x0000000085700000| Untracked 
|  88|0x0000000085800000, 0x0000000085900000, 0x0000000085900000|100%| O|  |TAMS 0x0000000085800000, 0x0000000085800000| Untracked 
|  89|0x0000000085900000, 0x0000000085a00000, 0x0000000085a00000|100%| O|  |TAMS 0x0000000085900000, 0x0000000085900000| Untracked 
|  90|0x0000000085a00000, 0x0000000085b00000, 0x0000000085b00000|100%| O|  |TAMS 0x0000000085a00000, 0x0000000085a00000| Untracked 
|  91|0x0000000085b00000, 0x0000000085c00000, 0x0000000085c00000|100%| O|  |TAMS 0x0000000085b00000, 0x0000000085b00000| Untracked 
|  92|0x0000000085c00000, 0x0000000085d00000, 0x0000000085d00000|100%|HS|  |TAMS 0x0000000085c00000, 0x0000000085c00000| Complete 
|  93|0x0000000085d00000, 0x0000000085e00000, 0x0000000085e00000|100%|HC|  |TAMS 0x0000000085d00000, 0x0000000085d00000| Complete 
|  94|0x0000000085e00000, 0x0000000085f00000, 0x0000000085f00000|100%|HS|  |TAMS 0x0000000085e00000, 0x0000000085e00000| Complete 
|  95|0x0000000085f00000, 0x0000000086000000, 0x0000000086000000|100%|HC|  |TAMS 0x0000000085f00000, 0x0000000085f00000| Complete 
|  96|0x0000000086000000, 0x0000000086100000, 0x0000000086100000|100%|HC|  |TAMS 0x0000000086000000, 0x0000000086000000| Complete 
|  97|0x0000000086100000, 0x0000000086200000, 0x0000000086200000|100%|HC|  |TAMS 0x0000000086100000, 0x0000000086100000| Complete 
|  98|0x0000000086200000, 0x0000000086300000, 0x0000000086300000|100%|HS|  |TAMS 0x0000000086200000, 0x0000000086200000| Complete 
|  99|0x0000000086300000, 0x0000000086400000, 0x0000000086400000|100%|HS|  |TAMS 0x0000000086300000, 0x0000000086300000| Complete 
| 100|0x0000000086400000, 0x0000000086500000, 0x0000000086500000|100%|HS|  |TAMS 0x0000000086400000, 0x0000000086400000| Complete 
| 101|0x0000000086500000, 0x0000000086600000, 0x0000000086600000|100%|HS|  |TAMS 0x0000000086500000, 0x0000000086500000| Complete 
| 102|0x0000000086600000, 0x0000000086700000, 0x0000000086700000|100%|HC|  |TAMS 0x0000000086600000, 0x0000000086600000| Complete 
| 103|0x0000000086700000, 0x0000000086800000, 0x0000000086800000|100%|HC|  |TAMS 0x0000000086700000, 0x0000000086700000| Complete 
| 104|0x0000000086800000, 0x0000000086900000, 0x0000000086900000|100%|HS|  |TAMS 0x0000000086800000, 0x0000000086800000| Complete 
| 105|0x0000000086900000, 0x0000000086a00000, 0x0000000086a00000|100%|HS|  |TAMS 0x0000000086900000, 0x0000000086900000| Complete 
| 106|0x0000000086a00000, 0x0000000086b00000, 0x0000000086b00000|100%|HC|  |TAMS 0x0000000086a00000, 0x0000000086a00000| Complete 
| 107|0x0000000086b00000, 0x0000000086c00000, 0x0000000086c00000|100%| O|  |TAMS 0x0000000086b00000, 0x0000000086b00000| Untracked 
| 108|0x0000000086c00000, 0x0000000086d00000, 0x0000000086d00000|100%| O|  |TAMS 0x0000000086c00000, 0x0000000086c00000| Untracked 
| 109|0x0000000086d00000, 0x0000000086e00000, 0x0000000086e00000|100%| O|  |TAMS 0x0000000086d00000, 0x0000000086d00000| Untracked 
| 110|0x0000000086e00000, 0x0000000086f00000, 0x0000000086f00000|100%| O|  |TAMS 0x0000000086e00000, 0x0000000086e00000| Untracked 
| 111|0x0000000086f00000, 0x0000000087000000, 0x0000000087000000|100%|HS|  |TAMS 0x0000000086f00000, 0x0000000086f00000| Complete 
| 112|0x0000000087000000, 0x0000000087100000, 0x0000000087100000|100%|HC|  |TAMS 0x0000000087000000, 0x0000000087000000| Complete 
| 113|0x0000000087100000, 0x0000000087200000, 0x0000000087200000|100%| O|  |TAMS 0x0000000087100000, 0x0000000087100000| Untracked 
| 114|0x0000000087200000, 0x0000000087300000, 0x0000000087300000|100%| O|  |TAMS 0x0000000087200000, 0x0000000087200000| Untracked 
| 115|0x0000000087300000, 0x0000000087400000, 0x0000000087400000|100%| O|  |TAMS 0x0000000087300000, 0x0000000087300000| Untracked 
| 116|0x0000000087400000, 0x0000000087500000, 0x0000000087500000|100%| O|  |TAMS 0x0000000087400000, 0x0000000087400000| Untracked 
| 117|0x0000000087500000, 0x0000000087600000, 0x0000000087600000|100%| O|  |TAMS 0x0000000087500000, 0x0000000087500000| Untracked 
| 118|0x0000000087600000, 0x0000000087700000, 0x0000000087700000|100%| O|  |TAMS 0x0000000087600000, 0x0000000087600000| Untracked 
| 119|0x0000000087700000, 0x0000000087800000, 0x0000000087800000|100%| O|  |TAMS 0x0000000087700000, 0x0000000087700000| Untracked 
| 120|0x0000000087800000, 0x0000000087900000, 0x0000000087900000|100%| O|  |TAMS 0x0000000087800000, 0x0000000087800000| Untracked 
| 121|0x0000000087900000, 0x0000000087a00000, 0x0000000087a00000|100%| O|  |TAMS 0x0000000087900000, 0x0000000087900000| Untracked 
| 122|0x0000000087a00000, 0x0000000087b00000, 0x0000000087b00000|100%|HS|  |TAMS 0x0000000087a00000, 0x0000000087a00000| Complete 
| 123|0x0000000087b00000, 0x0000000087c00000, 0x0000000087c00000|100%|HC|  |TAMS 0x0000000087b00000, 0x0000000087b00000| Complete 
| 124|0x0000000087c00000, 0x0000000087d00000, 0x0000000087d00000|100%|HC|  |TAMS 0x0000000087c00000, 0x0000000087c00000| Complete 
| 125|0x0000000087d00000, 0x0000000087e00000, 0x0000000087e00000|100%|HC|  |TAMS 0x0000000087d00000, 0x0000000087d00000| Complete 
| 126|0x0000000087e00000, 0x0000000087f00000, 0x0000000087f00000|100%| O|  |TAMS 0x0000000087e00000, 0x0000000087e00000| Untracked 
| 127|0x0000000087f00000, 0x0000000088000000, 0x0000000088000000|100%| O|  |TAMS 0x0000000087f00000, 0x0000000087f00000| Untracked 
| 128|0x0000000088000000, 0x0000000088100000, 0x0000000088100000|100%| O|  |TAMS 0x0000000088000000, 0x0000000088000000| Untracked 
| 129|0x0000000088100000, 0x0000000088200000, 0x0000000088200000|100%| O|  |TAMS 0x0000000088100000, 0x0000000088100000| Untracked 
| 130|0x0000000088200000, 0x0000000088300000, 0x0000000088300000|100%| O|  |TAMS 0x0000000088200000, 0x0000000088200000| Untracked 
| 131|0x0000000088300000, 0x0000000088400000, 0x0000000088400000|100%| O|  |TAMS 0x0000000088300000, 0x0000000088300000| Untracked 
| 132|0x0000000088400000, 0x0000000088500000, 0x0000000088500000|100%| O|  |TAMS 0x0000000088400000, 0x0000000088400000| Untracked 
| 133|0x0000000088500000, 0x0000000088600000, 0x0000000088600000|100%| O|  |TAMS 0x0000000088500000, 0x0000000088500000| Untracked 
| 134|0x0000000088600000, 0x0000000088700000, 0x0000000088700000|100%| O|  |TAMS 0x0000000088600000, 0x0000000088600000| Untracked 
| 135|0x0000000088700000, 0x0000000088800000, 0x0000000088800000|100%| O|  |TAMS 0x0000000088700000, 0x0000000088700000| Untracked 
| 136|0x0000000088800000, 0x0000000088900000, 0x0000000088900000|100%| O|  |TAMS 0x0000000088800000, 0x0000000088800000| Untracked 
| 137|0x0000000088900000, 0x0000000088a00000, 0x0000000088a00000|100%| O|  |TAMS 0x0000000088900000, 0x0000000088900000| Untracked 
| 138|0x0000000088a00000, 0x0000000088b00000, 0x0000000088b00000|100%| O|  |TAMS 0x0000000088a00000, 0x0000000088a00000| Untracked 
| 139|0x0000000088b00000, 0x0000000088c00000, 0x0000000088c00000|100%| O|  |TAMS 0x0000000088b00000, 0x0000000088b00000| Untracked 
| 140|0x0000000088c00000, 0x0000000088d00000, 0x0000000088d00000|100%| O|  |TAMS 0x0000000088c00000, 0x0000000088c00000| Untracked 
| 141|0x0000000088d00000, 0x0000000088e00000, 0x0000000088e00000|100%| O|  |TAMS 0x0000000088d00000, 0x0000000088d00000| Untracked 
| 142|0x0000000088e00000, 0x0000000088f00000, 0x0000000088f00000|100%| O|  |TAMS 0x0000000088e00000, 0x0000000088e00000| Untracked 
| 143|0x0000000088f00000, 0x0000000089000000, 0x0000000089000000|100%| O|  |TAMS 0x0000000088f00000, 0x0000000088f00000| Untracked 
| 144|0x0000000089000000, 0x0000000089100000, 0x0000000089100000|100%| O|  |TAMS 0x0000000089000000, 0x0000000089000000| Untracked 
| 145|0x0000000089100000, 0x0000000089200000, 0x0000000089200000|100%| O|  |TAMS 0x0000000089100000, 0x0000000089100000| Untracked 
| 146|0x0000000089200000, 0x0000000089300000, 0x0000000089300000|100%| O|  |TAMS 0x0000000089200000, 0x0000000089200000| Untracked 
| 147|0x0000000089300000, 0x0000000089400000, 0x0000000089400000|100%| O|  |TAMS 0x0000000089300000, 0x0000000089300000| Untracked 
| 148|0x0000000089400000, 0x0000000089500000, 0x0000000089500000|100%| O|  |TAMS 0x0000000089400000, 0x0000000089400000| Untracked 
| 149|0x0000000089500000, 0x0000000089600000, 0x0000000089600000|100%| O|  |TAMS 0x0000000089500000, 0x0000000089500000| Untracked 
| 150|0x0000000089600000, 0x0000000089700000, 0x0000000089700000|100%| O|  |TAMS 0x0000000089600000, 0x0000000089600000| Untracked 
| 151|0x0000000089700000, 0x0000000089800000, 0x0000000089800000|100%| O|  |TAMS 0x0000000089700000, 0x0000000089700000| Untracked 
| 152|0x0000000089800000, 0x0000000089900000, 0x0000000089900000|100%| O|  |TAMS 0x0000000089800000, 0x0000000089800000| Untracked 
| 153|0x0000000089900000, 0x0000000089a00000, 0x0000000089a00000|100%| O|  |TAMS 0x0000000089900000, 0x0000000089900000| Untracked 
| 154|0x0000000089a00000, 0x0000000089b00000, 0x0000000089b00000|100%| O|  |TAMS 0x0000000089a00000, 0x0000000089a00000| Untracked 
| 155|0x0000000089b00000, 0x0000000089c00000, 0x0000000089c00000|100%| O|  |TAMS 0x0000000089b00000, 0x0000000089b00000| Untracked 
| 156|0x0000000089c00000, 0x0000000089d00000, 0x0000000089d00000|100%| O|  |TAMS 0x0000000089c00000, 0x0000000089c00000| Untracked 
| 157|0x0000000089d00000, 0x0000000089e00000, 0x0000000089e00000|100%| O|  |TAMS 0x0000000089d00000, 0x0000000089d00000| Untracked 
| 158|0x0000000089e00000, 0x0000000089f00000, 0x0000000089f00000|100%| O|  |TAMS 0x0000000089e00000, 0x0000000089e00000| Untracked 
| 159|0x0000000089f00000, 0x000000008a000000, 0x000000008a000000|100%| O|  |TAMS 0x0000000089f00000, 0x0000000089f00000| Untracked 
| 160|0x000000008a000000, 0x000000008a100000, 0x000000008a100000|100%| O|  |TAMS 0x000000008a000000, 0x000000008a000000| Untracked 
| 161|0x000000008a100000, 0x000000008a200000, 0x000000008a200000|100%| O|  |TAMS 0x000000008a100000, 0x000000008a100000| Untracked 
| 162|0x000000008a200000, 0x000000008a300000, 0x000000008a300000|100%| O|  |TAMS 0x000000008a200000, 0x000000008a200000| Untracked 
| 163|0x000000008a300000, 0x000000008a400000, 0x000000008a400000|100%| O|  |TAMS 0x000000008a300000, 0x000000008a300000| Untracked 
| 164|0x000000008a400000, 0x000000008a500000, 0x000000008a500000|100%| O|  |TAMS 0x000000008a400000, 0x000000008a400000| Untracked 
| 165|0x000000008a500000, 0x000000008a600000, 0x000000008a600000|100%| O|  |TAMS 0x000000008a500000, 0x000000008a500000| Untracked 
| 166|0x000000008a600000, 0x000000008a700000, 0x000000008a700000|100%| O|  |TAMS 0x000000008a600000, 0x000000008a600000| Untracked 
| 167|0x000000008a700000, 0x000000008a800000, 0x000000008a800000|100%| O|  |TAMS 0x000000008a700000, 0x000000008a700000| Untracked 
| 168|0x000000008a800000, 0x000000008a900000, 0x000000008a900000|100%| O|  |TAMS 0x000000008a800000, 0x000000008a800000| Untracked 
| 169|0x000000008a900000, 0x000000008aa00000, 0x000000008aa00000|100%| O|  |TAMS 0x000000008a900000, 0x000000008a900000| Untracked 
| 170|0x000000008aa00000, 0x000000008ab00000, 0x000000008ab00000|100%| O|  |TAMS 0x000000008aa00000, 0x000000008aa00000| Untracked 
| 171|0x000000008ab00000, 0x000000008ac00000, 0x000000008ac00000|100%| O|  |TAMS 0x000000008ab00000, 0x000000008ab00000| Untracked 
| 172|0x000000008ac00000, 0x000000008ad00000, 0x000000008ad00000|100%| O|  |TAMS 0x000000008ac00000, 0x000000008ac00000| Untracked 
| 173|0x000000008ad00000, 0x000000008ae00000, 0x000000008ae00000|100%| O|  |TAMS 0x000000008ad00000, 0x000000008ad00000| Untracked 
| 174|0x000000008ae00000, 0x000000008af00000, 0x000000008af00000|100%| O|  |TAMS 0x000000008ae00000, 0x000000008ae00000| Untracked 
| 175|0x000000008af00000, 0x000000008b000000, 0x000000008b000000|100%| O|  |TAMS 0x000000008af00000, 0x000000008af00000| Untracked 
| 176|0x000000008b000000, 0x000000008b100000, 0x000000008b100000|100%| O|  |TAMS 0x000000008b000000, 0x000000008b000000| Untracked 
| 177|0x000000008b100000, 0x000000008b200000, 0x000000008b200000|100%| O|  |TAMS 0x000000008b100000, 0x000000008b100000| Untracked 
| 178|0x000000008b200000, 0x000000008b300000, 0x000000008b300000|100%| O|  |TAMS 0x000000008b200000, 0x000000008b200000| Untracked 
| 179|0x000000008b300000, 0x000000008b400000, 0x000000008b400000|100%| O|  |TAMS 0x000000008b300000, 0x000000008b300000| Untracked 
| 180|0x000000008b400000, 0x000000008b500000, 0x000000008b500000|100%| O|  |TAMS 0x000000008b400000, 0x000000008b400000| Untracked 
| 181|0x000000008b500000, 0x000000008b600000, 0x000000008b600000|100%| O|  |TAMS 0x000000008b500000, 0x000000008b500000| Untracked 
| 182|0x000000008b600000, 0x000000008b700000, 0x000000008b700000|100%| O|  |TAMS 0x000000008b600000, 0x000000008b600000| Untracked 
| 183|0x000000008b700000, 0x000000008b800000, 0x000000008b800000|100%| O|  |TAMS 0x000000008b700000, 0x000000008b700000| Untracked 
| 184|0x000000008b800000, 0x000000008b900000, 0x000000008b900000|100%| O|  |TAMS 0x000000008b800000, 0x000000008b800000| Untracked 
| 185|0x000000008b900000, 0x000000008b949800, 0x000000008ba00000| 28%| O|  |TAMS 0x000000008b900000, 0x000000008b900000| Untracked 
| 186|0x000000008ba00000, 0x000000008ba00000, 0x000000008bb00000|  0%| F|  |TAMS 0x000000008ba00000, 0x000000008ba00000| Untracked 
| 187|0x000000008bb00000, 0x000000008bb00000, 0x000000008bc00000|  0%| F|  |TAMS 0x000000008bb00000, 0x000000008bb00000| Untracked 
| 188|0x000000008bc00000, 0x000000008bc00000, 0x000000008bd00000|  0%| F|  |TAMS 0x000000008bc00000, 0x000000008bc00000| Untracked 
| 189|0x000000008bd00000, 0x000000008bd00000, 0x000000008be00000|  0%| F|  |TAMS 0x000000008bd00000, 0x000000008bd00000| Untracked 
| 190|0x000000008be00000, 0x000000008be00000, 0x000000008bf00000|  0%| F|  |TAMS 0x000000008be00000, 0x000000008be00000| Untracked 
| 191|0x000000008bf00000, 0x000000008bf00000, 0x000000008c000000|  0%| F|  |TAMS 0x000000008bf00000, 0x000000008bf00000| Untracked 
| 192|0x000000008c000000, 0x000000008c000000, 0x000000008c100000|  0%| F|  |TAMS 0x000000008c000000, 0x000000008c000000| Untracked 
| 193|0x000000008c100000, 0x000000008c100000, 0x000000008c200000|  0%| F|  |TAMS 0x000000008c100000, 0x000000008c100000| Untracked 
| 194|0x000000008c200000, 0x000000008c200000, 0x000000008c300000|  0%| F|  |TAMS 0x000000008c200000, 0x000000008c200000| Untracked 
| 195|0x000000008c300000, 0x000000008c300000, 0x000000008c400000|  0%| F|  |TAMS 0x000000008c300000, 0x000000008c300000| Untracked 
| 196|0x000000008c400000, 0x000000008c400000, 0x000000008c500000|  0%| F|  |TAMS 0x000000008c400000, 0x000000008c400000| Untracked 
| 197|0x000000008c500000, 0x000000008c500000, 0x000000008c600000|  0%| F|  |TAMS 0x000000008c500000, 0x000000008c500000| Untracked 
| 198|0x000000008c600000, 0x000000008c600000, 0x000000008c700000|  0%| F|  |TAMS 0x000000008c600000, 0x000000008c600000| Untracked 
| 199|0x000000008c700000, 0x000000008c700000, 0x000000008c800000|  0%| F|  |TAMS 0x000000008c700000, 0x000000008c700000| Untracked 
| 200|0x000000008c800000, 0x000000008c800000, 0x000000008c900000|  0%| F|  |TAMS 0x000000008c800000, 0x000000008c800000| Untracked 
| 201|0x000000008c900000, 0x000000008c900000, 0x000000008ca00000|  0%| F|  |TAMS 0x000000008c900000, 0x000000008c900000| Untracked 
| 202|0x000000008ca00000, 0x000000008ca00000, 0x000000008cb00000|  0%| F|  |TAMS 0x000000008ca00000, 0x000000008ca00000| Untracked 
| 203|0x000000008cb00000, 0x000000008cb00000, 0x000000008cc00000|  0%| F|  |TAMS 0x000000008cb00000, 0x000000008cb00000| Untracked 
| 204|0x000000008cc00000, 0x000000008cc00000, 0x000000008cd00000|  0%| F|  |TAMS 0x000000008cc00000, 0x000000008cc00000| Untracked 
| 205|0x000000008cd00000, 0x000000008cd00000, 0x000000008ce00000|  0%| F|  |TAMS 0x000000008cd00000, 0x000000008cd00000| Untracked 
| 206|0x000000008ce00000, 0x000000008ce00000, 0x000000008cf00000|  0%| F|  |TAMS 0x000000008ce00000, 0x000000008ce00000| Untracked 
| 207|0x000000008cf00000, 0x000000008cf00000, 0x000000008d000000|  0%| F|  |TAMS 0x000000008cf00000, 0x000000008cf00000| Untracked 
| 208|0x000000008d000000, 0x000000008d000000, 0x000000008d100000|  0%| F|  |TAMS 0x000000008d000000, 0x000000008d000000| Untracked 
| 209|0x000000008d100000, 0x000000008d100000, 0x000000008d200000|  0%| F|  |TAMS 0x000000008d100000, 0x000000008d100000| Untracked 
| 210|0x000000008d200000, 0x000000008d200000, 0x000000008d300000|  0%| F|  |TAMS 0x000000008d200000, 0x000000008d200000| Untracked 
| 211|0x000000008d300000, 0x000000008d300000, 0x000000008d400000|  0%| F|  |TAMS 0x000000008d300000, 0x000000008d300000| Untracked 
| 212|0x000000008d400000, 0x000000008d400000, 0x000000008d500000|  0%| F|  |TAMS 0x000000008d400000, 0x000000008d400000| Untracked 
| 213|0x000000008d500000, 0x000000008d500000, 0x000000008d600000|  0%| F|  |TAMS 0x000000008d500000, 0x000000008d500000| Untracked 
| 214|0x000000008d600000, 0x000000008d600000, 0x000000008d700000|  0%| F|  |TAMS 0x000000008d600000, 0x000000008d600000| Untracked 
| 215|0x000000008d700000, 0x000000008d700000, 0x000000008d800000|  0%| F|  |TAMS 0x000000008d700000, 0x000000008d700000| Untracked 
| 216|0x000000008d800000, 0x000000008d800000, 0x000000008d900000|  0%| F|  |TAMS 0x000000008d800000, 0x000000008d800000| Untracked 
| 217|0x000000008d900000, 0x000000008d900000, 0x000000008da00000|  0%| F|  |TAMS 0x000000008d900000, 0x000000008d900000| Untracked 
| 218|0x000000008da00000, 0x000000008da00000, 0x000000008db00000|  0%| F|  |TAMS 0x000000008da00000, 0x000000008da00000| Untracked 
| 219|0x000000008db00000, 0x000000008db00000, 0x000000008dc00000|  0%| F|  |TAMS 0x000000008db00000, 0x000000008db00000| Untracked 
| 220|0x000000008dc00000, 0x000000008dc00000, 0x000000008dd00000|  0%| F|  |TAMS 0x000000008dc00000, 0x000000008dc00000| Untracked 
| 221|0x000000008dd00000, 0x000000008dd00000, 0x000000008de00000|  0%| F|  |TAMS 0x000000008dd00000, 0x000000008dd00000| Untracked 
| 222|0x000000008de00000, 0x000000008de00000, 0x000000008df00000|  0%| F|  |TAMS 0x000000008de00000, 0x000000008de00000| Untracked 
| 223|0x000000008df00000, 0x000000008df00000, 0x000000008e000000|  0%| F|  |TAMS 0x000000008df00000, 0x000000008df00000| Untracked 
| 224|0x000000008e000000, 0x000000008e000000, 0x000000008e100000|  0%| F|  |TAMS 0x000000008e000000, 0x000000008e000000| Untracked 
| 225|0x000000008e100000, 0x000000008e200000, 0x000000008e200000|100%| S|CS|TAMS 0x000000008e100000, 0x000000008e100000| Complete 
| 226|0x000000008e200000, 0x000000008e300000, 0x000000008e300000|100%| S|CS|TAMS 0x000000008e200000, 0x000000008e200000| Complete 
| 227|0x000000008e300000, 0x000000008e400000, 0x000000008e400000|100%| S|CS|TAMS 0x000000008e300000, 0x000000008e300000| Complete 
| 228|0x000000008e400000, 0x000000008e500000, 0x000000008e500000|100%| S|CS|TAMS 0x000000008e400000, 0x000000008e400000| Complete 
| 229|0x000000008e500000, 0x000000008e500000, 0x000000008e600000|  0%| F|  |TAMS 0x000000008e500000, 0x000000008e500000| Untracked 
| 230|0x000000008e600000, 0x000000008e600000, 0x000000008e700000|  0%| F|  |TAMS 0x000000008e600000, 0x000000008e600000| Untracked 
| 231|0x000000008e700000, 0x000000008e700000, 0x000000008e800000|  0%| F|  |TAMS 0x000000008e700000, 0x000000008e700000| Untracked 
| 232|0x000000008e800000, 0x000000008e800000, 0x000000008e900000|  0%| F|  |TAMS 0x000000008e800000, 0x000000008e800000| Untracked 
| 233|0x000000008e900000, 0x000000008e900000, 0x000000008ea00000|  0%| F|  |TAMS 0x000000008e900000, 0x000000008e900000| Untracked 
| 234|0x000000008ea00000, 0x000000008ea00000, 0x000000008eb00000|  0%| F|  |TAMS 0x000000008ea00000, 0x000000008ea00000| Untracked 
| 235|0x000000008eb00000, 0x000000008eb00000, 0x000000008ec00000|  0%| F|  |TAMS 0x000000008eb00000, 0x000000008eb00000| Untracked 
| 236|0x000000008ec00000, 0x000000008ec00000, 0x000000008ed00000|  0%| F|  |TAMS 0x000000008ec00000, 0x000000008ec00000| Untracked 
| 237|0x000000008ed00000, 0x000000008ed00000, 0x000000008ee00000|  0%| F|  |TAMS 0x000000008ed00000, 0x000000008ed00000| Untracked 
| 238|0x000000008ee00000, 0x000000008ee00000, 0x000000008ef00000|  0%| F|  |TAMS 0x000000008ee00000, 0x000000008ee00000| Untracked 
| 239|0x000000008ef00000, 0x000000008ef00000, 0x000000008f000000|  0%| F|  |TAMS 0x000000008ef00000, 0x000000008ef00000| Untracked 
| 240|0x000000008f000000, 0x000000008f000000, 0x000000008f100000|  0%| F|  |TAMS 0x000000008f000000, 0x000000008f000000| Untracked 
| 241|0x000000008f100000, 0x000000008f100000, 0x000000008f200000|  0%| F|  |TAMS 0x000000008f100000, 0x000000008f100000| Untracked 
| 242|0x000000008f200000, 0x000000008f200000, 0x000000008f300000|  0%| F|  |TAMS 0x000000008f200000, 0x000000008f200000| Untracked 
| 243|0x000000008f300000, 0x000000008f300000, 0x000000008f400000|  0%| F|  |TAMS 0x000000008f300000, 0x000000008f300000| Untracked 
| 244|0x000000008f400000, 0x000000008f400000, 0x000000008f500000|  0%| F|  |TAMS 0x000000008f400000, 0x000000008f400000| Untracked 
| 245|0x000000008f500000, 0x000000008f500000, 0x000000008f600000|  0%| F|  |TAMS 0x000000008f500000, 0x000000008f500000| Untracked 
| 246|0x000000008f600000, 0x000000008f600000, 0x000000008f700000|  0%| F|  |TAMS 0x000000008f600000, 0x000000008f600000| Untracked 
| 247|0x000000008f700000, 0x000000008f700000, 0x000000008f800000|  0%| F|  |TAMS 0x000000008f700000, 0x000000008f700000| Untracked 
| 248|0x000000008f800000, 0x000000008f800000, 0x000000008f900000|  0%| F|  |TAMS 0x000000008f800000, 0x000000008f800000| Untracked 
| 249|0x000000008f900000, 0x000000008f900000, 0x000000008fa00000|  0%| F|  |TAMS 0x000000008f900000, 0x000000008f900000| Untracked 
| 250|0x000000008fa00000, 0x000000008fa00000, 0x000000008fb00000|  0%| F|  |TAMS 0x000000008fa00000, 0x000000008fa00000| Untracked 
| 251|0x000000008fb00000, 0x000000008fb00000, 0x000000008fc00000|  0%| F|  |TAMS 0x000000008fb00000, 0x000000008fb00000| Untracked 
| 252|0x000000008fc00000, 0x000000008fc00000, 0x000000008fd00000|  0%| F|  |TAMS 0x000000008fc00000, 0x000000008fc00000| Untracked 
| 253|0x000000008fd00000, 0x000000008fd00000, 0x000000008fe00000|  0%| F|  |TAMS 0x000000008fd00000, 0x000000008fd00000| Untracked 
| 254|0x000000008fe00000, 0x000000008fe00000, 0x000000008ff00000|  0%| F|  |TAMS 0x000000008fe00000, 0x000000008fe00000| Untracked 
| 255|0x000000008ff00000, 0x000000008ff00000, 0x0000000090000000|  0%| F|  |TAMS 0x000000008ff00000, 0x000000008ff00000| Untracked 
| 256|0x0000000090000000, 0x0000000090000000, 0x0000000090100000|  0%| F|  |TAMS 0x0000000090000000, 0x0000000090000000| Untracked 
| 257|0x0000000090100000, 0x0000000090100000, 0x0000000090200000|  0%| F|  |TAMS 0x0000000090100000, 0x0000000090100000| Untracked 
| 258|0x0000000090200000, 0x0000000090200000, 0x0000000090300000|  0%| F|  |TAMS 0x0000000090200000, 0x0000000090200000| Untracked 
| 259|0x0000000090300000, 0x0000000090300000, 0x0000000090400000|  0%| F|  |TAMS 0x0000000090300000, 0x0000000090300000| Untracked 
| 260|0x0000000090400000, 0x0000000090400000, 0x0000000090500000|  0%| F|  |TAMS 0x0000000090400000, 0x0000000090400000| Untracked 
| 261|0x0000000090500000, 0x000000009050a258, 0x0000000090600000|  3%| E|  |TAMS 0x0000000090500000, 0x0000000090500000| Complete 
| 262|0x0000000090600000, 0x0000000090700000, 0x0000000090700000|100%| E|CS|TAMS 0x0000000090600000, 0x0000000090600000| Complete 
| 263|0x0000000090700000, 0x0000000090800000, 0x0000000090800000|100%| E|CS|TAMS 0x0000000090700000, 0x0000000090700000| Complete 

Card table byte_map: [0x000001dc493b0000,0x000001dc497b0000] _byte_map_base: 0x000001dc48fb0000

Marking Bits (Prev, Next): (CMBitMap*) 0x000001dc321ecb80, (CMBitMap*) 0x000001dc321ecbc0
 Prev Bits: [0x000001dc49bb0000, 0x000001dc4bbb0000)
 Next Bits: [0x000001dc4bbb0000, 0x000001dc4dbb0000)

Polling page: 0x000001dc30120000

Metaspace:

Usage:
  Non-class:     89.59 MB used.
      Class:     14.16 MB used.
       Both:    103.75 MB used.

Virtual space:
  Non-class space:      128.00 MB reserved,      90.19 MB ( 70%) committed,  2 nodes.
      Class space:      416.00 MB reserved,      14.69 MB (  4%) committed,  1 nodes.
             Both:      544.00 MB reserved,     104.88 MB ( 19%) committed. 

Chunk freelists:
   Non-Class:  5.77 MB
       Class:  1.29 MB
        Both:  7.05 MB

MaxMetaspaceSize: 512.00 MB
CompressedClassSpaceSize: 416.00 MB
Initial GC threshold: 21.00 MB
Current GC threshold: 138.88 MB
CDS: on
MetaspaceReclaimPolicy: balanced
 - commit_granule_bytes: 65536.
 - commit_granule_words: 8192.
 - virtual_space_node_default_size: 8388608.
 - enlarge_chunks_in_place: 1.
 - new_chunks_are_fully_committed: 0.
 - uncommit_free_chunks: 1.
 - use_allocation_guard: 0.
 - handle_deallocations: 1.


Internal statistics:

num_allocs_failed_limit: 6.
num_arena_births: 1352.
num_arena_deaths: 0.
num_vsnodes_births: 3.
num_vsnodes_deaths: 0.
num_space_committed: 1678.
num_space_uncommitted: 0.
num_chunks_returned_to_freelist: 6.
num_chunks_taken_from_freelist: 5861.
num_chunk_merges: 6.
num_chunk_splits: 3821.
num_chunks_enlarged: 2479.
num_inconsistent_stats: 0.

CodeHeap 'non-profiled nmethods': size=120000Kb used=10800Kb max_used=10800Kb free=109199Kb
 bounds [0x000001dc41750000, 0x000001dc421e0000, 0x000001dc48c80000]
CodeHeap 'profiled nmethods': size=120000Kb used=28135Kb max_used=28135Kb free=91864Kb
 bounds [0x000001dc39c80000, 0x000001dc3b800000, 0x000001dc411b0000]
CodeHeap 'non-nmethods': size=5760Kb used=2458Kb max_used=2635Kb free=3301Kb
 bounds [0x000001dc411b0000, 0x000001dc41450000, 0x000001dc41750000]
 total_blobs=15112 nmethods=14109 adapters=915
 compilation: enabled
              stopped_count=0, restarted_count=0
 full_count=0

Compilation events (20 events):
Event: 69.279 Thread 0x000001dc74422200 nmethod 16250 0x000001dc421c1010 code [0x000001dc421c14e0, 0x000001dc421c65b0]
Event: 69.280 Thread 0x000001dc74422200 16262       4       java.util.concurrent.ArrayBlockingQueue::dequeue (75 bytes)
Event: 69.286 Thread 0x000001dc50737620 nmethod 16260 0x000001dc421c9990 code [0x000001dc421c9c20, 0x000001dc421cb8f0]
Event: 69.286 Thread 0x000001dc50737620 16264       4       org.gradle.internal.time.DefaultCountdownTimer::hasExpired (15 bytes)
Event: 69.289 Thread 0x000001dc50737620 nmethod 16264 0x000001dc421cc790 code [0x000001dc421cc920, 0x000001dc421ccb18]
Event: 69.289 Thread 0x000001dc50737620 16261       4       java.nio.file.attribute.FileTime::toMillis (98 bytes)
Event: 69.290 Thread 0x000001dc50737620 nmethod 16261 0x000001dc421ccd10 code [0x000001dc421cce80, 0x000001dc421ccfd8]
Event: 69.295 Thread 0x000001dc74422200 nmethod 16262 0x000001dc421cd110 code [0x000001dc421cd2c0, 0x000001dc421cdc08]
Event: 69.310 Thread 0x000001dc7441fcd0 nmethod 16263 0x000001dc421cdf90 code [0x000001dc421ce1c0, 0x000001dc421cf490]
Event: 69.361 Thread 0x000001dc7441fcd0 16265       4       java.nio.ByteBuffer::allocate (20 bytes)
Event: 69.364 Thread 0x000001dc7441fcd0 nmethod 16265 0x000001dc421d0010 code [0x000001dc421d01a0, 0x000001dc421d0458]
Event: 69.366 Thread 0x000001dc50737620 16266       4       org.gradle.cache.internal.CacheAccessWorker$1::call (10 bytes)
Event: 69.375 Thread 0x000001dc74422200 16267       4       org.gradle.internal.snapshot.FileSystemLocationSnapshot$$Lambda$430/0x000001dc5242fa60::apply (10 bytes)
Event: 69.376 Thread 0x000001dc74422200 nmethod 16267 0x000001dc421d0610 code [0x000001dc421d07a0, 0x000001dc421d08b8]
Event: 69.383 Thread 0x000001dc74422200 16268       4       java.util.AbstractCollection::remove (67 bytes)
Event: 69.424 Thread 0x000001dc7441fcd0 16269       4       org.gradle.cache.internal.CrossProcessSynchronizingCache$$Lambda$460/0x000001dc5243f888::create (12 bytes)
Event: 69.428 Thread 0x000001dc7441fcd0 nmethod 16269 0x000001dc421d0990 code [0x000001dc421d0b60, 0x000001dc421d0e78]
Event: 69.428 Thread 0x000001dc7441fcd0 16272   !   4       org.gradle.cache.internal.DefaultMultiProcessSafePersistentIndexedCache::getIfPresent (25 bytes)
Event: 69.436 Thread 0x000001dc74422200 nmethod 16268 0x000001dc421d1190 code [0x000001dc421d13a0, 0x000001dc421d28a8]
Event: 69.436 Thread 0x000001dc74422200 16271       4       org.gradle.cache.internal.CrossProcessSynchronizingCache::getIfPresent (17 bytes)

GC Heap History (20 events):
Event: 49.727 GC heap before
{Heap before GC invocations=43 (full 0):
 garbage-first heap   total 155648K, used 94593K [0x0000000080000000, 0x0000000100000000)
  region size 1024K, 7 young (7168K), 4 survivors (4096K)
 Metaspace       used 85678K, committed 86464K, reserved 557056K
  class space    used 11879K, committed 12288K, reserved 425984K
}
Event: 49.734 GC heap after
{Heap after GC invocations=44 (full 0):
 garbage-first heap   total 155648K, used 92975K [0x0000000080000000, 0x0000000100000000)
  region size 1024K, 1 young (1024K), 1 survivors (1024K)
 Metaspace       used 85678K, committed 86464K, reserved 557056K
  class space    used 11879K, committed 12288K, reserved 425984K
}
Event: 50.949 GC heap before
{Heap before GC invocations=44 (full 0):
 garbage-first heap   total 155648K, used 134959K [0x0000000080000000, 0x0000000100000000)
  region size 1024K, 36 young (36864K), 1 survivors (1024K)
 Metaspace       used 87061K, committed 87936K, reserved 557056K
  class space    used 12119K, committed 12544K, reserved 425984K
}
Event: 50.958 GC heap after
{Heap after GC invocations=45 (full 0):
 garbage-first heap   total 270336K, used 104980K [0x0000000080000000, 0x0000000100000000)
  region size 1024K, 5 young (5120K), 5 survivors (5120K)
 Metaspace       used 87061K, committed 87936K, reserved 557056K
  class space    used 12119K, committed 12544K, reserved 425984K
}
Event: 55.629 GC heap before
{Heap before GC invocations=45 (full 0):
 garbage-first heap   total 270336K, used 218644K [0x0000000080000000, 0x0000000100000000)
  region size 1024K, 108 young (110592K), 5 survivors (5120K)
 Metaspace       used 91120K, committed 92096K, reserved 557056K
  class space    used 12612K, committed 13056K, reserved 425984K
}
Event: 55.651 GC heap after
{Heap after GC invocations=46 (full 0):
 garbage-first heap   total 270336K, used 132784K [0x0000000080000000, 0x0000000100000000)
  region size 1024K, 14 young (14336K), 14 survivors (14336K)
 Metaspace       used 91120K, committed 92096K, reserved 557056K
  class space    used 12612K, committed 13056K, reserved 425984K
}
Event: 57.527 GC heap before
{Heap before GC invocations=46 (full 0):
 garbage-first heap   total 270336K, used 217776K [0x0000000080000000, 0x0000000100000000)
  region size 1024K, 90 young (92160K), 14 survivors (14336K)
 Metaspace       used 96264K, committed 97344K, reserved 557056K
  class space    used 13239K, committed 13696K, reserved 425984K
}
Event: 57.541 GC heap after
{Heap after GC invocations=47 (full 0):
 garbage-first heap   total 270336K, used 152471K [0x0000000080000000, 0x0000000100000000)
  region size 1024K, 12 young (12288K), 12 survivors (12288K)
 Metaspace       used 96264K, committed 97344K, reserved 557056K
  class space    used 13239K, committed 13696K, reserved 425984K
}
Event: 59.756 GC heap before
{Heap before GC invocations=47 (full 0):
 garbage-first heap   total 270336K, used 216983K [0x0000000080000000, 0x0000000100000000)
  region size 1024K, 75 young (76800K), 12 survivors (12288K)
 Metaspace       used 101555K, committed 102656K, reserved 557056K
  class space    used 13963K, committed 14464K, reserved 425984K
}
Event: 59.773 GC heap after
{Heap after GC invocations=48 (full 0):
 garbage-first heap   total 270336K, used 160764K [0x0000000080000000, 0x0000000100000000)
  region size 1024K, 9 young (9216K), 9 survivors (9216K)
 Metaspace       used 101555K, committed 102656K, reserved 557056K
  class space    used 13963K, committed 14464K, reserved 425984K
}
Event: 62.019 GC heap before
{Heap before GC invocations=48 (full 0):
 garbage-first heap   total 270336K, used 219132K [0x0000000080000000, 0x0000000100000000)
  region size 1024K, 66 young (67584K), 9 survivors (9216K)
 Metaspace       used 102805K, committed 103936K, reserved 557056K
  class space    used 14105K, committed 14592K, reserved 425984K
}
Event: 62.037 GC heap after
{Heap after GC invocations=49 (full 0):
 garbage-first heap   total 270336K, used 169526K [0x0000000080000000, 0x0000000100000000)
  region size 1024K, 9 young (9216K), 9 survivors (9216K)
 Metaspace       used 102805K, committed 103936K, reserved 557056K
  class space    used 14105K, committed 14592K, reserved 425984K
}
Event: 64.960 GC heap before
{Heap before GC invocations=49 (full 0):
 garbage-first heap   total 270336K, used 220726K [0x0000000080000000, 0x0000000100000000)
  region size 1024K, 59 young (60416K), 9 survivors (9216K)
 Metaspace       used 104685K, committed 105792K, reserved 557056K
  class space    used 14325K, committed 14848K, reserved 425984K
}
Event: 64.982 GC heap after
{Heap after GC invocations=50 (full 0):
 garbage-first heap   total 270336K, used 177545K [0x0000000080000000, 0x0000000100000000)
  region size 1024K, 8 young (8192K), 8 survivors (8192K)
 Metaspace       used 104685K, committed 105792K, reserved 557056K
  class space    used 14325K, committed 14848K, reserved 425984K
}
Event: 67.262 GC heap before
{Heap before GC invocations=50 (full 0):
 garbage-first heap   total 270336K, used 221577K [0x0000000080000000, 0x0000000100000000)
  region size 1024K, 52 young (53248K), 8 survivors (8192K)
 Metaspace       used 105565K, committed 106752K, reserved 557056K
  class space    used 14429K, committed 14976K, reserved 425984K
}
Event: 67.275 GC heap after
{Heap after GC invocations=51 (full 0):
 garbage-first heap   total 270336K, used 183900K [0x0000000080000000, 0x0000000100000000)
  region size 1024K, 7 young (7168K), 7 survivors (7168K)
 Metaspace       used 105565K, committed 106752K, reserved 557056K
  class space    used 14429K, committed 14976K, reserved 425984K
}
Event: 68.078 GC heap before
{Heap before GC invocations=51 (full 0):
 garbage-first heap   total 270336K, used 223836K [0x0000000080000000, 0x0000000100000000)
  region size 1024K, 47 young (48128K), 7 survivors (7168K)
 Metaspace       used 105818K, committed 107008K, reserved 557056K
  class space    used 14429K, committed 14976K, reserved 425984K
}
Event: 68.088 GC heap after
{Heap after GC invocations=52 (full 0):
 garbage-first heap   total 270336K, used 187124K [0x0000000080000000, 0x0000000100000000)
  region size 1024K, 4 young (4096K), 4 survivors (4096K)
 Metaspace       used 105818K, committed 107008K, reserved 557056K
  class space    used 14429K, committed 14976K, reserved 425984K
}
Event: 68.958 GC heap before
{Heap before GC invocations=52 (full 0):
 garbage-first heap   total 270336K, used 228084K [0x0000000080000000, 0x0000000100000000)
  region size 1024K, 44 young (45056K), 4 survivors (4096K)
 Metaspace       used 106236K, committed 107392K, reserved 557056K
  class space    used 14496K, committed 15040K, reserved 425984K
}
Event: 68.967 GC heap after
{Heap after GC invocations=53 (full 0):
 garbage-first heap   total 270336K, used 191876K [0x0000000080000000, 0x0000000100000000)
  region size 1024K, 6 young (6144K), 6 survivors (6144K)
 Metaspace       used 106236K, committed 107392K, reserved 557056K
  class space    used 14496K, committed 15040K, reserved 425984K
}

Dll operation events (12 events):
Event: 0.010 Loaded shared library C:\Program Files\Microsoft\jdk-17.0.8.7-hotspot\bin\java.dll
Event: 0.040 Loaded shared library C:\Program Files\Microsoft\jdk-17.0.8.7-hotspot\bin\jsvml.dll
Event: 0.252 Loaded shared library C:\Program Files\Microsoft\jdk-17.0.8.7-hotspot\bin\net.dll
Event: 0.259 Loaded shared library C:\Program Files\Microsoft\jdk-17.0.8.7-hotspot\bin\nio.dll
Event: 0.265 Loaded shared library C:\Program Files\Microsoft\jdk-17.0.8.7-hotspot\bin\zip.dll
Event: 0.779 Loaded shared library C:\Program Files\Microsoft\jdk-17.0.8.7-hotspot\bin\jimage.dll
Event: 1.052 Loaded shared library C:\Program Files\Microsoft\jdk-17.0.8.7-hotspot\bin\verify.dll
Event: 1.538 Loaded shared library C:\Users\ompra\.gradle\native\68d5fa5c4cc2d200863cafc0d521ce42e7d3e7ee720ec0a83991735586a16f82\windows-amd64\native-platform.dll
Event: 1.555 Loaded shared library C:\Users\ompra\.gradle\native\e376f236ea51e6404a007f0833ffe2c6e607c4080706a723a18a27aeea778392\windows-amd64\native-platform-file-events.dll
Event: 3.938 Loaded shared library C:\Program Files\Microsoft\jdk-17.0.8.7-hotspot\bin\management.dll
Event: 3.966 Loaded shared library C:\Program Files\Microsoft\jdk-17.0.8.7-hotspot\bin\management_ext.dll
Event: 6.188 Loaded shared library C:\Program Files\Microsoft\jdk-17.0.8.7-hotspot\bin\sunmscapi.dll

Deoptimization events (20 events):
Event: 68.543 Thread 0x000001dc73fb1ff0 Uncommon trap: trap_request=0xffffff76 fr.pc=0x000001dc41d82e40 relative=0x0000000000000080
Event: 68.543 Thread 0x000001dc73fb1ff0 Uncommon trap: reason=predicate action=maybe_recompile pc=0x000001dc41d82e40 method=java.util.ComparableTimSort.binarySort([Ljava/lang/Object;III)V @ 34 c2
Event: 68.543 Thread 0x000001dc73fb1ff0 DEOPT PACKING pc=0x000001dc41d82e40 sp=0x000000c0cc7fc580
Event: 68.543 Thread 0x000001dc73fb1ff0 DEOPT UNPACKING pc=0x000001dc412069a3 sp=0x000000c0cc7fc528 mode 2
Event: 68.546 Thread 0x000001dc73fb1ff0 Uncommon trap: trap_request=0xffffff76 fr.pc=0x000001dc421392e4 relative=0x0000000000000804
Event: 68.546 Thread 0x000001dc73fb1ff0 Uncommon trap: reason=predicate action=maybe_recompile pc=0x000001dc421392e4 method=sun.security.provider.DigestBase.implCompressMultiBlock0([BII)I @ 2 c2
Event: 68.546 Thread 0x000001dc73fb1ff0 DEOPT PACKING pc=0x000001dc421392e4 sp=0x000000c0cc7fc700
Event: 68.546 Thread 0x000001dc73fb1ff0 DEOPT UNPACKING pc=0x000001dc412069a3 sp=0x000000c0cc7fc5e0 mode 2
Event: 68.548 Thread 0x000001dc73fb1ff0 Uncommon trap: trap_request=0xffffffde fr.pc=0x000001dc42154de8 relative=0x00000000000032c8
Event: 68.548 Thread 0x000001dc73fb1ff0 Uncommon trap: reason=class_check action=maybe_recompile pc=0x000001dc42154de8 method=org.gradle.internal.snapshot.impl.AbstractValueProcessor.processValue(Ljava/lang/Object;Lorg/gradle/internal/snapshot/impl/AbstractValueProcessor$ValueVisitor;)Ljava/lan
Event: 68.548 Thread 0x000001dc73fb1ff0 DEOPT PACKING pc=0x000001dc42154de8 sp=0x000000c0cc7fce80
Event: 68.548 Thread 0x000001dc73fb1ff0 DEOPT UNPACKING pc=0x000001dc412069a3 sp=0x000000c0cc7fce88 mode 2
Event: 68.578 Thread 0x000001dc73fb1ff0 Uncommon trap: trap_request=0xffffffde fr.pc=0x000001dc421637c0 relative=0x0000000000000f20
Event: 68.578 Thread 0x000001dc73fb1ff0 Uncommon trap: reason=class_check action=maybe_recompile pc=0x000001dc421637c0 method=org.gradle.internal.file.FileHierarchySet$Node.contains(Ljava/lang/String;I)Z @ 55 c2
Event: 68.578 Thread 0x000001dc73fb1ff0 DEOPT PACKING pc=0x000001dc421637c0 sp=0x000000c0cc7fbbd0
Event: 68.578 Thread 0x000001dc73fb1ff0 DEOPT UNPACKING pc=0x000001dc412069a3 sp=0x000000c0cc7fbb90 mode 2
Event: 68.578 Thread 0x000001dc73fb1ff0 Uncommon trap: trap_request=0xffffffde fr.pc=0x000001dc421637c0 relative=0x0000000000000f20
Event: 68.578 Thread 0x000001dc73fb1ff0 Uncommon trap: reason=class_check action=maybe_recompile pc=0x000001dc421637c0 method=org.gradle.internal.file.FileHierarchySet$Node.contains(Ljava/lang/String;I)Z @ 55 c2
Event: 68.578 Thread 0x000001dc73fb1ff0 DEOPT PACKING pc=0x000001dc421637c0 sp=0x000000c0cc7fbbd0
Event: 68.578 Thread 0x000001dc73fb1ff0 DEOPT UNPACKING pc=0x000001dc412069a3 sp=0x000000c0cc7fbb90 mode 2

Classes unloaded (0 events):
No events

Classes redefined (0 events):
No events

Internal exceptions (20 events):
Event: 68.356 Thread 0x000001dc73fb1ff0 Exception <a 'sun/nio/fs/WindowsException'{0x000000008ff66200}> (0x000000008ff66200) 
thrown [s\src\hotspot\share\prims\jni.cpp, line 516]
Event: 68.360 Thread 0x000001dc73fb1ff0 Exception <a 'sun/nio/fs/WindowsException'{0x000000008ff7edb0}> (0x000000008ff7edb0) 
thrown [s\src\hotspot\share\prims\jni.cpp, line 516]
Event: 68.369 Thread 0x000001dc73fb1ff0 Exception <a 'sun/nio/fs/WindowsException'{0x000000008ff9d7c0}> (0x000000008ff9d7c0) 
thrown [s\src\hotspot\share\prims\jni.cpp, line 516]
Event: 68.375 Thread 0x000001dc73fb1ff0 Exception <a 'sun/nio/fs/WindowsException'{0x000000008ffabe38}> (0x000000008ffabe38) 
thrown [s\src\hotspot\share\prims\jni.cpp, line 516]
Event: 68.376 Thread 0x000001dc73fb1ff0 Exception <a 'sun/nio/fs/WindowsException'{0x000000008ffae7a8}> (0x000000008ffae7a8) 
thrown [s\src\hotspot\share\prims\jni.cpp, line 516]
Event: 68.384 Thread 0x000001dc73fb1ff0 Exception <a 'sun/nio/fs/WindowsException'{0x000000008ffc2028}> (0x000000008ffc2028) 
thrown [s\src\hotspot\share\prims\jni.cpp, line 516]
Event: 68.384 Thread 0x000001dc73fb1ff0 Exception <a 'sun/nio/fs/WindowsException'{0x000000008ffc4878}> (0x000000008ffc4878) 
thrown [s\src\hotspot\share\prims\jni.cpp, line 516]
Event: 68.391 Thread 0x000001dc73fb1ff0 Exception <a 'sun/nio/fs/WindowsException'{0x000000008ffd4638}> (0x000000008ffd4638) 
thrown [s\src\hotspot\share\prims\jni.cpp, line 516]
Event: 68.391 Thread 0x000001dc73fb1ff0 Exception <a 'sun/nio/fs/WindowsException'{0x000000008ffd6f08}> (0x000000008ffd6f08) 
thrown [s\src\hotspot\share\prims\jni.cpp, line 516]
Event: 68.409 Thread 0x000001dc73fb1ff0 Exception <a 'sun/nio/fs/WindowsException'{0x000000008fff79b8}> (0x000000008fff79b8) 
thrown [s\src\hotspot\share\prims\jni.cpp, line 516]
Event: 68.409 Thread 0x000001dc73fb1ff0 Exception <a 'sun/nio/fs/WindowsException'{0x000000008fffa068}> (0x000000008fffa068) 
thrown [s\src\hotspot\share\prims\jni.cpp, line 516]
Event: 68.417 Thread 0x000001dc73fb1ff0 Exception <a 'sun/nio/fs/WindowsException'{0x000000008fe09a30}> (0x000000008fe09a30) 
thrown [s\src\hotspot\share\prims\jni.cpp, line 516]
Event: 68.418 Thread 0x000001dc73fb1ff0 Exception <a 'sun/nio/fs/WindowsException'{0x000000008fe0c430}> (0x000000008fe0c430) 
thrown [s\src\hotspot\share\prims\jni.cpp, line 516]
Event: 68.422 Thread 0x000001dc73fb1ff0 Exception <a 'sun/nio/fs/WindowsException'{0x000000008fe1ba18}> (0x000000008fe1ba18) 
thrown [s\src\hotspot\share\prims\jni.cpp, line 516]
Event: 68.422 Thread 0x000001dc73fb1ff0 Exception <a 'sun/nio/fs/WindowsException'{0x000000008fe1e170}> (0x000000008fe1e170) 
thrown [s\src\hotspot\share\prims\jni.cpp, line 516]
Event: 68.426 Thread 0x000001dc73fb1ff0 Exception <a 'sun/nio/fs/WindowsException'{0x000000008fe30578}> (0x000000008fe30578) 
thrown [s\src\hotspot\share\prims\jni.cpp, line 516]
Event: 68.429 Thread 0x000001dc73fb1ff0 Exception <a 'sun/nio/fs/WindowsException'{0x000000008fe32b80}> (0x000000008fe32b80) 
thrown [s\src\hotspot\share\prims\jni.cpp, line 516]
Event: 68.432 Thread 0x000001dc73fb1ff0 Exception <a 'sun/nio/fs/WindowsException'{0x000000008fe352c8}> (0x000000008fe352c8) 
thrown [s\src\hotspot\share\prims\jni.cpp, line 516]
Event: 68.438 Thread 0x000001dc73fb1ff0 Exception <a 'sun/nio/fs/WindowsException'{0x000000008fe379a0}> (0x000000008fe379a0) 
thrown [s\src\hotspot\share\prims\jni.cpp, line 516]
Event: 68.545 Thread 0x000001dc73fb1ff0 Exception <a 'java/lang/NoSuchMethodError'{0x000000008fe8ab28}: static Lcom/android/build/api/variant/BuildConfigField;.<clinit>()V> (0x000000008fe8ab28) 
thrown [s\src\hotspot\share\prims\jni.cpp, line 1107]

VM Operations (20 events):
Event: 66.766 Executing VM operation: ICBufferFull
Event: 66.766 Executing VM operation: ICBufferFull done
Event: 67.262 Executing VM operation: G1CollectForAllocation
Event: 67.277 Executing VM operation: G1CollectForAllocation done
Event: 67.606 Executing VM operation: HandshakeAllThreads
Event: 67.607 Executing VM operation: HandshakeAllThreads done
Event: 67.625 Executing VM operation: ICBufferFull
Event: 67.626 Executing VM operation: ICBufferFull done
Event: 67.938 Executing VM operation: ICBufferFull
Event: 67.939 Executing VM operation: ICBufferFull done
Event: 68.078 Executing VM operation: G1CollectForAllocation
Event: 68.089 Executing VM operation: G1CollectForAllocation done
Event: 68.298 Executing VM operation: HandshakeAllThreads
Event: 68.298 Executing VM operation: HandshakeAllThreads done
Event: 68.301 Executing VM operation: HandshakeAllThreads
Event: 68.301 Executing VM operation: HandshakeAllThreads done
Event: 68.456 Executing VM operation: ICBufferFull
Event: 68.456 Executing VM operation: ICBufferFull done
Event: 68.958 Executing VM operation: G1CollectForAllocation
Event: 68.967 Executing VM operation: G1CollectForAllocation done

Events (20 events):
Event: 68.544 loading class java/io/ClassCache$CacheRef done
Event: 68.544 loading class java/io/ObjectStreamClass$FieldReflectorKey
Event: 68.544 loading class java/io/ObjectStreamClass$FieldReflectorKey done
Event: 68.544 loading class java/io/ObjectStreamClass$FieldReflector
Event: 68.544 loading class java/io/ObjectStreamClass$FieldReflector done
Event: 68.544 loading class java/io/ObjectStreamClass$1
Event: 68.545 loading class java/io/ObjectStreamClass$1 done
Event: 68.545 loading class java/io/ObjectStreamClass$MemberSignature
Event: 68.545 loading class java/io/ObjectStreamClass$MemberSignature done
Event: 68.545 loading class java/io/ObjectStreamClass$3
Event: 68.545 loading class java/io/ObjectStreamClass$3 done
Event: 68.545 loading class java/io/ObjectStreamClass$4
Event: 68.545 loading class java/io/ObjectStreamClass$4 done
Event: 68.546 loading class java/io/ObjectStreamClass$5
Event: 68.546 loading class java/io/ObjectStreamClass$5 done
Event: 68.546 loading class java/io/ObjectStreamClass$ClassDataSlot
Event: 68.546 loading class java/io/ObjectStreamClass$ClassDataSlot done
Event: 68.547 loading class jdk/internal/reflect/UnsafeQualifiedStaticLongFieldAccessorImpl
Event: 68.547 loading class jdk/internal/reflect/UnsafeQualifiedStaticLongFieldAccessorImpl done
Event: 68.663 Thread 0x000001dc74422200 Thread added: 0x000001dc74422200


Dynamic libraries:
0x00007ff7ad550000 - 0x00007ff7ad55e000 	C:\Program Files\Microsoft\jdk-17.0.8.7-hotspot\bin\java.exe
0x00007fffe6190000 - 0x00007fffe63a7000 	C:\WINDOWS\SYSTEM32\ntdll.dll
0x00007fffe5050000 - 0x00007fffe5114000 	C:\WINDOWS\System32\KERNEL32.DLL
0x00007fffe35a0000 - 0x00007fffe394d000 	C:\WINDOWS\System32\KERNELBASE.dll
0x00007fffe3b30000 - 0x00007fffe3c41000 	C:\WINDOWS\System32\ucrtbase.dll
0x00007fffb9f80000 - 0x00007fffb9f9b000 	C:\Program Files\Microsoft\jdk-17.0.8.7-hotspot\bin\VCRUNTIME140.dll
0x00007fffba070000 - 0x00007fffba087000 	C:\Program Files\Microsoft\jdk-17.0.8.7-hotspot\bin\jli.dll
0x00007fffe53c0000 - 0x00007fffe556e000 	C:\WINDOWS\System32\USER32.dll
0x00007fffbe440000 - 0x00007fffbe6d3000 	C:\WINDOWS\WinSxS\amd64_microsoft.windows.common-controls_6595b64144ccf1df_6.0.22621.3672_none_2713b9d173822955\COMCTL32.dll
0x00007fffe3cf0000 - 0x00007fffe3d16000 	C:\WINDOWS\System32\win32u.dll
0x00007fffe6120000 - 0x00007fffe6149000 	C:\WINDOWS\System32\GDI32.dll
0x00007fffe52c0000 - 0x00007fffe5367000 	C:\WINDOWS\System32\msvcrt.dll
0x00007fffe3d20000 - 0x00007fffe3e39000 	C:\WINDOWS\System32\gdi32full.dll
0x00007fffe3c50000 - 0x00007fffe3cea000 	C:\WINDOWS\System32\msvcp_win.dll
0x00007fffe51e0000 - 0x00007fffe5211000 	C:\WINDOWS\System32\IMM32.DLL
0x00007fffd9470000 - 0x00007fffd947c000 	C:\Program Files\Microsoft\jdk-17.0.8.7-hotspot\bin\vcruntime140_1.dll
0x00007fff94d60000 - 0x00007fff94ded000 	C:\Program Files\Microsoft\jdk-17.0.8.7-hotspot\bin\msvcp140.dll
0x00007fff67270000 - 0x00007fff67ed5000 	C:\Program Files\Microsoft\jdk-17.0.8.7-hotspot\bin\server\jvm.dll
0x00007fffe4f80000 - 0x00007fffe5032000 	C:\WINDOWS\System32\ADVAPI32.dll
0x00007fffe56d0000 - 0x00007fffe5779000 	C:\WINDOWS\System32\sechost.dll
0x00007fffe34b0000 - 0x00007fffe34d8000 	C:\WINDOWS\System32\bcrypt.dll
0x00007fffe4180000 - 0x00007fffe4294000 	C:\WINDOWS\System32\RPCRT4.dll
0x00007fffe2690000 - 0x00007fffe26dd000 	C:\WINDOWS\SYSTEM32\POWRPROF.dll
0x00007fff42a80000 - 0x00007fff42a89000 	C:\WINDOWS\SYSTEM32\WSOCK32.dll
0x00007fffdb4f0000 - 0x00007fffdb4fa000 	C:\WINDOWS\SYSTEM32\VERSION.dll
0x00007fffe44e0000 - 0x00007fffe4551000 	C:\WINDOWS\System32\WS2_32.dll
0x00007fffdc820000 - 0x00007fffdc854000 	C:\WINDOWS\SYSTEM32\WINMM.dll
0x00007fffe2670000 - 0x00007fffe2683000 	C:\WINDOWS\SYSTEM32\UMPDC.dll
0x00007fffe2440000 - 0x00007fffe2458000 	C:\WINDOWS\SYSTEM32\kernel.appcore.dll
0x00007fffd9420000 - 0x00007fffd942a000 	C:\Program Files\Microsoft\jdk-17.0.8.7-hotspot\bin\jimage.dll
0x00007fffd9c20000 - 0x00007fffd9e52000 	C:\WINDOWS\SYSTEM32\DBGHELP.DLL
0x00007fffe5d70000 - 0x00007fffe60fd000 	C:\WINDOWS\System32\combase.dll
0x00007fffe57e0000 - 0x00007fffe58b7000 	C:\WINDOWS\System32\OLEAUT32.dll
0x00007fffd9bc0000 - 0x00007fffd9bf2000 	C:\WINDOWS\SYSTEM32\dbgcore.DLL
0x00007fffe3e40000 - 0x00007fffe3ebb000 	C:\WINDOWS\System32\bcryptPrimitives.dll
0x00007fffba180000 - 0x00007fffba1a5000 	C:\Program Files\Microsoft\jdk-17.0.8.7-hotspot\bin\java.dll
0x00007fff8f290000 - 0x00007fff8f367000 	C:\Program Files\Microsoft\jdk-17.0.8.7-hotspot\bin\jsvml.dll
0x00007fffe4560000 - 0x00007fffe4dc7000 	C:\WINDOWS\System32\SHELL32.dll
0x00007fffe13b0000 - 0x00007fffe1cae000 	C:\WINDOWS\SYSTEM32\windows.storage.dll
0x00007fffe1270000 - 0x00007fffe13af000 	C:\WINDOWS\SYSTEM32\wintypes.dll
0x00007fffe3ec0000 - 0x00007fffe3fb9000 	C:\WINDOWS\System32\SHCORE.dll
0x00007fffe42a0000 - 0x00007fffe42fe000 	C:\WINDOWS\System32\shlwapi.dll
0x00007fffe33e0000 - 0x00007fffe3401000 	C:\WINDOWS\SYSTEM32\profapi.dll
0x00007fffba160000 - 0x00007fffba179000 	C:\Program Files\Microsoft\jdk-17.0.8.7-hotspot\bin\net.dll
0x00007fffde750000 - 0x00007fffde886000 	C:\WINDOWS\SYSTEM32\WINHTTP.dll
0x00007fffe2a00000 - 0x00007fffe2a69000 	C:\WINDOWS\system32\mswsock.dll
0x00007fffba0c0000 - 0x00007fffba0d6000 	C:\Program Files\Microsoft\jdk-17.0.8.7-hotspot\bin\nio.dll
0x00007fffb95e0000 - 0x00007fffb95f8000 	C:\Program Files\Microsoft\jdk-17.0.8.7-hotspot\bin\zip.dll
0x00007fffc13a0000 - 0x00007fffc13b0000 	C:\Program Files\Microsoft\jdk-17.0.8.7-hotspot\bin\verify.dll
0x00007fffba090000 - 0x00007fffba0b7000 	C:\Users\ompra\.gradle\native\68d5fa5c4cc2d200863cafc0d521ce42e7d3e7ee720ec0a83991735586a16f82\windows-amd64\native-platform.dll
0x00007fff91620000 - 0x00007fff91764000 	C:\Users\ompra\.gradle\native\e376f236ea51e6404a007f0833ffe2c6e607c4080706a723a18a27aeea778392\windows-amd64\native-platform-file-events.dll
0x00007fffd9450000 - 0x00007fffd9459000 	C:\Program Files\Microsoft\jdk-17.0.8.7-hotspot\bin\management.dll
0x00007fffd9440000 - 0x00007fffd944b000 	C:\Program Files\Microsoft\jdk-17.0.8.7-hotspot\bin\management_ext.dll
0x00007fffe5120000 - 0x00007fffe5128000 	C:\WINDOWS\System32\PSAPI.DLL
0x00007fffe2c20000 - 0x00007fffe2c3b000 	C:\WINDOWS\SYSTEM32\CRYPTSP.dll
0x00007fffe2400000 - 0x00007fffe2435000 	C:\WINDOWS\system32\rsaenh.dll
0x00007fffe2ac0000 - 0x00007fffe2ae8000 	C:\WINDOWS\SYSTEM32\USERENV.dll
0x00007fffe2c40000 - 0x00007fffe2c4c000 	C:\WINDOWS\SYSTEM32\CRYPTBASE.dll
0x00007fffe1f50000 - 0x00007fffe1f7d000 	C:\WINDOWS\SYSTEM32\IPHLPAPI.DLL
0x00007fffe58e0000 - 0x00007fffe58e9000 	C:\WINDOWS\System32\NSI.dll
0x00007fffde900000 - 0x00007fffde919000 	C:\WINDOWS\SYSTEM32\dhcpcsvc6.DLL
0x00007fffde8e0000 - 0x00007fffde8ff000 	C:\WINDOWS\SYSTEM32\dhcpcsvc.DLL
0x00007fffe1f80000 - 0x00007fffe2078000 	C:\WINDOWS\SYSTEM32\DNSAPI.dll
0x00007fffd9430000 - 0x00007fffd943e000 	C:\Program Files\Microsoft\jdk-17.0.8.7-hotspot\bin\sunmscapi.dll
0x00007fffe39c0000 - 0x00007fffe3b27000 	C:\WINDOWS\System32\CRYPT32.dll
0x00007fffe2e40000 - 0x00007fffe2e6e000 	C:\WINDOWS\SYSTEM32\ncrypt.dll
0x00007fffe2e00000 - 0x00007fffe2e37000 	C:\WINDOWS\SYSTEM32\NTASN1.dll
0x00007fffaa6b0000 - 0x00007fffaa6b8000 	C:\WINDOWS\system32\wshunix.dll
0x00007fffdb330000 - 0x00007fffdb33a000 	C:\Windows\System32\rasadhlp.dll
0x00007fffdbde0000 - 0x00007fffdbe63000 	C:\WINDOWS\System32\fwpuclnt.dll
0x00007fffadf90000 - 0x00007fffadfa7000 	C:\WINDOWS\system32\napinsp.dll
0x00007fffadf70000 - 0x00007fffadf8b000 	C:\WINDOWS\system32\pnrpnsp.dll
0x00007fffaa7e0000 - 0x00007fffaa7f1000 	C:\WINDOWS\System32\winrnr.dll
0x00007fffdbfa0000 - 0x00007fffdbfb5000 	C:\WINDOWS\system32\wshbth.dll
0x00007fffa7c30000 - 0x00007fffa7c57000 	C:\WINDOWS\system32\nlansp_c.dll

dbghelp: loaded successfully - version: 4.0.5 - missing functions: none
symbol engine: initialized successfully - sym options: 0x614 - pdb path: .;C:\Program Files\Microsoft\jdk-17.0.8.7-hotspot\bin;C:\WINDOWS\SYSTEM32;C:\WINDOWS\WinSxS\amd64_microsoft.windows.common-controls_6595b64144ccf1df_6.0.22621.3672_none_2713b9d173822955;C:\Program Files\Microsoft\jdk-17.0.8.7-hotspot\bin\server;C:\Users\ompra\.gradle\native\68d5fa5c4cc2d200863cafc0d521ce42e7d3e7ee720ec0a83991735586a16f82\windows-amd64;C:\Users\ompra\.gradle\native\e376f236ea51e6404a007f0833ffe2c6e607c4080706a723a18a27aeea778392\windows-amd64

VM Arguments:
jvm_args: -XX:MaxMetaspaceSize=512m --add-opens=java.base/java.util=ALL-UNNAMED --add-opens=java.base/java.lang=ALL-UNNAMED --add-opens=java.base/java.lang.invoke=ALL-UNNAMED --add-opens=java.prefs/java.util.prefs=ALL-UNNAMED --add-opens=java.base/java.nio.charset=ALL-UNNAMED --add-opens=java.base/java.net=ALL-UNNAMED --add-opens=java.base/java.util.concurrent.atomic=ALL-UNNAMED -Xmx2048m -Dfile.encoding=windows-1252 -Duser.country=US -Duser.language=en -Duser.variant 
java_command: org.gradle.launcher.daemon.bootstrap.GradleDaemon 8.0.1
java_class_path (initial): C:\Users\ompra\.gradle\wrapper\dists\gradle-8.0.1-all\aro4hu1c3oeioove7l0i4i14o\gradle-8.0.1\lib\gradle-launcher-8.0.1.jar
Launcher Type: SUN_STANDARD

[Global flags]
     intx CICompilerCount                          = 4                                         {product} {ergonomic}
   size_t CompressedClassSpaceSize                 = 436207616                                 {product} {ergonomic}
     uint ConcGCThreads                            = 2                                         {product} {ergonomic}
     uint G1ConcRefinementThreads                  = 8                                         {product} {ergonomic}
   size_t G1HeapRegionSize                         = 1048576                                   {product} {ergonomic}
    uintx GCDrainStackTargetSize                   = 64                                        {product} {ergonomic}
   size_t InitialHeapSize                          = 266338304                                 {product} {ergonomic}
   size_t MarkStackSize                            = 4194304                                   {product} {ergonomic}
   size_t MaxHeapSize                              = 2147483648                                {product} {command line}
   size_t MaxMetaspaceSize                         = 536870912                                 {product} {command line}
   size_t MaxNewSize                               = 1287651328                                {product} {ergonomic}
   size_t MinHeapDeltaBytes                        = 1048576                                   {product} {ergonomic}
   size_t MinHeapSize                              = 8388608                                   {product} {ergonomic}
    uintx NonNMethodCodeHeapSize                   = 5839372                                {pd product} {ergonomic}
    uintx NonProfiledCodeHeapSize                  = 122909434                              {pd product} {ergonomic}
    uintx ProfiledCodeHeapSize                     = 122909434                              {pd product} {ergonomic}
    uintx ReservedCodeCacheSize                    = 251658240                              {pd product} {ergonomic}
     bool SegmentedCodeCache                       = true                                      {product} {ergonomic}
   size_t SoftMaxHeapSize                          = 2147483648                             {manageable} {ergonomic}
     bool UseCompressedClassPointers               = true                           {product lp64_product} {ergonomic}
     bool UseCompressedOops                        = true                           {product lp64_product} {ergonomic}
     bool UseG1GC                                  = true                                      {product} {ergonomic}
     bool UseLargePagesIndividualAllocation        = false                                  {pd product} {ergonomic}

Logging:
Log output configuration:
 #0: stdout all=warning uptime,level,tags
 #1: stderr all=off uptime,level,tags

Environment Variables:
JAVA_HOME=C:\Program Files\Microsoft\jdk-17.0.8.7-hotspot\
CLASSPATH=C:\Users\ompra\OneDrive\Pictures\Documents\interivew app\interivewApp\android\\gradle\wrapper\gradle-wrapper.jar
PATH=C:\Users\ompra\OneDrive\Pictures\Documents\interivew app\interivewApp\node_modules\.bin;C:\Users\ompra\OneDrive\Pictures\Documents\interivew app\node_modules\.bin;C:\Users\ompra\OneDrive\Pictures\Documents\node_modules\.bin;C:\Users\ompra\OneDrive\Pictures\node_modules\.bin;C:\Users\ompra\OneDrive\node_modules\.bin;C:\Users\ompra\node_modules\.bin;C:\Users\node_modules\.bin;C:\node_modules\.bin;C:\Program Files\nodejs\node_modules\npm\node_modules\@npmcli\run-script\lib\node-gyp-bin;C:\Program Files\Microsoft\jdk-17.0.8.7-hotspot\bin;C:\Program Files\Microsoft\jdk-11.0.18.10-hotspot\bin;C:\Python310\Scripts\;C:\Python310\;C:\WINDOWS\system32;C:\WINDOWS;C:\WINDOWS\System32\Wbem;C:\WINDOWS\System32\WindowsPowerShell\v1.0\;C:\WINDOWS\System32\OpenSSH\;C:\ProgramData\chocolatey\bin;C:\Program Files\OpenJDK\openjdk-11.0.16_8\bin;C:\Users\ompra\AppData\Local\Android\Sdk\platform-tools;C:\Users\ompra\AppData\Local\Android\Sdk\platform-tools;C:\Program Files (x86)\NVIDIA Corporation\PhysX\Common;C:\Program Files\NVIDIA Corporation\NVIDIA NvDLISR;C:\Program Files\nodejs\;C:\Program Files\Git\cmd;C:\Program Files\OpenSSL-Win64\bin;C:\Users\ompra\watchman\bin;C:\Users\Default\AppData\Local\watchman\bin;C:\Program Files\dotnet\;C:\Users\ompra\AppData\Local\Microsoft\WindowsApps;C:\Users\ompra\AppData\Local\Android\Sdk\platform-tools;C:\Users\ompra\AppData\Roaming\npm;C:\Users\ompra\AppData\Local\Programs\Microsoft VS Code\bin;C:\Users\ompra\watchman\bin;C:\Program Files\OpenSSL-Win64\bin;C:\Users\Default\AppData\Local\watchman\bin;
USERNAME=ompra
LANG=en_US.UTF-8
OS=Windows_NT
PROCESSOR_IDENTIFIER=Intel64 Family 6 Model 158 Stepping 10, GenuineIntel
TMP=C:\Users\ompra\AppData\Local\Temp
TEMP=C:\Users\ompra\AppData\Local\Temp



---------------  S Y S T E M  ---------------

OS:
 Windows 11 , 64 bit Build 22621 (10.0.22621.3958)
OS uptime: 2 days 10:42 hours
Hyper-V role detected

CPU: total 8 (initial active 8) (4 cores per cpu, 2 threads per core) family 6 model 158 stepping 10 microcode 0xde, cx8, cmov, fxsr, ht, mmx, 3dnowpref, sse, sse2, sse3, ssse3, sse4.1, sse4.2, popcnt, lzcnt, tsc, tscinvbit, avx, avx2, aes, erms, clmul, bmi1, bmi2, adx, fma, vzeroupper, clflush, clflushopt, hv
Processor Information for all 8 processors :
  Max Mhz: 2400, Current Mhz: 2400, Mhz Limit: 2400

Memory: 4k page, system-wide physical 16221M (2029M free)
TotalPageFile size 27485M (AvailPageFile size 11317M)
current process WorkingSet (physical memory assigned to process): 597M, peak: 600M
current process commit charge ("private bytes"): 647M, peak: 651M

vm_info: OpenJDK 64-Bit Server VM (17.0.8+7-LTS) for windows-amd64 JRE (17.0.8+7-LTS), built on Jul  7 2023 17:21:55 by "MicrosoftCorporation" with MS VC++ 16.10 / 16.11 (VS2019)

END.
