id,title,company,location,cityNorm,postedAt,roleCategory,relevanceLevel,rnTier,rnMentionCount,rnHardRequireHits,rnOptionalHits,rnAlternativeHits,flutterMentions,rnInTitle,genericTitle,skills,seniorityLevelField,employmentType,minYearsExperience,workModeMentions,jobPosterName,jobPosterTitle,sourceQueries,dataQuality,jobUrl
4462798031,Sr Consultant,Cognizant,"Bangalore Urban, Karnataka, India",Bengaluru,2026-09-03,Cross-Platform Mobile,Medium,Not RN,0,0,0,0,5,False,True,"Accessibility, Agile/Scrum, Authentication, CI/CD, Cross-platform, Debugging, Flutter, Git, Performance Optimization, REST API, Swift, Testing (any), Xcode, iOS",Not Applicable,Full-time,,Remote/Hybrid/Onsite,,,Cross Platform Mobile Developer,,https://in.linkedin.com/jobs/view/sr-consultant-at-cognizant-4462798031
4460409077,"Mobile App Developer (ios, React)",SynapseIndia (Events),"Noida, Uttar Pradesh, India",Delhi NCR,2026-09-02,React Native,High,RN Required,5,0,0,0,3,False,False,"Android, Android Studio, App Releases, App Store / Play Store, Authentication, CI/CD, Cross-platform, Debugging, Firebase, Flutter, Git, GraphQL, JavaScript, Native Modules, React, React Native, React Navigation, Redux, Redux Toolkit, Swift, Testing (any), TypeScript, Xcode, iOS",Not Applicable,Full-time,3,not stated,,,Mobile App Developer,,https://in.linkedin.com/jobs/view/mobile-app-developer-ios-react-at-synapseindia-events-4460409077
4454653933,React Native Mobile Developer,Applied Resource Group,Greater Hyderabad Area,Hyderabad,2026-08-21,React Native,High,RN Required,8,0,2,0,0,True,False,"Agile/Scrum, Android, App Store / Play Store, Authentication, CI/CD, Context API, Cross-platform, Debugging, Expo, Firebase, Git, GraphQL, JavaScript, Jest, Kotlin, REST API, React, React Native, Redux, Swift, Testing (any), TypeScript, Zustand, iOS",Mid-Senior level,Full-time,2,not stated,,,Cross Platform Mobile Developer,,https://in.linkedin.com/jobs/view/react-native-mobile-developer-at-applied-resource-group-4454653933
4467435762,React Native Developer (Remote),Quik Hire Staffing,India,India,2026-09-15,React Native,High,RN Required,6,0,0,0,0,True,False,"Android, Context API, Cross-platform, Debugging, Git, JavaScript, REST API, React, React Native, Redux, TypeScript, iOS",Associate,Full-time,2,Remote,,,Mobile Engineer React Native,,https://in.linkedin.com/jobs/view/react-native-developer-remote-at-quik-hire-staffing-4467435762
4460463604,Software Engineer,MoxiWorks,"Pune District, Maharashtra, India",Pune,2026-09-03,React Native,High,RN Required,7,0,1,0,0,False,True,"Android, CI/CD, CSS, Debugging, Detox, Git, GitHub Actions, GraphQL, Hermes, Jest, Native Modules, New Architecture, React, React Native, React Navigation, React Testing Library, Redux, Tailwind, Testing (any), TypeScript, Xcode, Zustand, iOS",Mid-Senior level,Full-time,3,Onsite,Bhavani Kirubakaran,HR Professional,Mobile Engineer React Native,,https://in.linkedin.com/jobs/view/software-engineer-at-moxiworks-4460463604
4444010854,React Native Engineer,Infosys,"Bengaluru East, Karnataka, India",Bengaluru,2026-09-04,React Native,High,RN Required,3,1,0,0,0,True,False,"Agile/Scrum, Android, App Store / Play Store, Authentication, Cross-platform, Debugging, JavaScript, Performance Optimization, REST API, React, React Native, TypeScript, iOS",Not Applicable,Full-time,2,not stated,,,Mobile Engineer React Native,,https://in.linkedin.com/jobs/view/react-native-engineer-at-infosys-4444010854
4463240332,Staff Mobile Engineer,SPAN,"Bengaluru, Karnataka, India",Bengaluru,2026-09-08,React Native,Medium,RN Required,2,0,0,0,0,False,False,"CI/CD, React, React Native, Testing (any), TypeScript",Mid-Senior level,Full-time,11,not stated,Lakshminarayanan V,Talent Acquisition Lead @ Span.io,Mobile Engineer React Native,,https://in.linkedin.com/jobs/view/staff-mobile-engineer-at-span-4463240332
4463856035,Technical Specialist-App Development,Birlasoft,Greater Hyderabad Area,Hyderabad,2026-09-10,React / Frontend,Medium,Not RN,0,0,0,0,0,False,True,"Accessibility, CSS, JavaScript, React",Not Applicable,Full-time,,not stated,,,React Developer,,https://in.linkedin.com/jobs/view/technical-specialist-app-development-at-birlasoft-4463856035
4457954101,SDE-1 – Frontend Engineer,Yappes,"Mysuru, Karnataka, India",Mysuru,2026-08-26,React / Frontend,Medium,Not RN,0,0,0,0,0,False,False,"Authentication, CI/CD, Debugging, Git, JavaScript, Jest, Next.js, React, React Testing Library, Redux, Testing (any), TypeScript, Zustand",Mid-Senior level,Full-time,1,not stated,,,React Developer,,https://in.linkedin.com/jobs/view/sde-1-%E2%80%93-frontend-engineer-at-yappes-4457954101
4429740401,Senior Mobile Engineer,Accendra Health,India,India,2026-09-11,React Native,High,RN Required,3,0,0,1,0,False,False,"Agile/Scrum, Android, App Store / Play Store, Authentication, CI/CD, CSS, Cross-platform, Expo, Git, GraphQL, HTML, JavaScript, Next.js, Node.js, REST API, React, React Native, Tailwind, Testing (any), iOS",Not Applicable,Full-time,7,Remote/Hybrid,,,Mobile Engineer React Native,,https://in.linkedin.com/jobs/view/senior-mobile-engineer-at-accendra-health-4429740401
4417972630,Expert ReactJS Developer,Anaqua,"Hyderabad, Telangana, India",Hyderabad,2026-09-14,React / Frontend,Medium,Not RN,0,0,0,0,0,False,True,"AWS, Agile/Scrum, CI/CD, CSS, Context API, Debugging, Git, JavaScript, Performance Optimization, REST API, React, Redux, Testing (any), TypeScript, Zustand",Not Applicable,Full-time,5,not stated,,,React Developer,,https://in.linkedin.com/jobs/view/expert-reactjs-developer-at-anaqua-4417972630
4459126065,Frontend SDE-2,PW (PhysicsWallah),"Noida, Uttar Pradesh, India",Delhi NCR,2026-08-26,React / Frontend,Medium,Not RN,0,0,0,0,0,False,False,"Accessibility, Agile/Scrum, CI/CD, Context API, Debugging, Git, JavaScript, Jest, Next.js, REST API, React, React Testing Library, Redux, Testing (any), TypeScript",Mid-Senior level,Full-time,3,not stated,,,React Developer,,https://in.linkedin.com/jobs/view/frontend-sde-2-at-pw-physicswallah-4459126065
4464094452,Frontend Developer,Recrew AI,"Bangalore Urban, Karnataka, India",Bengaluru,2026-09-07,React / Frontend,Medium,Not RN,0,0,0,0,0,False,False,"Accessibility, Debugging, JavaScript, React, Redux, Redux Toolkit, Zustand",Mid-Senior level,Full-time,3,Onsite,Priya Jasmine,“Hiring the Best Minds in Tech  | Driving Success Through People”,React Developer,,https://in.linkedin.com/jobs/view/frontend-developer-at-recrew-ai-4464094452
4460955564,Senior Front-End Developer (React Developer),TransUnion,"Chennai, Tamil Nadu, India",Chennai,2026-09-02,React / Frontend,Medium,Not RN,0,0,0,0,0,False,False,"Accessibility, Agile/Scrum, CI/CD, CSS, Context API, Git, GraphQL, JavaScript, Jest, Next.js, REST API, React, React Testing Library, Redux, Redux Toolkit, Tailwind, Testing (any), TypeScript, Zustand",Not Applicable,Full-time,5,Hybrid,,,React Developer,,https://in.linkedin.com/jobs/view/senior-front-end-developer-react-developer-at-transunion-4460955564
4390908976,Senior Front End Developer,Siemens Energy,"Gurgaon, Haryana, India",Delhi NCR,2026-09-05,React Native,High,RN Strong,4,0,0,4,4,False,False,"CI/CD, CSS, Flutter, Git, GraphQL, JavaScript, Jest, React, React Native, Redux, Tailwind, Testing (any), TypeScript",Associate,Full-time,2,not stated,,,React Developer,,https://in.linkedin.com/jobs/view/senior-front-end-developer-at-siemens-energy-4390908976
4448346327,Sr. Front End Developer,Accenture in India,"Kochi, Kerala, India",Kochi,2026-09-01,React / Frontend,Medium,Not RN,0,0,0,0,0,False,False,"Accessibility, Agile/Scrum, CI/CD, CSS, Context API, Debugging, Git, HTML, JavaScript, Jest, React, Redux, Tailwind, Testing (any), TypeScript",Not Applicable,Full-time,3,not stated,,,React Developer,,https://in.linkedin.com/jobs/view/sr-front-end-developer-at-accenture-in-india-4448346327
4433462994,Reactjs Developer,Infosys,"Pune Division, Maharashtra, India",Pune,2026-08-31,React / Frontend,Medium,Not RN,0,0,0,0,0,False,True,"React, TypeScript",Not Applicable,Full-time,,not stated,,,React Developer,,https://in.linkedin.com/jobs/view/reactjs-developer-at-infosys-4433462994
4414469117,Frontend (React) Engineering Lead - AITDS,Cognizant,"Hyderabad, Telangana, India",Hyderabad,2026-08-29,React / Frontend,Medium,Not RN,0,0,0,0,0,False,False,"AWS, Authentication, CI/CD, JavaScript, React, Testing (any), TypeScript",Not Applicable,Full-time,6,not stated,,,React Developer,,https://in.linkedin.com/jobs/view/frontend-react-engineering-lead-aitds-at-cognizant-4414469117
4467176458,Frontend_React,Zensar Technologies,"Noida, Uttar Pradesh, India",Delhi NCR,2026-09-17,React / Frontend,Medium,Not RN,0,0,0,0,0,False,False,"Jest, React, React Testing Library, Redux, Testing (any)",Not Applicable,Full-time,5,not stated,,,React Developer,,https://in.linkedin.com/jobs/view/frontend-react-at-zensar-technologies-4467176458
4465407395,SDE - 2 (Frontend),Pepper,"Mumbai, Maharashtra, India",Mumbai,2026-09-12,React / Frontend,Medium,Not RN,0,0,0,0,0,False,False,"Accessibility, CSS, Context API, Debugging, Git, JavaScript, Next.js, React, Redux, Tailwind, TypeScript, Zustand",Mid-Senior level,Full-time,4,Remote,Vasudha Sharma,Talent Acquisition | Fueling Rocketship with Top Talent,React Developer,,https://in.linkedin.com/jobs/view/sde-2-frontend-at-pepper-4465407395
4461563408,UI React - Senior Engineer,Iris Software Inc.,"Noida, Uttar Pradesh, India",Delhi NCR,2026-09-01,React / Frontend,Medium,Not RN,0,0,0,0,0,False,False,"CI/CD, CSS, Debugging, HTML, JavaScript, Jest, React, Redux, Testing (any)",Not Applicable,Full-time,5,not stated,,,React Developer,,https://in.linkedin.com/jobs/view/ui-react-senior-engineer-at-iris-software-inc-4461563408
4459120403,Senior Software Engineer I (Frontend),MakeMyTrip,"Bengaluru, Karnataka, India",Bengaluru,2026-09-16,React / Frontend,Medium,Not RN,0,0,0,0,0,False,False,"Agile/Scrum, CI/CD, CSS, Git, HTML, JavaScript, Jest, REST API, React, Redux, Testing (any), TypeScript",Not Applicable,Full-time,2,not stated,,,React Developer,,https://in.linkedin.com/jobs/view/senior-software-engineer-i-frontend-at-makemytrip-4459120403
4468270025,Senior Frontend Engineer,HuntingCube,"Bengaluru East, Karnataka, India",Bengaluru,2026-09-16,React / Frontend,Medium,Not RN,0,0,0,0,0,False,False,"Agile/Scrum, CSS, Git, HTML, REST API, React, Tailwind, TypeScript",Not Applicable,Full-time,1,not stated,,,React Developer,,https://in.linkedin.com/jobs/view/senior-frontend-engineer-at-huntingcube-4468270025
4462409157,Frontend Developer,Weekday AI (YC W21),"Bengaluru, Karnataka, India",Bengaluru,2026-09-02,React / Frontend,Medium,Not RN,0,0,0,0,0,False,False,"Accessibility, Debugging, Git, JavaScript, React",Associate,Full-time,3,not stated,,,React Developer,,https://in.linkedin.com/jobs/view/frontend-developer-at-weekday-ai-yc-w21-4462409157
4457963178,Founding Frontend Engineer (ReactJS),AlgoTest (YC S22),"Delhi, Delhi, India",Delhi NCR,2026-08-26,React / Frontend,Medium,Not RN,0,0,0,0,0,False,False,"CSS, JavaScript, Next.js, REST API, React",Not Applicable,Full-time,,not stated,,,React Developer,,https://in.linkedin.com/jobs/view/founding-frontend-engineer-reactjs-at-algotest-yc-s22-4457963178
4461966225,Senior Frontend Developer,PrepLadder,"Bengaluru, Karnataka, India",Bengaluru,2026-09-04,React / Frontend,Medium,Not RN,0,0,0,0,0,False,False,"Agile/Scrum, CSS, Context API, Git, JavaScript, Next.js, REST API, React, Redux, Tailwind",Not Applicable,Full-time,2,not stated,Nainpreet Kaur,People & Talent Strategist  | Scaling Tech and Business Teams @ Unacademy,React Developer,,https://in.linkedin.com/jobs/view/senior-frontend-developer-at-prepladder-4461966225
4461913368,JR-204090 React Developer Middle,Customertimes,"Bengaluru, Karnataka, India",Bengaluru,2026-09-03,React / Frontend,Medium,Not RN,0,0,0,0,0,False,False,"Accessibility, Agile/Scrum, CI/CD, Context API, Git, GraphQL, JavaScript, Jest, REST API, React, React Testing Library, Redux, Redux Toolkit, Testing (any), TypeScript",Not Applicable,Full-time,4,not stated,,,React Developer,,https://in.linkedin.com/jobs/view/jr-204090-react-developer-middle-at-customertimes-4461913368
4451194797,Senior Frontend Developer,"Prudent Technologies and Consulting, Inc.","Hyderabad, Telangana, India",Hyderabad,2026-09-09,React / Frontend,Medium,Not RN,0,0,0,0,0,False,False,"Accessibility, JavaScript, Next.js, React, Redux, TypeScript",Mid-Senior level,Full-time,,not stated,Tejaswini Venna,"Tech Hiring Specialist - 

Dedicated to matching skilled IT talent with the right opportunities. Experienced in end-to-end recruitement. I help build…",React Developer,,https://in.linkedin.com/jobs/view/senior-frontend-developer-at-prudent-technologies-and-consulting-inc-4451194797
4463432874,Javascript Developer,Birlasoft,"Hyderabad, Telangana, India",Hyderabad,2026-09-10,React / Frontend,Medium,Not RN,0,0,0,0,0,False,False,"Accessibility, CSS, JavaScript, React",Mid-Senior level,Full-time,,not stated,,,React Developer,,https://in.linkedin.com/jobs/view/javascript-developer-at-birlasoft-4463432874
4449914624,Senior Frontend Engineer (React + Chrome Extension),TTEC Digital,"Hyderabad, Telangana, India",Hyderabad,2026-09-09,React / Frontend,Medium,Not RN,0,0,0,0,0,False,False,"Accessibility, Debugging, JavaScript, React, Testing (any), TypeScript",Not Applicable,Full-time,,Remote,,,React Developer,,https://in.linkedin.com/jobs/view/senior-frontend-engineer-react-%2B-chrome-extension-at-ttec-digital-4449914624
4461973030,Senior React Developer,P99SOFT,"Hyderabad, Telangana, India",Hyderabad,2026-09-04,React / Frontend,Medium,Not RN,0,0,0,0,0,False,False,"Agile/Scrum, CSS, Debugging, Git, JavaScript, Jest, REST API, React, React Testing Library, Redux, Tailwind, Testing (any), TypeScript",Mid-Senior level,Full-time,8,Hybrid,,,React Developer,,https://in.linkedin.com/jobs/view/senior-react-developer-at-p99soft-4461973030
4390909914,Senior Front End Developer,Siemens Energy,"Pune Division, Maharashtra, India",Pune,2026-09-05,React Native,High,RN Strong,4,0,0,4,4,False,False,"CI/CD, CSS, Flutter, Git, GraphQL, JavaScript, Jest, React, React Native, Redux, Tailwind, Testing (any), TypeScript",Not Applicable,Full-time,2,not stated,,,React Developer,,https://in.linkedin.com/jobs/view/senior-front-end-developer-at-siemens-energy-4390909914
4464300439,Senior Frontend Engineer in React,ISS Market Intelligence,Mumbai Metropolitan Region,Mumbai Metropolitan,2026-09-07,React Native,Medium,RN Optional,2,0,2,0,0,False,False,"Accessibility, Agile/Scrum, CI/CD, Cross-platform, Debugging, Git, GitHub Actions, GraphQL, JavaScript, Jenkins, Jest, React, React Native, React Testing Library, Redux, Testing (any), TypeScript",Mid-Senior level,Full-time,3,not stated,Rohit Gosai,Talent Acquisition Professional | ISS STOXX | EX Hathway - Reliance Jio company,React Developer,,https://in.linkedin.com/jobs/view/senior-frontend-engineer-in-react-at-iss-market-intelligence-4464300439
4457145138,React + Next.js developer,Recro,"Bengaluru, Karnataka, India",Bengaluru,2026-08-24,React / Frontend,Medium,Not RN,0,0,0,0,0,False,False,"CSS, Context API, HTML, JavaScript, Next.js, React, Redux, TypeScript",Mid-Senior level,Full-time,3,Onsite,,,React Developer,,https://in.linkedin.com/jobs/view/react-%2B-next-js-developer-at-recro-4457145138
4461880487,Senior Frontend Engineer I - Confluent,IBM,"Bengaluru, Karnataka, India",Bengaluru,2026-09-07,React / Frontend,Medium,Not RN,0,0,0,0,0,False,False,"GraphQL, JavaScript, Jest, React, Testing (any), TypeScript",Mid-Senior level,Full-time,,not stated,,,React Developer,,https://in.linkedin.com/jobs/view/senior-frontend-engineer-i-confluent-at-ibm-4461880487
4466176977,React Developer,Recro,"Bengaluru, Karnataka, India",Bengaluru,2026-09-15,React / Frontend,Medium,Not RN,0,0,0,0,0,False,False,"Accessibility, Agile/Scrum, CI/CD, CSS, Debugging, Git, HTML, JavaScript, Jest, REST API, React, React Testing Library, Redux, Testing (any), TypeScript",Associate,Full-time,3,not stated,,,React Developer,,https://in.linkedin.com/jobs/view/react-developer-at-recro-4466176977
4457253985,React Developer,P99SOFT,"Hyderabad, Telangana, India",Hyderabad,2026-08-26,React / Frontend,Medium,Not RN,0,0,0,0,0,False,False,"Agile/Scrum, CSS, Debugging, Git, JavaScript, Jest, Performance Optimization, REST API, React, React Testing Library, Redux, Tailwind, Testing (any), TypeScript",Mid-Senior level,Full-time,3,Hybrid,,,React Developer,,https://in.linkedin.com/jobs/view/react-developer-at-p99soft-4457253985
4467467698,Software Developer,Brainware University,"Barasat, West Bengal, India",Barasat,2026-09-15,React / Frontend,Medium,Not RN,0,0,0,0,0,False,True,"Context API, Git, JavaScript, REST API, React, Redux",Mid-Senior level,Full-time,2,Onsite,Hritika Das,People Operations | Ex-PO at Federal Bank | Stakeholder Management | Recruitment | MSW,React Developer,,https://in.linkedin.com/jobs/view/software-developer-at-brainware-university-4467467698
4466555582,Frontend Developer,Space Inventive,"Hyderabad, Telangana, India",Hyderabad,2026-09-15,React / Frontend,Medium,Not RN,0,0,0,0,0,False,False,"AWS, Accessibility, Authentication, JavaScript, Next.js, REST API, React, TypeScript",Mid-Senior level,Full-time,4,not stated,Sai Gowtham Paipuri,"Talent Matchmaker for AI/ML & Technology Talent | Bridging People, Skills & Business Needs | Enhancing Employee Experience & Operational Excellence",React Developer,,https://in.linkedin.com/jobs/view/frontend-developer-at-space-inventive-4466555582
4466842582,"Senior Frontend Developer, Ahmedabad GUJ",Trelleborg Sealing Solutions,Greater Ahmedabad Area,Ahmedabad,2026-09-16,React / Frontend,Medium,Not RN,0,0,0,0,0,False,False,"AWS, CI/CD, Debugging, Jest, REST API, React, React Testing Library, Testing (any), TypeScript",Not Applicable,Full-time,,not stated,,,React Developer,,https://in.linkedin.com/jobs/view/senior-frontend-developer-ahmedabad-guj-at-trelleborg-sealing-solutions-4466842582
4457953094,React JS Developer,InfoVision Inc.,"Pune District, Maharashtra, India",Pune,2026-08-26,React / Frontend,Medium,Not RN,0,0,0,0,0,False,False,"CI/CD, CSS, Debugging, Git, JavaScript, Next.js, REST API, React, Tailwind",Associate,Full-time,3,not stated,Shivani Soni,TA,React Developer,,https://in.linkedin.com/jobs/view/react-js-developer-at-infovision-inc-4457953094
4457251519,React JS Developer-SDE 2,Truemeds,"Bangalore Urban, Karnataka, India",Bengaluru,2026-08-26,React / Frontend,Medium,Not RN,0,0,0,0,0,False,False,"Accessibility, CSS, Debugging, Git, JavaScript, Jest, React, React Testing Library, Redux, Tailwind, Testing (any)",Mid-Senior level,Full-time,3,Hybrid,Pankaj Kumar,HR@Truemeds l TISS ODCL’25 l BITS CH’19 l JSW Steel l Parle Agro l Tata Motors l IKS Health,React Developer,,https://in.linkedin.com/jobs/view/react-js-developer-sde-2-at-truemeds-4457251519
4463876613,Senior React Developer,Ascendion,"Chennai, Tamil Nadu, India",Chennai,2026-09-09,React / Frontend,Medium,Not RN,0,0,0,0,0,False,False,"Agile/Scrum, CSS, Context API, Debugging, Git, JavaScript, Next.js, REST API, React, Redux, Tailwind",Not Applicable,Full-time,12,not stated,,,React Developer,,https://in.linkedin.com/jobs/view/senior-react-developer-at-ascendion-4463876613
4464167762,React Developer,Visdum,"Noida, Uttar Pradesh, India",Delhi NCR,2026-09-10,React / Frontend,Medium,Not RN,0,0,0,0,0,False,False,"CSS, Git, HTML, JavaScript, REST API, React, Redux, Testing (any)",Entry level,Full-time,1,not stated,Jeetesh Harjani,Sales Commission Automation | ASC 606 Automation | ENTP,React Developer,,https://in.linkedin.com/jobs/view/react-developer-at-visdum-4464167762
4465392501,Sr Associate - Frontend Development,Amgen,"Hyderabad, Telangana, India",Hyderabad,2026-09-10,React / Frontend,Medium,Not RN,0,0,0,0,0,False,False,"AWS, Agile/Scrum, CSS, Context API, Debugging, Git, HTML, JavaScript, REST API, React, Redux, Testing (any), TypeScript",Not Applicable,Full-time,4,not stated,,,React Developer,,https://in.linkedin.com/jobs/view/sr-associate-frontend-development-at-amgen-4465392501
4461365447,Frontend Engineer (React),India Health Link,"Chennai, Tamil Nadu, India",Chennai,2026-09-03,React / Frontend,Medium,Not RN,0,0,0,0,0,False,False,"AWS, Accessibility, React, TypeScript",Mid-Senior level,Full-time,3,not stated,,,React Developer,,https://in.linkedin.com/jobs/view/frontend-engineer-react-at-india-health-link-4461365447
4454181247,React.js & Next.js Developer,SwipeLoan,"Pune Division, Maharashtra, India",Pune,2026-08-26,React / Frontend,Medium,Not RN,0,0,0,0,0,False,False,"AWS, Agile/Scrum, Authentication, CI/CD, Context API, Debugging, Git, GraphQL, JavaScript, Jest, Next.js, React, React Testing Library, Redux, Redux Toolkit, Testing (any), TypeScript, Zustand",Entry level,Full-time,4,not stated,,,React Developer,,https://in.linkedin.com/jobs/view/react-js-next-js-developer-at-swipeloan-4454181247
4462196167,React.js Developer,Cloudesign,Mumbai Metropolitan Region,Mumbai Metropolitan,2026-09-02,React Native,Medium,RN Optional,1,0,1,0,0,False,False,"AWS, Accessibility, CI/CD, CSS, HTML, JavaScript, Jest, MobX, Next.js, Node.js, React, React Native, Redux, Redux Toolkit, Tailwind, Testing (any), TypeScript",Not Applicable,Full-time,5,not stated,,,React Developer,,https://in.linkedin.com/jobs/view/react-js-developer-at-cloudesign-4462196167
4463515246,Senior Web UI Developer - React - Hyderabad - India,Globant,"Telangana, India",Telangana,2026-09-08,React / Frontend,Medium,Not RN,0,0,0,0,0,False,False,"CSS, HTML, JavaScript, React",Not Applicable,Full-time,,not stated,,,React Developer,,https://in.linkedin.com/jobs/view/senior-web-ui-developer-react-hyderabad-india-at-globant-4463515246
4460865482,React Developer,BiCSoM,Greater Bengaluru Area,Bengaluru,2026-08-29,React / Frontend,Medium,Not RN,0,0,0,0,0,False,False,"CSS, Git, Jest, Next.js, React, Redux, Tailwind, Testing (any)",Not Applicable,Full-time,,Remote,,,React Developer,,https://in.linkedin.com/jobs/view/react-developer-at-bicsom-4460865482
4466549537,React Developer in Bangalore,Quest Global,"Bengaluru, Karnataka, India",Bengaluru,2026-09-15,React / Frontend,Medium,Not RN,0,0,0,0,0,False,False,"Accessibility, Agile/Scrum, Authentication, CSS, Debugging, Git, HTML, JavaScript, React, React Testing Library, Redux, Redux Toolkit, Testing (any), TypeScript",Not Applicable,Full-time,4,Remote,,,React Developer,,https://in.linkedin.com/jobs/view/react-developer-in-bangalore-at-quest-global-4466549537
4462856866,"Associate/Senior Associate, Application Developer(ReactJS Frontend Developer), Consumer Banking Group Technology",DBS Bank,Greater Hyderabad Area,Hyderabad,2026-09-03,React / Frontend,Medium,Not RN,0,0,0,0,0,False,False,"Accessibility, Android, CI/CD, CSS, Context API, Debugging, Git, JavaScript, Jenkins, Jest, React, React Testing Library, Redux, Testing (any), TypeScript, Zustand, iOS",Not Applicable,Full-time,4,Hybrid,,,React Developer,,https://in.linkedin.com/jobs/view/associate-senior-associate-application-developer-reactjs-frontend-developer-consumer-banking-group-technology-at-dbs-bank-4462856866
4443776515,"Lead I - Senior Frontend Dev (React, Typescript)",UST,"Trivandrum, Kerala, India",Trivandrum,2026-09-02,React / Frontend,Medium,Not RN,0,0,0,0,0,False,False,"Agile/Scrum, CSS, Debugging, HTML, JavaScript, Jest, Node.js, React, React Testing Library, Tailwind, Testing (any), TypeScript",Not Applicable,Full-time,4,not stated,,,React Developer,,https://in.linkedin.com/jobs/view/lead-i-senior-frontend-dev-react-typescript-at-ust-4443776515
4440100831,Senior Frontend Developer,AppZen,"Pune District, Maharashtra, India",Pune,2026-08-18,React / Frontend,Medium,Not RN,0,0,0,0,0,False,False,"Debugging, JavaScript, Jest, REST API, React, Testing (any), TypeScript",Mid-Senior level,Full-time,3,not stated,,,React Developer,,https://in.linkedin.com/jobs/view/senior-frontend-developer-at-appzen-4440100831
4461165830,Senior Web UI Developer - React,NonStop io Technologies,"Pune Division, Maharashtra, India",Pune,2026-09-04,React / Frontend,Medium,Not RN,0,0,0,0,0,False,False,"Agile/Scrum, Authentication, CSS, Context API, Debugging, Git, HTML, JavaScript, MobX, Node.js, REST API, React, Redux, Testing (any), TypeScript",Mid-Senior level,Full-time,,not stated,,,React Developer,,https://in.linkedin.com/jobs/view/senior-web-ui-developer-react-at-nonstop-io-technologies-4461165830
4463961302,Sr React Developer/ React Developer,Punon Technologies Pvt Ltd.,"Mumbai, Maharashtra, India",Mumbai,2026-09-11,React / Frontend,Medium,Not RN,0,0,0,0,0,False,False,"CI/CD, Git, JavaScript, Jest, React, React Testing Library, Redux, Redux Toolkit, Testing (any), TypeScript",Mid-Senior level,Full-time,3,not stated,,,React Developer,,https://in.linkedin.com/jobs/view/sr-react-developer-react-developer-at-punon-technologies-pvt-ltd-4463961302
4463505405,Frontend Developer,MathCo,"Bengaluru, Karnataka, India",Bengaluru,2026-09-08,React / Frontend,Medium,Not RN,0,0,0,0,0,False,False,"Authentication, Context API, Debugging, Git, Jest, Performance Optimization, REST API, React, React Testing Library, Redux, Testing (any), TypeScript",Mid-Senior level,Full-time,2,not stated,,,React Developer,,https://in.linkedin.com/jobs/view/frontend-developer-at-mathco-4463505405
4466840646,React Developer,Scoutit,"Bengaluru, Karnataka, India",Bengaluru,2026-09-16,React / Frontend,Medium,Not RN,0,0,0,0,0,False,False,"Authentication, JavaScript, REST API, React, Redux",Associate,Full-time,,not stated,,,React Developer,,https://in.linkedin.com/jobs/view/react-developer-at-scoutit-4466840646
4463271056,React JS Developer,Tata Consultancy Services,"Bengaluru, Karnataka, India",Bengaluru,2026-09-08,React / Frontend,Medium,Not RN,0,0,0,0,0,False,False,"AWS, Agile/Scrum, CI/CD, Context API, Git, GraphQL, JavaScript, Jest, React, React Testing Library, Redux, Testing (any)",Mid-Senior level,Full-time,6,not stated,David Raja,Human Resources Recruiter @ Tata Consultancy Services | MBA,React Developer,,https://in.linkedin.com/jobs/view/react-js-developer-at-tata-consultancy-services-4463271056
4464475009,React Developer,SAS,"Pune Division, Maharashtra, India",Pune,2026-09-08,React / Frontend,Medium,Not RN,0,0,0,0,0,False,False,"Agile/Scrum, JavaScript, React, Testing (any), TypeScript",Mid-Senior level,Full-time,2,Remote,,,React Developer,,https://in.linkedin.com/jobs/view/react-developer-at-sas-4464475009
4463871281,React JS developer,Crisil,"Pune Division, Maharashtra, India",Pune,2026-09-09,React / Frontend,Medium,Not RN,0,0,0,0,0,False,False,"Agile/Scrum, HTML, JavaScript, React, Testing (any)",Not Applicable,Full-time,6,not stated,,,React Developer,,https://in.linkedin.com/jobs/view/react-js-developer-at-crisil-4463871281
4463872140,React JS developer,Crisil,"Gurugram, Haryana, India",Delhi NCR,2026-09-09,React / Frontend,Medium,Not RN,0,0,0,0,0,False,False,"Agile/Scrum, HTML, JavaScript, React, Testing (any)",Not Applicable,Full-time,6,not stated,,,React Developer,,https://in.linkedin.com/jobs/view/react-js-developer-at-crisil-4463872140
4455635202,React Developer,TEKsystems,"Bengaluru, Karnataka, India",Bengaluru,2026-08-20,React / Frontend,Medium,Not RN,0,0,0,0,0,False,False,"Context API, Debugging, Git, JavaScript, REST API, React, Redux",Mid-Senior level,Full-time,3,Hybrid,,,React Developer,,https://in.linkedin.com/jobs/view/react-developer-at-teksystems-4455635202
4455026730,Senior React.js Frontend Engineer,Enterprise Bot,"Bengaluru, Karnataka, India",Bengaluru,2026-08-22,React / Frontend,Medium,Not RN,0,0,0,0,0,False,False,"AWS, Accessibility, Agile/Scrum, Authentication, CI/CD, CSS, Context API, Debugging, Git, GraphQL, JavaScript, Jest, Next.js, REST API, React, React Testing Library, Redux, Redux Toolkit, Tailwind, Testing (any), TypeScript, Zustand",Associate,Full-time,3,not stated,,,React Developer,,https://in.linkedin.com/jobs/view/senior-react-js-frontend-engineer-at-enterprise-bot-4455026730
4463594064,React JS Developer,LOGICWIND,"Surat, Gujarat, India",Surat,2026-09-09,React / Frontend,Medium,Not RN,0,0,0,0,0,False,False,"Debugging, JavaScript, REST API, React, Redux",Entry level,Full-time,3,not stated,,,React Developer,,https://in.linkedin.com/jobs/view/react-js-developer-at-logicwind-4463594064
4459198046,ReactJS Developer,Cloudesign,"Mumbai, Maharashtra, India",Mumbai,2026-08-26,React Native,Medium,RN Optional,1,0,1,0,0,False,True,"AWS, Accessibility, CI/CD, CSS, HTML, JavaScript, Jest, MobX, Next.js, Node.js, React, React Native, Redux, Redux Toolkit, Tailwind, Testing (any), TypeScript",Not Applicable,Full-time,3,not stated,,,React Developer,,https://in.linkedin.com/jobs/view/reactjs-developer-at-cloudesign-4459198046
4448573132,Senior Frontend Developer,IDFC FIRST Bank,"Chennai, Tamil Nadu, India",Chennai,2026-08-26,React Native,Medium,RN Required,2,1,0,0,1,False,False,"Android, App Store / Play Store, Cross-platform, Debugging, Flutter, Git, JavaScript, React, React Native, TypeScript, iOS",Not Applicable,Full-time,,not stated,,,Mobile Engineer React Native,,https://in.linkedin.com/jobs/view/senior-frontend-developer-at-idfc-first-bank-4448573132
4463235621,React Native Developer (iOS & Web),Mphasis,"Mumbai, Maharashtra, India",Mumbai,2026-09-08,React Native,High,RN Required,7,3,2,0,0,True,False,"AWS, Agile/Scrum, CI/CD, Debugging, Git, GraphQL, JavaScript, Node.js, REST API, React, React Native, iOS",Mid-Senior level,Full-time,5,not stated,Sindhuja Reddy Gangi,Talent Acquisition Specialist at Mphasis,Mobile Engineer React Native,,https://in.linkedin.com/jobs/view/react-native-developer-ios-web-at-mphasis-4463235621
4448338120,Application Developer,Accenture in India,"Bengaluru, Karnataka, India",Bengaluru,2026-09-01,React Native,High,RN Required,3,1,1,0,0,False,False,"Git, JavaScript, REST API, React, React Native",Not Applicable,Full-time,3,not stated,,,Mobile Engineer React Native,,https://in.linkedin.com/jobs/view/application-developer-at-accenture-in-india-4448338120
4463591887,Senior React Developer,sa.global,"Bengaluru, Karnataka, India",Bengaluru,2026-09-09,React / Frontend,Medium,Not RN,0,0,0,0,0,False,False,"AWS, Accessibility, Agile/Scrum, App Releases, CI/CD, CSS, Git, HTML, JavaScript, Next.js, Node.js, REST API, React, Redux, Testing (any), TypeScript, Zustand",Not Applicable,Full-time,,not stated,,,React Developer,,https://in.linkedin.com/jobs/view/senior-react-developer-at-sa-global-4463591887
4465250133,Frontend SDE 2/3,Weekday (YC W21),"Bengaluru, Karnataka, India",Bengaluru,2026-09-14,React Native,Medium,RN Required,2,2,1,0,0,False,False,"Android, CI/CD, JavaScript, Offline Storage, Performance Optimization, React, React Native, TypeScript, iOS",Not Applicable,Full-time,2,Onsite,,,Mobile Engineer React Native,,https://in.linkedin.com/jobs/view/frontend-sde-2-3-at-weekday-yc-w21-4465250133
4460295359,Reactjs Developer,Thinkwik,"Ahmedabad, Gujarat, India",Ahmedabad,2026-09-02,React / Frontend,Medium,Not RN,0,0,0,0,0,False,True,"CI/CD, Context API, GraphQL, Jest, Next.js, React, React Testing Library, Tailwind, Testing (any), TypeScript",Entry level,Full-time,2,not stated,,,React Developer,,https://in.linkedin.com/jobs/view/reactjs-developer-at-thinkwik-4460295359
4466845024,React/React Native - SDE II,Versatile Club Employer of Record,India,India,2026-09-16,React Native,High,RN Required,6,0,0,0,0,True,False,"Android, App Store / Play Store, CI/CD, CSS, Debugging, Detox, Firebase, Git, GitHub Actions, JavaScript, Jest, MobX, Native Modules, Next.js, React, React Native, Recoil, Redux, Tailwind, Testing (any), TypeScript, Zustand, iOS",Associate,Full-time,3,not stated,,,Mobile Engineer React Native,,https://in.linkedin.com/jobs/view/react-react-native-sde-ii-at-versatile-club-employer-of-record-4466845024
4460228822,React Native Developer,Recro,"Bengaluru, Karnataka, India",Bengaluru,2026-09-01,React Native,High,RN Required,8,0,1,0,0,True,False,"Android, CI/CD, Debugging, Git, JavaScript, Jest, React, React Native, Redux, Testing (any), TypeScript, Zustand",Entry level,Full-time,1,Hybrid/Onsite,,,Mobile Engineer React Native,,https://in.linkedin.com/jobs/view/react-native-developer-at-recro-4460228822
4463880320,Associate Software Engineer,Trane Technologies,Pune/Pimpri-Chinchwad Area,Pune,2026-09-09,React Native,Medium,RN Required,2,0,0,0,0,False,True,"Accessibility, Agile/Scrum, JavaScript, React, React Native, Redux, TypeScript",Not Applicable,Full-time,1,Hybrid/Onsite,,,Mobile Engineer React Native,,https://in.linkedin.com/jobs/view/associate-software-engineer-at-trane-technologies-4463880320
4466336285,Senior React Native Engineer,Zeller,India,India,2026-09-11,React Native,High,RN Required,4,0,0,0,0,True,False,"AWS, Android, App Store / Play Store, CI/CD, GraphQL, React, React Native, Testing (any), TypeScript, iOS",Not Applicable,Full-time,,Remote,,,Mobile Engineer React Native,,https://in.linkedin.com/jobs/view/senior-react-native-engineer-at-zeller-4466336285
4459481003,Software Development Engineer I,OnMeta,"Bengaluru, Karnataka, India",Bengaluru,2026-08-30,React Native,Medium,RN Required,2,1,0,0,0,False,True,"Android, Android Studio, App Releases, App Store / Play Store, Authentication, CI/CD, Debugging, Firebase, Git, JavaScript, Kotlin, Native Modules, Next.js, React, React Native, Swift, Testing (any), TypeScript, Xcode, iOS",Entry level,Full-time,1,not stated,,,Mobile Engineer React Native,,https://in.linkedin.com/jobs/view/software-development-engineer-i-at-onmeta-4459481003
4460220413,React Native Developer,Diginnovators,India,India,2026-09-01,React Native,High,RN Required,6,1,0,0,2,True,False,"Android, App Store / Play Store, CI/CD, Context API, Cross-platform, Debugging, Expo, Firebase, Flutter, Git, GitHub Actions, GraphQL, Jest, Native Modules, Offline Storage, REST API, React, React Native, React Testing Library, Redux, Testing (any), TypeScript, Zustand, iOS",Associate,Full-time,2,Remote,,,Mobile Engineer React Native,,https://in.linkedin.com/jobs/view/react-native-developer-at-diginnovators-4460220413
4459181443,React Native Engineer,Shuru,"Bengaluru, Karnataka, India",Bengaluru,2026-08-26,React Native,High,RN Required,4,2,0,0,0,True,False,"App Store / Play Store, Authentication, Git, JavaScript, React, React Native, TypeScript",Associate,Full-time,,Remote,Simran Nair,Talent Acquisition Expert | 100+ Successful Closures | End-to-End Recruitment Specialist,Mobile Engineer React Native,,https://in.linkedin.com/jobs/view/react-native-engineer-at-shuru-4459181443
4448532738,React Native Developer,Ideagen,"Hyderabad, Telangana, India",Hyderabad,2026-08-26,React Native,High,RN Required,3,1,0,0,0,True,False,"Agile/Scrum, Android, App Store / Play Store, CI/CD, Git, JavaScript, REST API, React, React Native, Testing (any), TypeScript, iOS",Not Applicable,Full-time,2,Onsite,,,Cross Platform Mobile Developer,,https://in.linkedin.com/jobs/view/react-native-developer-at-ideagen-4448532738
4463946628,SDE-2 (React Native + Full stack),Urban Company,"Gurugram, Haryana, India",Delhi NCR,2026-09-11,React Native,High,RN Required,6,0,1,0,0,True,False,"Android, App Releases, CodePush/OTA, Cross-platform, Debugging, JavaScript, Kotlin, Next.js, Node.js, React, React Native, Swift, TypeScript, iOS",Mid-Senior level,Full-time,2,not stated,,,Mobile Engineer React Native,,https://in.linkedin.com/jobs/view/sde-2-react-native-%2B-full-stack-at-urban-company-4463946628
4374946439,React Native Developer,Skild AI,"Bengaluru, Karnataka, India",Bengaluru,2026-09-05,React Native,High,RN Required,4,0,0,0,0,True,False,"Cross-platform, JavaScript, React, React Native, TypeScript",Not Applicable,Full-time,,not stated,,,Mobile Engineer React Native,,https://in.linkedin.com/jobs/view/react-native-developer-at-skild-ai-4374946439
4466862480,React Native Engineer,Qrata,"Bengaluru, Karnataka, India",Bengaluru,2026-09-16,React Native,High,RN Required,3,1,0,0,0,True,False,"Android, Debugging, Hermes, Offline Storage, Push Notifications, React, React Native, Redux, TypeScript",Associate,Full-time,1,not stated,Prajakta Kulkarni,Founder @ Qrata | Stanford Seed Transformation Program,Mobile Engineer React Native,,https://in.linkedin.com/jobs/view/react-native-engineer-at-qrata-4466862480
4464985077,React Native Developer(Tier 1 B.tech College),Collegedunia,"Gurugram, Haryana, India",Delhi NCR,2026-09-09,React Native,High,RN Required,6,0,2,0,0,True,False,"Android, Android Studio, App Store / Play Store, CI/CD, Debugging, Expo, Firebase, Git, JavaScript, Kotlin, MobX, Native Modules, Offline Storage, REST API, React, React Native, React Navigation, Redux, Redux Toolkit, Swift, TypeScript, Xcode, iOS",Associate,Full-time,2,Remote/Onsite,Srishti Soni,"Top Recruiting Voice | Senior HR Associate – Talent Acquisition at 3dot14 | Building High-Impact Teams | Global, Leadership & Niche Hiring",Mobile Engineer React Native,,https://in.linkedin.com/jobs/view/react-native-developer-tier-1-b-tech-college-at-collegedunia-4464985077
4454980608,Software Development Engineer III,Tesco Technology,"Bengaluru, Karnataka, India",Bengaluru,2026-09-13,React Native,High,RN Required,3,0,0,0,0,False,True,"Accessibility, Agile/Scrum, Android, App Store / Play Store, Appium, CI/CD, CSS, Context API, Cross-platform, Debugging, Expo, Git, GraphQL, JSI, JavaScript, Jest, Maestro, MobX, React, React Native, Redux, Testing (any), TypeScript, Zustand, iOS",Not Applicable,Full-time,4,Hybrid,,,Cross Platform Mobile Developer,,https://in.linkedin.com/jobs/view/software-development-engineer-iii-at-tesco-technology-4454980608
4458093699,Senior React Native Engineer (Mobile) - Remote,Kake,"Hyderabad, Telangana, India",Hyderabad,2026-08-28,React Native,High,RN Required,6,0,0,0,0,True,False,"Agile/Scrum, Android, App Store / Play Store, CI/CD, CodePush/OTA, Git, Kotlin, MobX, REST API, React, React Native, Recoil, Redux, Swift, Testing (any), iOS",Mid-Senior level,Contract,5,Remote,,,Mobile Engineer React Native; React Native,,https://in.linkedin.com/jobs/view/senior-react-native-engineer-mobile-remote-at-kake-4458093699
4458788688,Frontend Engineer (Immediate joiner),Vowels of the People Association,"Pune Division, Maharashtra, India",Pune,2026-08-25,React Native,High,RN Required,13,1,2,0,0,False,False,"Android, Android Studio, App Releases, App Store / Play Store, Appium, Context API, Cross-platform, Debugging, Expo, Git, JavaScript, Native Modules, Offline Storage, Performance Optimization, REST API, React, React Native, Redux, Redux Toolkit, Testing (any), TypeScript, Xcode, iOS",Not Applicable,Full-time,3,Onsite,,,Mobile Engineer React Native,,https://in.linkedin.com/jobs/view/frontend-engineer-immediate-joiner-at-vowels-of-the-people-association-4458788688
4464873908,Senior Staff Engineer React Native Mobile App Developer,Nagarro,"Bengaluru, Karnataka, India",Bengaluru,2026-09-11,React Native,High,RN Required,8,1,0,2,0,True,False,"Accessibility, Agile/Scrum, Android, App Store / Play Store, Appium, CI/CD, CSS, Context API, Cross-platform, Debugging, Expo, Git, GraphQL, JSI, JavaScript, Jest, Maestro, MobX, React, React Native, Redux, Redux Toolkit, Testing (any), Zustand, iOS",Not Applicable,Full-time,5,not stated,,,Cross Platform Mobile Developer,,https://in.linkedin.com/jobs/view/senior-staff-engineer-react-native-mobile-app-developer-at-nagarro-4464873908
4466845776,Senior Mobile Application Engineer,VerbaFlo.AI,"Gurugram, Haryana, India",Delhi NCR,2026-09-16,React Native,Medium,RN Required,1,0,0,0,0,False,False,"Android, CI/CD, Cross-platform, Debugging, Kotlin, REST API, React, React Native, Swift, Testing (any), iOS",Mid-Senior level,Full-time,,not stated,Ankit Chauhan,Talent Acquisition @VerbaFlo.AI || B2B SaaS,Cross Platform Mobile Developer,,https://in.linkedin.com/jobs/view/senior-mobile-application-engineer-at-verbaflo-ai-4466845776
4461166690,Lead React Native Developer,Oolio,"Hyderabad, Telangana, India",Hyderabad,2026-09-04,React Native,High,RN Required,10,1,0,0,0,True,False,"Android, Android Studio, App Releases, CI/CD, Cross-platform, Debugging, Firebase, GraphQL, JavaScript, Kotlin, Performance Optimization, React, React Native, Swift, Testing (any), TypeScript, Xcode, iOS",Mid-Senior level,Full-time,8,not stated,Binayak B,"Lead – Talent Acquisition and People Partner | Building Teams, Shaping Careers & Enabling Business Growth | SaaS | HospitalityTech | Fintech | AI |…",Cross Platform Mobile Developer; React Native,,https://in.linkedin.com/jobs/view/lead-react-native-developer-at-oolio-4461166690
4467166413,Mobile Engineer - AI Finance Agent,Doit,India,India,2026-09-17,Mobile Native,Medium,Not RN,0,0,0,0,0,False,False,"Android, Git, Kotlin, Swift, iOS",Entry level,Full-time,3,Remote,,,Cross Platform Mobile Developer,,https://in.linkedin.com/jobs/view/mobile-engineer-ai-finance-agent-at-doit-4467166413
4465714756,Senior Software Engineer,Fareportal,"Gurugram, Haryana, India",Delhi NCR,2026-09-14,React Native,High,RN Required,3,1,1,0,0,False,True,"Android, Android Studio, App Store / Play Store, Appium, Authentication, CI/CD, CSS, CodePush/OTA, Cross-platform, Debugging, Detox, Fastlane, Git, GitHub Actions, GraphQL, JavaScript, Jest, Kotlin, MobX, Native Modules, REST API, React, React Native, Redux, Redux Toolkit, Swift, Tailwind, Testing (any), TypeScript, Xcode, iOS",Entry level,Full-time,3,not stated,Alisha Kumar,Global Talent Acquisition Lead | IT Recruitment | Technical Hiring | Campus Recruiter at Fareportal,Cross Platform Mobile Developer,,https://in.linkedin.com/jobs/view/senior-software-engineer-at-fareportal-4465714756
4454980569,Software Development Engineer III,Tesco Bengaluru,"Bengaluru, Karnataka, India",Bengaluru,2026-09-13,React Native,High,RN Required,3,0,0,0,0,False,True,"Accessibility, Agile/Scrum, Android, App Store / Play Store, Appium, CI/CD, CSS, Context API, Cross-platform, Debugging, Expo, Git, GraphQL, JSI, JavaScript, Jest, Maestro, MobX, React, React Native, Redux, Testing (any), TypeScript, Zustand, iOS",Not Applicable,Full-time,4,Hybrid,,,Cross Platform Mobile Developer,,https://in.linkedin.com/jobs/view/software-development-engineer-iii-at-tesco-bengaluru-4454980569
4458892555,"Senior React Native Engineer (Expo, New Architecture)",MaxIQ,"Pune Division, Maharashtra, India",Pune,2026-08-31,React Native,High,RN Required,5,1,0,0,0,True,False,"Android, App Store / Play Store, CodePush/OTA, Debugging, Detox, Expo, Fabric, Hermes, JSI, Jest, Kotlin, Maestro, Native Modules, New Architecture, Performance Optimization, React, React Native, Swift, Testing (any), TurboModules, TypeScript, Xcode, iOS",Not Applicable,Full-time,,not stated,,,Cross Platform Mobile Developer; React Native,,https://in.linkedin.com/jobs/view/senior-react-native-engineer-expo-new-architecture-at-maxiq-4458892555
4465722088,Mobile Application Developer,True Tech Professionals,"Hyderabad, Telangana, India",Hyderabad,2026-09-14,React Native,High,RN Required,6,1,0,0,0,False,False,"Agile/Scrum, Android, App Releases, App Store / Play Store, CI/CD, Cross-platform, Debugging, Git, JavaScript, Kotlin, React, React Native, Swift, Testing (any), TypeScript, iOS",Mid-Senior level,Full-time,5,Remote/Hybrid,Shivani Sharma,IT Recruiter,Cross Platform Mobile Developer,,https://in.linkedin.com/jobs/view/mobile-application-developer-at-true-tech-professionals-4465722088
4454150888,Senior React Native developer(Android),Odyssey Cloud,India,India,2026-08-21,React Native,High,RN Required,4,0,0,0,0,True,False,"Android, Expo, Kotlin, Native Modules, React, React Native, iOS",Mid-Senior level,Full-time,,Remote,,,Cross Platform Mobile Developer,,https://in.linkedin.com/jobs/view/senior-react-native-developer-android-at-odyssey-cloud-4454150888
4463259268,SDE 3 - React Native (Credit),Groww,"Bengaluru, Karnataka, India",Bengaluru,2026-09-08,React Native,High,RN Required,8,0,0,0,0,True,False,"Android, App Store / Play Store, CI/CD, CSS, Cross-platform, Debugging, HTML, JavaScript, React, React Native, Redux, Testing (any), TypeScript, iOS",Mid-Senior level,Full-time,5,not stated,,,Cross Platform Mobile Developer,,https://in.linkedin.com/jobs/view/sde-3-react-native-credit-at-groww-4463259268
4464291575,Mobile App Developers (Fully Remote) – Top US MNC (Enterprise Software),SkillsCapital,India,India,2026-09-12,React Native,Medium,RN Required,2,1,1,0,2,False,False,"AWS, Agile/Scrum, Android, App Store / Play Store, CI/CD, Cross-platform, Debugging, Firebase, Flutter, Git, GraphQL, Kotlin, React, React Native, Swift, iOS",Entry level,Full-time,3,Remote,,,Cross Platform Mobile Developer,,https://in.linkedin.com/jobs/view/mobile-app-developers-fully-remote-%E2%80%93-top-us-mnc-enterprise-software-at-skillscapital-4464291575
4465969619,IN_Senior Associate_Sr. ReactNative Developer_AppTech_Advisory_KOLKATA (immediate joiners),PwC India,Greater Kolkata Area,Kolkata,2026-09-16,React Native,High,RN Required,7,2,2,0,0,True,True,"Android, App Releases, App Store / Play Store, CI/CD, Context API, Debugging, Git, JavaScript, Native Modules, Performance Optimization, REST API, React, React Native, Redux, Testing (any), TypeScript, iOS",Mid-Senior level,Full-time,4,not stated,,,Cross Platform Mobile Developer,,https://in.linkedin.com/jobs/view/in-senior-associate-sr-reactnative-developer-apptech-advisory-kolkata-immediate-joiners-at-pwc-india-4465969619
4434350806,Senior React Native Developer,Infosys,"Pune Division, Maharashtra, India",Pune,2026-09-03,React Native,High,RN Required,5,2,0,0,0,True,False,"Android, App Releases, App Store / Play Store, CI/CD, Cross-platform, Debugging, Firebase, GraphQL, Jest, Performance Optimization, React, React Native, Redux, Testing (any), TypeScript, iOS",Not Applicable,Full-time,9,not stated,,,Cross Platform Mobile Developer; React Native,,https://in.linkedin.com/jobs/view/senior-react-native-developer-at-infosys-4434350806
4466788639,Mobile Engineer - Remote - Immediate joiners only.,Xuman.AI,India,India,2026-09-13,React Native,Medium,RN Required,1,1,0,0,0,False,False,"Android, App Store / Play Store, CodePush/OTA, Debugging, Deep Linking, Expo, JavaScript, Kotlin, React, React Native, Swift, TypeScript, iOS",Entry level,Full-time,,Remote,,,Cross Platform Mobile Developer,,https://in.linkedin.com/jobs/view/mobile-engineer-remote-immediate-joiners-only-at-xuman-ai-4466788639
4460000168,AES - DE - MOBILITY - Cross Platform - ReactNative,Zensar Technologies,"Hyderabad, Telangana, India",Hyderabad,2026-08-31,React Native,High,RN Required,7,0,0,0,0,True,True,"AWS, Agile/Scrum, Android, App Store / Play Store, Authentication, CI/CD, Context API, Cross-platform, Debugging, Fabric, Fastlane, Firebase, Git, GraphQL, JavaScript, Kotlin, MobX, Native Modules, New Architecture, Offline Storage, React, React Native, React Navigation, Redux, Swift, Testing (any), TurboModules, TypeScript, Zustand, iOS",Not Applicable,Full-time,8,not stated,,,Cross Platform Mobile Developer,,https://in.linkedin.com/jobs/view/aes-de-mobility-cross-platform-reactnative-at-zensar-technologies-4460000168
4444001791,Software Development Engineer II,Tesco Technology,"Bengaluru, Karnataka, India",Bengaluru,2026-08-24,React Native,High,RN Strong,3,0,0,0,0,False,True,"Accessibility, Agile/Scrum, Android, Git, GraphQL, React, React Native, iOS",Not Applicable,Full-time,,Hybrid,,,Cross Platform Mobile Developer,,https://in.linkedin.com/jobs/view/software-development-engineer-ii-at-tesco-technology-4444001791
4466708201,Senior Software Engineer - React Native,Codal,"Ahmedabad, Gujarat, India",Ahmedabad,2026-09-12,React Native,High,RN Required,8,1,0,0,0,True,False,"Android, App Releases, App Store / Play Store, Authentication, CodePush/OTA, Context API, Cross-platform, Debugging, Expo, Fabric, Git, JSI, JavaScript, Kotlin, Native Modules, New Architecture, Performance Optimization, React, React Native, Redux, Redux Toolkit, Swift, TypeScript, iOS",Not Applicable,Full-time,1,Onsite,,,Cross Platform Mobile Developer,,https://in.linkedin.com/jobs/view/senior-software-engineer-react-native-at-codal-4466708201
4461899738,Mobile Application Developer,AIVI (previously known as 6thStreet),"Bengaluru, Karnataka, India",Bengaluru,2026-09-07,React Native,High,RN Required,3,2,0,0,0,False,False,"Android, App Store / Play Store, CI/CD, Context API, Debugging, Firebase, Git, Jenkins, Kotlin, MobX, REST API, React, React Native, Redux, Redux Toolkit, Swift, Testing (any), iOS",Mid-Senior level,Full-time,3,Hybrid/Onsite,,,Cross Platform Mobile Developer,,https://in.linkedin.com/jobs/view/mobile-application-developer-at-aivi-previously-known-as-6thstreet-4461899738
4444002680,Software Development Engineer II,Tesco Bengaluru,"Bengaluru, Karnataka, India",Bengaluru,2026-08-24,React Native,High,RN Strong,3,0,0,0,0,False,True,"Accessibility, Agile/Scrum, Android, Git, GraphQL, React, React Native, iOS",Not Applicable,Full-time,,Hybrid,,,Cross Platform Mobile Developer,,https://in.linkedin.com/jobs/view/software-development-engineer-ii-at-tesco-bengaluru-4444002680
4462413211,"Mobile Software Engineer, Growth & Experimentation",Everis,India,India,2026-09-02,Cross-Platform Mobile,Medium,Not RN,0,0,0,0,2,False,False,"Android, App Store / Play Store, Cross-platform, Debugging, Flutter, Testing (any), TypeScript, iOS",Not Applicable,Full-time,,Remote,,,Cross Platform Mobile Developer,,https://in.linkedin.com/jobs/view/mobile-software-engineer-growth-experimentation-at-everis-4462413211
4456313239,Senior Mobile Engineer,Recrew AI,"Bangalore Urban, Karnataka, India",Bengaluru,2026-08-19,React Native,High,RN Required,4,1,0,0,0,False,False,"Accessibility, Agile/Scrum, Android, App Releases, App Store / Play Store, CI/CD, Fastlane, Firebase, Git, GitHub Actions, Kotlin, Performance Optimization, React, React Native, Swift, Testing (any), iOS",Mid-Senior level,Full-time,5,Hybrid,Madhusudhan K,Senior Talent Acquisition | Startup Hiring Specialist | AI Tech Recruiter | AI-Native Talent Acquisition Engineer | Tech & Non-Tech Hiring,Cross Platform Mobile Developer,,https://in.linkedin.com/jobs/view/senior-mobile-engineer-at-recrew-ai-4456313239
4440429167,Software Engineer IV - React Native + Basics of Native IOS,Candescent,Greater Bengaluru Area,Bengaluru,2026-09-02,React Native,High,RN Required,8,0,0,0,0,True,False,"Agile/Scrum, Android, Android Studio, CI/CD, CSS, Cross-platform, Expo, Git, HTML, JavaScript, Jest, Kotlin, React, React Native, Redux, Swift, Testing (any), Xcode, iOS",Not Applicable,Full-time,4,Remote,,,Cross Platform Mobile Developer,,https://in.linkedin.com/jobs/view/software-engineer-iv-react-native-%2B-basics-of-native-ios-at-candescent-4440429167
4464511680,Software Development Engineer -3 (Mobile),Quince,"Bengaluru, Karnataka, India",Bengaluru,2026-09-10,React Native,High,RN Required,20,1,2,6,0,False,False,"Android, CI/CD, Debugging, Expo, Fabric, JSI, JavaScript, Native Modules, Performance Optimization, React, React Native, Testing (any), TurboModules, TypeScript, iOS",Not Applicable,Full-time,2,not stated,,,Cross Platform Mobile Developer,,https://in.linkedin.com/jobs/view/software-development-engineer-3-mobile-at-quince-4464511680
4467441885,Mobile App Developer (Remote),Quik Hire Staffing,India,India,2026-09-15,React Native,Medium,RN Strong,1,0,0,1,2,False,False,"Android, Debugging, Flutter, Git, JavaScript, REST API, React, React Native, Testing (any), TypeScript, iOS",Associate,Full-time,,Remote,,,Cross Platform Mobile Developer,,https://in.linkedin.com/jobs/view/mobile-app-developer-remote-at-quik-hire-staffing-4467441885
4446754011,Principal Mobile Engineer,Payoneer,"Gurugram, Haryana, India",Delhi NCR,2026-09-10,React Native,High,RN Strong,4,0,1,3,3,False,False,"Android, CI/CD, Cross-platform, Flutter, Kotlin, Performance Optimization, React, React Native, Swift, Testing (any), iOS",Associate,Full-time,9,not stated,,,Cross Platform Mobile Developer,,https://in.linkedin.com/jobs/view/principal-mobile-engineer-at-payoneer-4446754011
4460410083,"Mobile App Developer (Android, React,)",SynapseIndia (Events),"Noida, Uttar Pradesh, India",Delhi NCR,2026-09-02,React Native,High,RN Required,6,1,0,1,2,False,False,"Android, Android Studio, App Releases, App Store / Play Store, Authentication, CI/CD, Debugging, Firebase, Flutter, Git, GraphQL, JavaScript, Kotlin, Native Modules, React, React Native, React Navigation, Redux, Redux Toolkit, Testing (any), TypeScript, iOS",Not Applicable,Full-time,3,not stated,,,Mobile App Developer,,https://in.linkedin.com/jobs/view/mobile-app-developer-android-react-at-synapseindia-events-4460410083
4459787888,Mobile App Developer,Ecumenical Techno Consultanc Services Private Limited,"Aurangabad, Maharashtra, India",Aurangabad,2026-08-31,Cross-Platform Mobile,Medium,Not RN,0,0,0,0,0,False,False,"Android, Android Studio, JavaScript, Testing (any), Xcode, iOS",Not Applicable,Full-time,3,Hybrid,,,Mobile App Developer,,https://in.linkedin.com/jobs/view/mobile-app-developer-at-ecumenical-techno-consultanc-services-private-limited-4459787888
4463008081,Software Engineer - React Native,PhonePe,"Bengaluru, Karnataka, India",Bengaluru,2026-09-09,React Native,High,RN Required,3,0,0,0,0,True,False,"Android, Android Studio, Appium, CI/CD, Context API, Cross-platform, Debugging, Detox, Git, JavaScript, Jest, MobX, Performance Optimization, REST API, React, React Native, Redux, Testing (any), TypeScript, Xcode, iOS",Mid-Senior level,Full-time,4,Hybrid,,,Mobile App Developer; React Native,,https://in.linkedin.com/jobs/view/software-engineer-react-native-at-phonepe-4463008081
4467997476,iOS Developer,atsMantra,"Coimbatore, Tamil Nadu, India",Coimbatore,2026-09-16,Mobile Native,Medium,Not RN,0,0,0,0,0,False,False,"CI/CD, Kotlin, Performance Optimization, REST API, Swift, iOS",Mid-Senior level,Full-time,,not stated,Preeti Dogra,Senior Talent Acquisition Specialist,Mobile App Developer,,https://in.linkedin.com/jobs/view/ios-developer-at-atsmantra-4467997476
4461190689,IOS Developer,JS TechAlliance Consulting Private limited,"Indore, Madhya Pradesh, India",Indore,2026-09-04,Cross-Platform Mobile,Medium,Not RN,0,0,0,0,6,False,False,"Agile/Scrum, Android, Cross-platform, Flutter, Git, Kotlin, Swift, Testing (any), iOS",Associate,Full-time,5,not stated,,,Mobile App Developer,,https://in.linkedin.com/jobs/view/ios-developer-at-js-techalliance-consulting-private-limited-4461190689
4440647831,React Native Developer,Infosys,"Hyderabad, Telangana, India",Hyderabad,2026-08-28,React Native,High,RN Required,3,1,0,0,0,True,False,"Agile/Scrum, Android, App Store / Play Store, Authentication, Cross-platform, Debugging, JavaScript, Performance Optimization, REST API, React, React Native, TypeScript, iOS",Not Applicable,Full-time,3,not stated,,,Mobile App Developer,,https://in.linkedin.com/jobs/view/react-native-developer-at-infosys-4440647831
4444397460,"Senior Software Engineer, Flutter",Tide,Greater Delhi Area,Delhi NCR,2026-09-13,Cross-Platform Mobile,Low,Not RN,0,0,0,0,8,False,False,"Agile/Scrum, CI/CD, Firebase, Flutter, Git, GitHub Actions",Not Applicable,Full-time,,Remote,,,Mobile App Developer,,https://in.linkedin.com/jobs/view/senior-software-engineer-flutter-at-tide-4444397460
4465772604,Flutter Developer MMH260914-1,Momentum Services,"Navi Mumbai, Maharashtra, India",Mumbai,2026-09-14,Cross-Platform Mobile,Medium,Not RN,0,0,0,0,6,False,False,"Agile/Scrum, Android, Cross-platform, Flutter, Git, Kotlin, REST API, Swift, iOS",Not Applicable,Full-time,4,not stated,,,Mobile App Developer,,https://in.linkedin.com/jobs/view/flutter-developer-mmh260914-1-at-momentum-services-4465772604
4463296985,Senior Software Engineer - React Native,upGrad,"Bengaluru, Karnataka, India",Bengaluru,2026-09-08,React Native,High,RN Required,4,1,0,0,0,True,False,"Android, CI/CD, Debugging, Firebase, Git, JavaScript, Performance Optimization, React, React Native, Redux, Testing (any), TypeScript, Zustand, iOS",Mid-Senior level,Full-time,4,not stated,Muskan Khandelwal,"Hiring for Tech, Product, and Non-Tech",Mobile App Developer; React Native,,https://in.linkedin.com/jobs/view/senior-software-engineer-react-native-at-upgrad-4463296985
4465507289,Mobile Engineer,THG Ingenuity,"Pune District, Maharashtra, India",Pune,2026-09-15,React Native,High,RN Required,3,0,0,0,0,False,False,"Accessibility, Agile/Scrum, Android, CI/CD, JavaScript, React, React Native, TypeScript, iOS",Mid-Senior level,Full-time,,not stated,,,Mobile App Developer,,https://in.linkedin.com/jobs/view/mobile-engineer-at-thg-ingenuity-4465507289
4465628865,Mobile Application Developer,Super Humans,"Bengaluru, Karnataka, India",Bengaluru,2026-09-10,Mobile Native,Medium,Not RN,0,0,0,0,0,False,False,"Agile/Scrum, Android, CI/CD, Git, GitHub Actions, Jenkins, Kotlin, Testing (any)",Associate,Full-time,2,not stated,,,Mobile App Developer,,https://in.linkedin.com/jobs/view/mobile-application-developer-at-super-humans-4465628865
4467741847,"Software Engineer, Apps",Headout,"Bengaluru, Karnataka, India",Bengaluru,2026-09-15,React Native,Medium,RN Required,2,0,0,0,0,False,True,"Android, Cross-platform, JavaScript, Native Modules, Offline Storage, React, React Native, TypeScript, iOS",Not Applicable,Full-time,,not stated,,,Mobile App Developer,,https://in.linkedin.com/jobs/view/software-engineer-apps-at-headout-4467741847
4462190710,React Native Developer,Navtech,"Hyderabad, Telangana, India",Hyderabad,2026-09-02,React Native,High,RN Required,6,0,0,0,0,True,False,"AWS, Agile/Scrum, Android, App Store / Play Store, Debugging, JavaScript, Offline Storage, React, React Native, Redux, Testing (any), iOS",Not Applicable,Full-time,1,not stated,,,Mobile App Developer; React Native,,https://in.linkedin.com/jobs/view/react-native-developer-at-navtech-4462190710
4466835504,Mobile Application Developer,eazyway.io,"Bengaluru, Karnataka, India",Bengaluru,2026-09-16,React Native,High,RN Required,11,2,0,0,0,False,False,"Android, App Store / Play Store, Debugging, React, React Native, Testing (any), iOS",Entry level,Full-time,3,Onsite,,,Mobile App Developer,,https://in.linkedin.com/jobs/view/mobile-application-developer-at-eazyway-io-4466835504
4459313570,Mobile Application Developer,"Logile, Inc.","Bhubaneswar, Odisha, India",Bhubaneswar,2026-08-26,React Native,Medium,RN Optional,1,0,0,0,1,False,False,"CI/CD, Flutter, React, React Native, Testing (any)",Mid-Senior level,Full-time,,not stated,Payal Sahoo,,Mobile App Developer,,https://in.linkedin.com/jobs/view/mobile-application-developer-at-logile-inc-4459313570
4462679208,iOS App Developer,Food Galery Limited,"Bengaluru, Karnataka, India",Bengaluru,2026-09-06,Mobile Native,Medium,Not RN,0,0,0,0,0,False,False,"App Store / Play Store, Push Notifications, Swift, Testing (any), iOS",Entry level,Full-time,0,not stated,kushal Raydurga,Building Brands,Mobile App Developer,,https://in.linkedin.com/jobs/view/ios-app-developer-at-food-galery-limited-4462679208
4460989352,Product Engineer,Servify,"Hyderabad, Telangana, India",Hyderabad,2026-09-02,React Native,High,RN Required,3,1,0,0,0,False,True,"Android, Authentication, CI/CD, Debugging, Firebase, Git, JavaScript, Offline Storage, React, React Native, Testing (any), TypeScript, iOS",Associate,Full-time,2,not stated,Rashi Sahai Assoc. CIPD,Assoc CIPD | MSc in Human Resource Management | Nottingham Business School | Human resource professional | Compliance | Employee lifecycle |…,Mobile App Developer,,https://in.linkedin.com/jobs/view/product-engineer-at-servify-4460989352
4440430086,Software Engineer III –Native IOS and React Native Developer,Candescent,Greater Bengaluru Area,Bengaluru,2026-09-02,React Native,High,RN Required,8,0,0,0,0,True,False,"Agile/Scrum, Android, Android Studio, CI/CD, CSS, Cross-platform, Expo, Git, HTML, JavaScript, Jest, Kotlin, React, React Native, Redux, Swift, Testing (any), Xcode, iOS",Not Applicable,Full-time,2,Remote,,,Mobile App Developer,,https://in.linkedin.com/jobs/view/software-engineer-iii-%E2%80%93native-ios-and-react-native-developer-at-candescent-4440430086
4460732538,Mobile App Developer - Senior Associate,PwC Acceleration Center India,"Bengaluru East, Karnataka, India",Bengaluru,2026-09-03,React Native,High,RN Strong,3,0,0,3,4,False,False,"Android, App Releases, App Store / Play Store, CI/CD, Cross-platform, Debugging, Flutter, JavaScript, Kotlin, REST API, React, React Native, Swift, Testing (any), TypeScript, iOS",Not Applicable,Full-time,4,not stated,,,Mobile App Developer,,https://in.linkedin.com/jobs/view/mobile-app-developer-senior-associate-at-pwc-acceleration-center-india-4460732538
4467219427,Senior iOS Software Engineer,ISA,"Pune Division, Maharashtra, India",Pune,2026-09-14,Mobile Native,Medium,Not RN,0,0,0,0,0,False,False,"App Releases, App Store / Play Store, CI/CD, Cross-platform, Swift, Testing (any), iOS",Not Applicable,Full-time,6,not stated,,,Mobile App Developer,,https://in.linkedin.com/jobs/view/senior-ios-software-engineer-at-isa-4467219427
4454643113,Mobile Developer,SISNOLABS Software Solutions,"Nagpur, Maharashtra, India",Nagpur,2026-08-21,React Native,Medium,RN Optional,1,0,0,0,1,False,False,"Android, Flutter, HTML, JavaScript, Node.js, React, React Native, Swift, iOS",Not Applicable,Full-time,2,not stated,,,Mobile App Developer,,https://in.linkedin.com/jobs/view/mobile-developer-at-sisnolabs-software-solutions-4454643113
4441096490,Lead II - React Native,UST,"Trivandrum, Kerala, India",Trivandrum,2026-09-04,React Native,High,RN Required,6,1,1,0,0,True,False,"Agile/Scrum, Android, App Store / Play Store, CI/CD, CodePush/OTA, Expo, Firebase, Git, JavaScript, REST API, React, React Native, Redux, TypeScript, iOS",Not Applicable,Full-time,7,Remote,,,Mobile App Developer,,https://in.linkedin.com/jobs/view/lead-ii-react-native-at-ust-4441096490
4455058189,React Native Developer,InterviewDo,"Bengaluru, Karnataka, India",Bengaluru,2026-08-30,React Native,High,RN Required,8,0,1,0,0,True,False,"Android, App Store / Play Store, Authentication, Cross-platform, Debugging, Expo, Git, JavaScript, Node.js, React, React Native, Redux, TypeScript, iOS",Entry level,Full-time,0,not stated,,,Mobile App Developer; React Native,,https://in.linkedin.com/jobs/view/react-native-developer-at-interviewdo-4455058189
4457906007,iOS Developer,Tata Consultancy Services,"Mumbai, Maharashtra, India",Mumbai,2026-08-26,Mobile Native,Medium,Not RN,0,0,0,0,0,False,False,"Swift, iOS",Associate,Full-time,4,not stated,Vishal Tripathi,Human Resources Recruiter @ Tata Consultancy Services | Global Talent Acquisition,Mobile App Developer,,https://in.linkedin.com/jobs/view/ios-developer-at-tata-consultancy-services-4457906007
4455778175,Software Engineer - iOS,ISA,"Pune Division, Maharashtra, India",Pune,2026-09-08,Mobile Native,Medium,Not RN,0,0,0,0,0,False,False,"App Store / Play Store, CI/CD, Debugging, Fastlane, Git, REST API, Swift, Testing (any), Xcode, iOS",Not Applicable,Full-time,4,not stated,,,Mobile App Developer,,https://in.linkedin.com/jobs/view/software-engineer-ios-at-isa-4455778175
4464188866,Senior Android Developer,Ayur.AI,"Chennai, Tamil Nadu, India",Chennai,2026-09-11,Mobile Native,Medium,Not RN,0,0,0,0,0,False,False,"AWS, Android, Android Studio, App Store / Play Store, Authentication, CI/CD, Debugging, Firebase, Git, GraphQL, Kotlin, Node.js, Performance Optimization, REST API, Testing (any)",Mid-Senior level,Full-time,2,not stated,,,Mobile App Developer,,https://in.linkedin.com/jobs/view/senior-android-developer-at-ayur-ai-4464188866
4460199924,Senior Software Engineer (React Native/Kotlin/Swift),The Access Group,Pune/Pimpri-Chinchwad Area,Pune,2026-08-28,React Native,High,RN Required,4,1,0,0,0,True,False,"AWS, Android, CI/CD, Cross-platform, Kotlin, React, React Native, Swift, Testing (any), iOS",Mid-Senior level,Full-time,,not stated,,,Mobile App Developer,,https://in.linkedin.com/jobs/view/senior-software-engineer-react-native-kotlin-swift-at-the-access-group-4460199924
4454752465,Mobile Apps Engineer (React Native) - Jetpac,Circles,"Gurugram, Haryana, India",Delhi NCR,2026-09-01,React Native,High,RN Required,5,1,0,0,0,True,False,"Android, CI/CD, Cross-platform, Debugging, Git, Performance Optimization, React, React Native, Testing (any), iOS",Associate,Full-time,2,Hybrid,,,Mobile App Developer,,https://in.linkedin.com/jobs/view/mobile-apps-engineer-react-native-jetpac-at-circles-4454752465
4413442736,Sr. flutter (Mobility) developer,RIB Software,"Pune Division, Maharashtra, India",Pune,2026-08-27,Cross-Platform Mobile,Medium,Not RN,0,0,0,0,7,False,False,"Agile/Scrum, Android, App Store / Play Store, Authentication, CI/CD, Debugging, Flutter, GraphQL, Performance Optimization, Testing (any), iOS",Not Applicable,Full-time,5,not stated,,,Mobile App Developer,,https://in.linkedin.com/jobs/view/sr-flutter-mobility-developer-at-rib-software-4413442736
4464654800,Senior Software Engineer (Mobile) - CONSUMER EXPERIENCE ENGINEERING,PUMA Group,"Pune Division, Maharashtra, India",Pune,2026-09-08,React Native,Medium,RN Required,2,1,0,0,0,False,False,"Accessibility, Agile/Scrum, Android, App Releases, App Store / Play Store, Authentication, CI/CD, GraphQL, JavaScript, Performance Optimization, React, React Native, Testing (any), TypeScript, iOS",Mid-Senior level,Full-time,7,not stated,,,Mobile App Developer,,https://in.linkedin.com/jobs/view/senior-software-engineer-mobile-consumer-experience-engineering-at-puma-group-4464654800
4463952553,SDE- II (iOS + React Native),Urban Company,"Gurugram, Haryana, India",Delhi NCR,2026-09-11,React Native,High,RN Required,15,0,0,0,0,True,False,"App Store / Play Store, CI/CD, CodePush/OTA, Cross-platform, Fabric, Fastlane, Hermes, JSI, Native Modules, New Architecture, Node.js, React, React Native, Swift, TurboModules, TypeScript, Xcode, iOS",Mid-Senior level,Full-time,2,not stated,,,Mobile App Developer,,https://in.linkedin.com/jobs/view/sde-ii-ios-%2B-react-native-at-urban-company-4463952553
4461187117,Senior Software Developer - Mobile (Kotlin),Veryon,Greater Chennai Area,Chennai,2026-09-04,Cross-Platform Mobile,Medium,Not RN,0,0,0,0,1,False,False,"Agile/Scrum, Android, Authentication, CI/CD, Cross-platform, Flutter, Git, Kotlin, REST API, Swift, iOS",Not Applicable,Full-time,4,not stated,,,Mobile App Developer,,https://in.linkedin.com/jobs/view/senior-software-developer-mobile-kotlin-at-veryon-4461187117
4444393551,"Senior Software Engineer, Flutter",Tide,"Bengaluru, Karnataka, India",Bengaluru,2026-09-13,Cross-Platform Mobile,Low,Not RN,0,0,0,0,8,False,False,"Agile/Scrum, CI/CD, Firebase, Flutter, Git, GitHub Actions",Not Applicable,Full-time,,Remote,Samuel Winter,Talent @Tide | Ex - Uber,Mobile App Developer,,https://in.linkedin.com/jobs/view/senior-software-engineer-flutter-at-tide-4444393551
4464855307,"Senior Software Engineer, Mobile Apps (Flutter)",Techtinium,"Chennai, Tamil Nadu, India",Chennai,2026-09-11,Cross-Platform Mobile,Medium,Not RN,0,0,0,0,3,False,False,"App Store / Play Store, Flutter, Kotlin, Swift, Testing (any)",Mid-Senior level,Full-time,5,not stated,,,Mobile App Developer,,https://in.linkedin.com/jobs/view/senior-software-engineer-mobile-apps-flutter-at-techtinium-4464855307
4441743996,Flutter Developer,Infosys,"Bengaluru East, Karnataka, India",Bengaluru,2026-08-31,Cross-Platform Mobile,Medium,Not RN,0,0,0,0,6,False,False,"CI/CD, Cross-platform, Debugging, Flutter, Git, Testing (any)",Not Applicable,Full-time,5,not stated,,,Mobile App Developer,,https://in.linkedin.com/jobs/view/flutter-developer-at-infosys-4441743996
4466443414,Senior Mobile App Developer (Remote),Hire Feed,India,India,2026-09-12,React Native,Medium,RN Strong,1,0,0,1,1,False,False,"Android, Debugging, Flutter, JavaScript, REST API, React, React Native, TypeScript, iOS",Associate,Full-time,,Remote,,,Cross Platform Mobile Developer,,https://in.linkedin.com/jobs/view/senior-mobile-app-developer-remote-at-hire-feed-4466443414
4459281521,Senior Native Mobile Engineer,Avaloq,"Pune Division, Maharashtra, India",Pune,2026-09-01,Cross-Platform Mobile,Medium,Not RN,0,0,0,0,0,False,False,"Agile/Scrum, Android, Kotlin, Swift, iOS",Mid-Senior level,Full-time,5,Hybrid,,,Mobile App Developer,,https://in.linkedin.com/jobs/view/senior-native-mobile-engineer-at-avaloq-4459281521
4468201104,Sr. Software Engineer - iOS/Android,Uplers,"Hyderabad, Telangana, India",Hyderabad,2026-09-16,Mobile Native,Medium,Not RN,0,0,0,0,0,False,False,"Agile/Scrum, Android, CI/CD, Debugging, JavaScript, Kotlin, Performance Optimization, Swift, Testing (any), iOS",Not Applicable,Full-time,0,Hybrid/Onsite,,,Mobile App Developer,,https://in.linkedin.com/jobs/view/sr-software-engineer-ios-android-at-uplers-4468201104
4418902042,IOS Developer,BNP Paribas,"Chennai, Tamil Nadu, India",Chennai,2026-09-11,Mobile Native,Medium,Not RN,0,0,0,0,0,False,False,"Agile/Scrum, CI/CD, Git, Swift, Testing (any), iOS",Not Applicable,Full-time,7,not stated,,,Mobile App Developer,,https://in.linkedin.com/jobs/view/ios-developer-at-bnp-paribas-4418902042
4453382078,Software Engieer - Flutter iOS,Alkami Technology,"Gurugram, Haryana, India",Delhi NCR,2026-09-03,Cross-Platform Mobile,Medium,Not RN,0,0,0,0,4,False,False,"Android, CI/CD, Debugging, Firebase, Flutter, Swift, Testing (any), iOS",Associate,Full-time,3,Remote,,,Mobile App Developer,,https://in.linkedin.com/jobs/view/software-engieer-flutter-ios-at-alkami-technology-4453382078
4466476180,Flutter -Software Developer,"Centre for Good Governance, Hyderabad","Hyderabad, Telangana, India",Hyderabad,2026-09-12,React Native,Medium,RN Optional,1,0,0,1,8,False,False,"Android, Cross-platform, Flutter, React, React Native, Swift, Testing (any), iOS",Not Applicable,Full-time,2,not stated,,,Mobile App Developer,,https://in.linkedin.com/jobs/view/flutter-software-developer-at-centre-for-good-governance-hyderabad-4466476180
4463779897,React Native Developer in Jaipur,Mr n Mrs Pet,"Jaipur, Rajasthan, India",Jaipur,2026-09-06,React Native,High,RN Required,2,0,0,0,0,True,False,"App Store / Play Store, Debugging, React, React Native",Entry level,Full-time,,not stated,,,Mobile App Developer; React Native,,https://in.linkedin.com/jobs/view/react-native-developer-in-jaipur-at-mr-n-mrs-pet-4463779897
4465711411,Mobile Flutter Junior Developer,SuperProcure,Greater Kolkata Area,Kolkata,2026-09-14,Cross-Platform Mobile,Medium,Not RN,0,0,0,0,8,False,False,"Android, Cross-platform, Debugging, Flutter, Git, REST API, Testing (any), iOS",Not Applicable,Full-time,3,not stated,,,Mobile App Developer,,https://in.linkedin.com/jobs/view/mobile-flutter-junior-developer-at-superprocure-4465711411
4467167653,Associate Mobile Software Engineer,Saatvik Agro,"Morena, Madhya Pradesh, India",Morena,2026-09-17,React Native,High,RN Strong,6,0,1,0,8,False,False,"AWS, Android, Android Studio, App Releases, App Store / Play Store, Authentication, CI/CD, Cross-platform, Debugging, Fastlane, Firebase, Flutter, Git, GitHub Actions, JavaScript, Jenkins, Kotlin, Performance Optimization, React, React Native, Swift, Testing (any), TypeScript, Xcode, iOS",Entry level,Full-time,0,Remote/Onsite,,,Mobile App Developer,,https://in.linkedin.com/jobs/view/associate-mobile-software-engineer-at-saatvik-agro-4467167653
4466840521,Mobile Engineer,Scapia,"Bengaluru, Karnataka, India",Bengaluru,2026-09-16,React Native,Medium,RN Optional,2,0,0,0,5,False,False,"Android, CodePush/OTA, Debugging, Flutter, Kotlin, Performance Optimization, React, React Native, Swift, iOS",Mid-Senior level,Full-time,2,Remote,,,Mobile App Developer,,https://in.linkedin.com/jobs/view/mobile-engineer-at-scapia-4466840521
4466844605,Senior Android Developer,TutAR,"Kochi, Kerala, India",Kochi,2026-09-14,Mobile Native,Medium,Not RN,0,0,0,0,0,False,False,"AWS, Android, Android Studio, Debugging, Git, JavaScript, Kotlin, Node.js, Testing (any)",Mid-Senior level,Full-time,3,not stated,,,Mobile App Developer,,https://in.linkedin.com/jobs/view/senior-android-developer-at-tutar-4466844605
4466541891,React Native Developer,Ginger Affordable Solutions,"Thrissur, Kerala, India",Thrissur,2026-09-15,React Native,High,RN Required,5,0,0,0,0,True,False,"Agile/Scrum, Android, Debugging, JavaScript, React, React Native, iOS",Not Applicable,Full-time,1,not stated,,,Mobile App Developer; React Native,,https://in.linkedin.com/jobs/view/react-native-developer-at-ginger-affordable-solutions-4466541891
4467978139,Software Engineer - Mobile App Development,YouTrip,"Bengaluru, Karnataka, India",Bengaluru,2026-09-16,Cross-Platform Mobile,Medium,Not RN,0,0,0,0,7,False,False,"Android, Appium, Debugging, Flutter, Kotlin, Performance Optimization, REST API, Swift, Testing (any), iOS",Mid-Senior level,Full-time,6,Hybrid,,,Mobile App Developer,,https://in.linkedin.com/jobs/view/software-engineer-mobile-app-development-at-youtrip-4467978139
4466740039,Senior Flutter Mobile Engineer (Wearables),HLTH,Greater Hyderabad Area,Hyderabad,2026-09-12,Cross-Platform Mobile,Medium,Not RN,0,0,0,0,10,False,False,"Android, App Store / Play Store, Authentication, CI/CD, Debugging, Fastlane, Flutter, Git, GitHub Actions, GraphQL, Kotlin, Offline Storage, REST API, Swift, iOS",Mid-Senior level,Full-time,,Remote,,,Mobile App Developer,,https://in.linkedin.com/jobs/view/senior-flutter-mobile-engineer-wearables-at-hlth-4466740039
4464313208,Mobile Application Developer,Tipsons Group,"Ahmedabad, Gujarat, India",Ahmedabad,2026-09-07,Cross-Platform Mobile,Medium,Not RN,0,0,0,0,5,False,False,"Android, App Store / Play Store, Authentication, CI/CD, Firebase, Flutter, Git, GraphQL, Kotlin, Node.js, REST API, Swift, Testing (any), iOS",Mid-Senior level,Full-time,3,not stated,Satish Patankar,Empowering Talent & Driving Business Growth | Tipsons Group | TheFixedIncome | Partner Channel,Mobile App Developer,,https://in.linkedin.com/jobs/view/mobile-application-developer-at-tipsons-group-4464313208
4434351622,React Native Developer,Infosys,"Pune Division, Maharashtra, India",Pune,2026-09-04,React Native,High,RN Required,4,1,1,0,0,True,False,"App Releases, CI/CD, Cross-platform, Debugging, Fastlane, Firebase, GraphQL, Jest, Performance Optimization, React, React Native, Redux, Testing (any), TypeScript",Not Applicable,Full-time,5,not stated,,,Cross Platform Mobile Developer,,https://in.linkedin.com/jobs/view/react-native-developer-at-infosys-4434351622
4464750291,Mobile AppDev (SDE 3),AbleCredit - GenAI Infra for BFSI,"Bengaluru, Karnataka, India",Bengaluru,2026-09-13,React Native,Medium,RN Required,2,1,0,0,2,False,False,"Android, CI/CD, Cross-platform, Debugging, Flutter, Kotlin, Native Modules, Offline Storage, Performance Optimization, React, React Native, Swift, Testing (any), iOS",Mid-Senior level,Full-time,,not stated,,,Mobile App Developer,,https://in.linkedin.com/jobs/view/mobile-appdev-sde-3-at-ablecredit-genai-infra-for-bfsi-4464750291
4464786600,Mobile Application Developer,LOGZ,"Chennai, Tamil Nadu, India",Chennai,2026-09-14,Cross-Platform Mobile,Medium,Not RN,0,0,0,0,5,False,False,"Android, CI/CD, Cross-platform, Debugging, Firebase, Flutter, Git, Testing (any), iOS",Mid-Senior level,Full-time,3,Onsite,,,Mobile App Developer,,https://in.linkedin.com/jobs/view/mobile-application-developer-at-logz-4464786600
4464017424,Mobile App Developer (Flutter),AutomateBuddy Technologies Private Limited,"Navi Mumbai, Maharashtra, India",Mumbai,2026-09-06,Cross-Platform Mobile,Medium,Not RN,0,0,0,0,11,False,False,"Android, Debugging, Firebase, Flutter, Git, Performance Optimization, iOS",Not Applicable,Full-time,1,not stated,,,Mobile App Developer,,https://in.linkedin.com/jobs/view/mobile-app-developer-flutter-at-automatebuddy-technologies-private-limited-4464017424
4459526688,Senior Mobile Application Developer - Android/iOS,BSI Financial Services,"Gurugram, Haryana, India",Delhi NCR,2026-09-01,React Native,Medium,RN Optional,1,0,1,0,1,False,False,"AWS, Android, App Store / Play Store, Authentication, CI/CD, Cross-platform, Debugging, Flutter, Git, Kotlin, React, React Native, Swift, Testing (any), iOS",Not Applicable,Full-time,,not stated,,,Mobile App Developer,,https://in.linkedin.com/jobs/view/senior-mobile-application-developer-android-ios-at-bsi-financial-services-4459526688
4455120077,Junior Application Developer,Larsen & Toubro,"Vadodara, Gujarat, India",Vadodara,2026-09-05,React Native,Medium,RN Required,1,0,0,0,1,False,False,"Accessibility, Agile/Scrum, Android, Debugging, Flutter, REST API, React, React Native, iOS",Not Applicable,Full-time,,not stated,,,Mobile App Developer,,https://in.linkedin.com/jobs/view/junior-application-developer-at-larsen-toubro-4455120077
4452846043,Frontend Developer(s) — React/TypeScript,MeridianSquare,"North Goa, Goa, India",North Goa,2026-08-18,React / Frontend,Medium,Not RN,0,0,0,0,0,False,False,"Accessibility, Authentication, CSS, Git, HTML, Jest, React, React Testing Library, Redux, Redux Toolkit, Testing (any), TypeScript, Zustand",Entry level,Full-time,,not stated,,,Frontend Engineer,,https://in.linkedin.com/jobs/view/frontend-developer-s-%E2%80%94-react-typescript-at-meridiansquare-4452846043
4441179264,Frontend - Senior Engineer,Commvault,"Bengaluru, Karnataka, India",Bengaluru,2026-08-28,React / Frontend,Medium,Not RN,0,0,0,0,0,False,False,"AWS, Jest, Next.js, React, React Testing Library, Testing (any), TypeScript",Not Applicable,Full-time,,not stated,,,Frontend Engineer,,https://in.linkedin.com/jobs/view/frontend-senior-engineer-at-commvault-4441179264
4466847972,Senior Frontend Developer,TVS Next,"Chennai, Tamil Nadu, India",Chennai,2026-09-16,React / Frontend,Medium,Not RN,0,0,0,0,0,False,False,"AWS, Accessibility, Agile/Scrum, CI/CD, Debugging, Git, JavaScript, REST API, React, Testing (any), TypeScript",Mid-Senior level,Full-time,4,Hybrid,,,Frontend Engineer,,https://in.linkedin.com/jobs/view/senior-frontend-developer-at-tvs-next-4466847972
4444897396,Software Development Engineer 3 - Frontend,Adobe,"Noida, Uttar Pradesh, India",Delhi NCR,2026-09-07,React / Frontend,Medium,Not RN,0,0,0,0,0,False,False,"Agile/Scrum, CSS, HTML, JavaScript, React, TypeScript",Not Applicable,Full-time,4,not stated,,,Frontend Engineer,,https://in.linkedin.com/jobs/view/software-development-engineer-3-frontend-at-adobe-4444897396
4462835284,ASDE - Fullstack,Amber,"Pune Division, Maharashtra, India",Pune,2026-09-12,React / Frontend,Medium,Not RN,0,0,0,0,0,False,True,"Agile/Scrum, JavaScript, React",Executive,Full-time,1,not stated,,,Associate Software Engineer JavaScript React,,https://in.linkedin.com/jobs/view/asde-fullstack-at-amber-4462835284
4468326187,Full Stack Engineer,Digital Alpha Platforms,India,India,2026-08-22,React / Frontend,Medium,Not RN,0,0,0,0,0,False,True,"AWS, Accessibility, Agile/Scrum, CI/CD, CSS, Git, HTML, JavaScript, Next.js, Node.js, REST API, React, Tailwind, TypeScript",Associate,Full-time,,Remote,,,Associate Software Engineer JavaScript React,,https://in.linkedin.com/jobs/view/full-stack-engineer-at-digital-alpha-platforms-4468326187
4464417499,Associate Software Engineer - Full Stack,Amgen,"Hyderabad, Telangana, India",Hyderabad,2026-09-08,React / Frontend,Medium,Not RN,0,0,0,0,0,False,True,"AWS, Accessibility, Agile/Scrum, Authentication, CI/CD, CSS, Debugging, Git, JavaScript, Jest, REST API, React, React Testing Library, Testing (any), TypeScript",Not Applicable,Full-time,2,not stated,,,Associate Software Engineer JavaScript React,,https://in.linkedin.com/jobs/view/associate-software-engineer-full-stack-at-amgen-4464417499
4462835521,Product Development Engineer 1 - Frontend,Phenom,"Hyderabad, Telangana, India",Hyderabad,2026-09-03,React / Frontend,Medium,Not RN,0,0,0,0,0,False,False,"Agile/Scrum, CSS, Debugging, Git, HTML, JavaScript, React, Testing (any), TypeScript",Not Applicable,Full-time,1,Onsite,,,Associate Software Engineer JavaScript React,,https://in.linkedin.com/jobs/view/product-development-engineer-1-frontend-at-phenom-4462835521
4463121487,Desenvolvedor(a)  Fullstack Júnior,SOUTH SYSTEM,"Anupgarh, Rajasthan, India",Anupgarh,2026-09-03,React / Frontend,Medium,Not RN,0,0,0,0,0,False,True,"CSS, Git, HTML, JavaScript, React, Redux, TypeScript",Entry level,Full-time,,not stated,,,Associate Software Engineer JavaScript React,,https://in.linkedin.com/jobs/view/desenvolvedor-a-fullstack-j%C3%BAnior-at-south-system-4463121487
4464867190,Associate Software Engineer,Rogue Pixxel IT Solutions LLP,"Ranchi, Jharkhand, India",Ranchi,2026-09-11,React / Frontend,Medium,Not RN,0,0,0,0,0,False,True,"Debugging, Git, Next.js, Node.js, React",Entry level,Full-time,3,not stated,,,Associate Software Engineer JavaScript React,,https://in.linkedin.com/jobs/view/associate-software-engineer-at-rogue-pixxel-it-solutions-llp-4464867190
4463828435,Management Trainee - Fullstack,Kuku,"Bengaluru, Karnataka, India",Bengaluru,2026-09-09,React / Frontend,Medium,Not RN,0,0,0,0,0,False,True,"Debugging, Git, JavaScript, Node.js, REST API, React, Testing (any), TypeScript",Entry level,Full-time,2,not stated,,,Associate Software Engineer JavaScript React,,https://in.linkedin.com/jobs/view/management-trainee-fullstack-at-kuku-4463828435
4463838153,"Web Developer (React.js, Laravel, and MySQL)",HighShine IT Solutions Private Limited,"Chennai, Tamil Nadu, India",Chennai,2026-09-10,React / Frontend,Medium,Not RN,0,0,0,0,0,False,False,"AWS, CSS, Git, HTML, JavaScript, React, Testing (any)",Entry level,Full-time,2,Hybrid,,,Associate Software Engineer JavaScript React,,https://in.linkedin.com/jobs/view/web-developer-react-js-laravel-and-mysql-at-highshine-it-solutions-private-limited-4463838153
4463116119,Jr. Software / Platform Engineer II,MetLife,"Pune Division, Maharashtra, India",Pune,2026-09-03,React / Frontend,Medium,Not RN,0,0,0,0,0,False,True,"JavaScript, Node.js, React, Testing (any), TypeScript",Not Applicable,Full-time,2,not stated,,,Associate Software Engineer JavaScript React,,https://in.linkedin.com/jobs/view/jr-software-platform-engineer-ii-at-metlife-4463116119
4457693395,Fullstack Engineer,Abstrabit Technologies,India,India,2026-08-25,React / Frontend,Medium,Not RN,0,0,0,0,0,False,True,"Authentication, CI/CD, Debugging, Git, JavaScript, Next.js, Node.js, React, TypeScript",Associate,Volunteer,1,Remote,,,Associate Software Engineer JavaScript React,,https://in.linkedin.com/jobs/view/fullstack-engineer-at-abstrabit-technologies-4457693395
4464318235,Engineer I - IAM Team,DAT Freight & Analytics,"Bengaluru, Karnataka, India",Bengaluru,2026-09-07,React / Frontend,Medium,Not RN,0,0,0,0,0,False,True,"AWS, Agile/Scrum, CI/CD, Debugging, Git, GraphQL, JavaScript, Node.js, React, TypeScript",Not Applicable,Full-time,2,Hybrid,,,Associate Software Engineer JavaScript React,,https://in.linkedin.com/jobs/view/engineer-i-iam-team-at-dat-freight-analytics-4464318235
4466370255,Full Stack Developer,Neolytix,"Gurgaon, Haryana, India",Delhi NCR,2026-09-11,React Native,Medium,RN Optional,1,0,1,1,1,False,True,"AWS, CI/CD, Cross-platform, Debugging, Firebase, Flutter, Git, Next.js, Node.js, React, React Native, Testing (any)",Entry level,Full-time,1,Onsite,,,Associate Software Engineer JavaScript React,,https://in.linkedin.com/jobs/view/full-stack-developer-at-neolytix-4466370255
4462986207,Full Stack Associate developer,Infosys,"Bengaluru East, Karnataka, India",Bengaluru,2026-09-07,React / Frontend,Medium,Not RN,0,0,0,0,0,False,True,"JavaScript, REST API, React, TypeScript",Not Applicable,Full-time,,not stated,,,Associate Software Engineer JavaScript React,,https://in.linkedin.com/jobs/view/full-stack-associate-developer-at-infosys-4462986207
4292864952,IN-Associate_ Full Stack React JS Developer _TC Guidewire_ Advisory_ Kolkata,PwC India,Greater Kolkata Area,Kolkata,2026-08-28,React / Frontend,Medium,Not RN,0,0,0,0,0,False,False,"React, TypeScript",Associate,Full-time,4,not stated,,,Associate Software Engineer JavaScript React,,https://in.linkedin.com/jobs/view/in-associate-full-stack-react-js-developer-tc-guidewire-advisory-kolkata-at-pwc-india-4292864952
4462968289,Software Developer,videosdk.live,"Modinagar, Uttar Pradesh, India",Modinagar,2026-09-06,React / Frontend,Medium,Not RN,0,0,0,0,0,False,True,"CSS, Debugging, Git, HTML, JavaScript, Node.js, React, Testing (any), TypeScript",Entry level,Full-time,0,Onsite,,,Associate Software Engineer JavaScript React,,https://in.linkedin.com/jobs/view/software-developer-at-videosdk-live-4462968289
4454126392,Full Stack Developer-Associate-Bangalore,PwC Acceleration Center India,"Bengaluru East, Karnataka, India",Bengaluru,2026-09-10,React / Frontend,Medium,Not RN,0,0,0,0,0,False,True,"AWS, Agile/Scrum, Authentication, CI/CD, Debugging, Git, GraphQL, JavaScript, Node.js, REST API, React, Testing (any), TypeScript",Not Applicable,Full-time,2,Onsite,,,Associate Software Engineer JavaScript React,,https://in.linkedin.com/jobs/view/full-stack-developer-associate-bangalore-at-pwc-acceleration-center-india-4454126392
4465774395,MERN Stack Developer,Hancod,"Perintalmanna, Kerala, India",Perintalmanna,2026-09-14,React / Frontend,Medium,Not RN,0,0,0,0,0,False,True,"Agile/Scrum, Debugging, Git, JavaScript, Next.js, Node.js, Performance Optimization, REST API, React",Mid-Senior level,Full-time,,not stated,,,Associate Software Engineer JavaScript React,,https://in.linkedin.com/jobs/view/mern-stack-developer-at-hancod-4465774395
4466231596,Graduate Technology Associate – Freshers,Dataseashore Technology,"Gurugram, Haryana, India",Delhi NCR,2026-09-16,React / Frontend,Medium,Not RN,0,0,0,0,0,False,True,"Git, Node.js, React",Entry level,Full-time,,Onsite,,,Associate Software Engineer JavaScript React,,https://in.linkedin.com/jobs/view/graduate-technology-associate-%E2%80%93-freshers-at-dataseashore-technology-4466231596
4462191981,Associate Software Development Engineer,Franklin Templeton,Greater Hyderabad Area,Hyderabad,2026-09-02,React / Frontend,Medium,Not RN,0,0,0,0,0,False,True,"AWS, Agile/Scrum, Git, Next.js, Node.js, REST API, React, Testing (any), TypeScript",Not Applicable,Full-time,4,Onsite,,,Associate Software Engineer JavaScript React,,https://in.linkedin.com/jobs/view/associate-software-development-engineer-at-franklin-templeton-4462191981
4414017482,Software Engineer (Full Stack),KLA,"Chennai, Tamil Nadu, India",Chennai,2026-09-07,React / Frontend,Medium,Not RN,0,0,0,0,0,False,True,"CSS, HTML, JavaScript, Node.js, React",Associate,Full-time,0,not stated,,,Associate Software Engineer JavaScript React,,https://in.linkedin.com/jobs/view/software-engineer-full-stack-at-kla-4414017482
4462921983,Engineer I,DAT Freight & Analytics,"Bengaluru, Karnataka, India",Bengaluru,2026-09-07,React / Frontend,Medium,Not RN,0,0,0,0,0,False,True,"AWS, Agile/Scrum, CI/CD, Debugging, Git, GraphQL, JavaScript, Node.js, React, TypeScript",Associate,Full-time,2,Hybrid,Vanitha Venkatraman,Head of Operations - India,Associate Software Engineer JavaScript React,,https://in.linkedin.com/jobs/view/engineer-i-at-dat-freight-analytics-4462921983
4457459810,MERN Stack Developer,Nians,"Gurugram, Haryana, India",Delhi NCR,2026-08-25,React / Frontend,Medium,Not RN,0,0,0,0,0,False,True,"AWS, CI/CD, Git, GraphQL, JavaScript, Next.js, Node.js, React, Testing (any), TypeScript",Associate,Full-time,5,not stated,Babita Bisht,"General Manager Human Resources | Recruitment Strategy, HR Compliance",Associate Software Engineer JavaScript React,,https://in.linkedin.com/jobs/view/mern-stack-developer-at-nians-4457459810
4434459335,Application Development & Support Manager,Vertiv,"Pune Division, Maharashtra, India",Pune,2026-09-01,React Native,High,RN Required,7,0,3,0,0,False,True,"AWS, Agile/Scrum, Android, App Store / Play Store, Authentication, CI/CD, CSS, Git, HTML, Node.js, Offline Storage, REST API, React, React Native, Testing (any), TypeScript, Xcode, iOS",Not Applicable,Full-time,1,not stated,,,Associate Software Engineer JavaScript React,,https://in.linkedin.com/jobs/view/application-development-support-manager-at-vertiv-4434459335
4461709552,Software Engineer,Writesonic,India,India,2026-09-01,React / Frontend,Medium,Not RN,0,0,0,0,0,False,True,"Authentication, Debugging, Next.js, REST API, React, TypeScript",Not Applicable,Full-time,1,Remote,,,Associate Software Engineer JavaScript React,,https://in.linkedin.com/jobs/view/software-engineer-at-writesonic-4461709552
4464235843,Full Stack Developer - Fresher,"Munim - Accounting, Billing & GST Software","Surat, Gujarat, India",Surat,2026-09-11,React / Frontend,Medium,Not RN,0,0,0,0,0,False,True,"CSS, Debugging, HTML, JavaScript, Node.js, React",Not Applicable,Full-time,,not stated,,,Associate Software Engineer JavaScript React,,https://in.linkedin.com/jobs/view/full-stack-developer-fresher-at-munim-accounting-billing-gst-software-4464235843
4456597547,Applied AI - Full Stack Web Developer,Ajanta Pharma Ltd,Mumbai Metropolitan Region,Mumbai Metropolitan,2026-08-25,React / Frontend,Medium,Not RN,0,0,0,0,0,False,False,"AWS, Authentication, Debugging, Firebase, Git, JavaScript, Next.js, Node.js, React, Testing (any), TypeScript",Executive,Full-time,1,not stated,,,Associate Software Engineer JavaScript React,,https://in.linkedin.com/jobs/view/applied-ai-full-stack-web-developer-at-ajanta-pharma-ltd-4456597547
4459945563,Frontend Developer,Weekday (YC W21),"Bengaluru, Karnataka, India",Bengaluru,2026-09-02,React / Frontend,Medium,Not RN,0,0,0,0,0,False,False,"Accessibility, Debugging, Git, React",Not Applicable,Full-time,2,not stated,,,Associate Software Engineer JavaScript React,,https://in.linkedin.com/jobs/view/frontend-developer-at-weekday-yc-w21-4459945563
4460169002,Junior UI Developer - React & Next.js,EdPlatza Tuition,"Delhi, India",Delhi NCR,2026-08-28,React / Frontend,Medium,Not RN,0,0,0,0,0,False,False,"Debugging, Git, JavaScript, Next.js, REST API, React, Redux, Redux Toolkit, TypeScript",Entry level,Full-time,2,not stated,,,Associate Software Engineer JavaScript React,,https://in.linkedin.com/jobs/view/junior-ui-developer-react-next-js-at-edplatza-tuition-4460169002
4461650626,Software Engineer 1,Condé Nast,Greater Bengaluru Area,Bengaluru,2026-09-03,React / Frontend,Medium,Not RN,0,0,0,0,0,False,True,"Accessibility, CSS, GraphQL, HTML, React, Testing (any), TypeScript",Not Applicable,Full-time,2,not stated,,,Associate Software Engineer JavaScript React,,https://in.linkedin.com/jobs/view/software-engineer-1-at-cond%C3%A9-nast-4461650626
4460975158,Associate Consultant - Technology,Viscadia,"Gurugram, Haryana, India",Delhi NCR,2026-09-02,React / Frontend,Medium,Not RN,0,0,0,0,0,False,True,"AWS, Accessibility, Authentication, CI/CD, CSS, Debugging, Git, HTML, JavaScript, React, Testing (any), TypeScript",Not Applicable,Full-time,2,not stated,,,Associate Software Engineer JavaScript React,,https://in.linkedin.com/jobs/view/associate-consultant-technology-at-viscadia-4460975158
4462023552,MERN Stack Developer,AnantaX Technologies,"Rajkot, Gujarat, India",Rajkot,2026-09-01,React / Frontend,Medium,Not RN,0,0,0,0,0,False,True,"AWS, CI/CD, Git, JavaScript, Next.js, Node.js, REST API, React, TypeScript",Not Applicable,Full-time,1,Remote,,,Associate Software Engineer JavaScript React,,https://in.linkedin.com/jobs/view/mern-stack-developer-at-anantax-technologies-4462023552
4464372697,Software Engineer,SourcingXPress,"Surat, Gujarat, India",Surat,2026-09-12,React / Frontend,Medium,Not RN,0,0,0,0,0,False,True,"CSS, Debugging, Git, HTML, JavaScript, Node.js, React, Testing (any), TypeScript",Not Applicable,Full-time,0,Onsite,,,Associate Software Engineer JavaScript React,,https://in.linkedin.com/jobs/view/software-engineer-at-sourcingxpress-4464372697
4462845207,Associate Software Engineer,Franklin Templeton,Greater Hyderabad Area,Hyderabad,2026-09-03,React / Frontend,Medium,Not RN,0,0,0,0,0,False,True,"AWS, Accessibility, Agile/Scrum, React, Testing (any)",Not Applicable,Full-time,,Onsite,,,Associate Software Engineer JavaScript React,,https://in.linkedin.com/jobs/view/associate-software-engineer-at-franklin-templeton-4462845207
4464714986,Frontend Engineer (Fully Remote) - Global AI-Powered Tech Talent Venture,SkillsCapital,India,India,2026-09-13,React / Frontend,Medium,Not RN,0,0,0,0,0,False,False,"Debugging, Git, JavaScript, Next.js, Performance Optimization, React, TypeScript",Entry level,Full-time,1,Remote,,,Associate Software Engineer JavaScript React,,https://in.linkedin.com/jobs/view/frontend-engineer-fully-remote-global-ai-powered-tech-talent-venture-at-skillscapital-4464714986
4457903005,Junior Software Engineer,TapTalent.ai,"Bengaluru, Karnataka, India",Bengaluru,2026-08-26,React / Frontend,Medium,Not RN,0,0,0,0,0,False,True,"AWS, Agile/Scrum, Git, Node.js, REST API, React, TypeScript",Entry level,Full-time,,not stated,Dhruv Bhaggat,"Entire recruitment in one platform  ||  Founder and CEO @ Taptalent.ai  ||  Ex-Walmart(myntra)  ||   Iterative w24, Founders Inc  ||  Salesforce…",Associate Software Engineer JavaScript React,,https://in.linkedin.com/jobs/view/junior-software-engineer-at-taptalent-ai-4457903005
4465083576,Associate Software Engineer,TriNet,"Hyderabad, Telangana, India",Hyderabad,2026-09-11,General Software but relevant,Low,Not RN,0,0,0,0,0,False,True,"Debugging, Git, React, Testing (any)",Not Applicable,Full-time,2,not stated,,,Associate Software Engineer JavaScript React,,https://in.linkedin.com/jobs/view/associate-software-engineer-at-trinet-4465083576
4466881040,MERN Stack Developer,InnovKaro Solutions,"Bengaluru, Karnataka, India",Bengaluru,2026-09-16,React / Frontend,Medium,Not RN,0,0,0,0,0,False,True,"CSS, Debugging, Git, HTML, JavaScript, Node.js, React",Associate,Full-time,0,Onsite,,,Associate Software Engineer JavaScript React,,https://in.linkedin.com/jobs/view/mern-stack-developer-at-innovkaro-solutions-4466881040
4465580454,Frontend Engineer,MagicBI.ai,"Mumbai, Maharashtra, India",Mumbai,2026-09-16,React / Frontend,Medium,Not RN,0,0,0,0,0,False,False,"Accessibility, CSS, Context API, Debugging, Git, HTML, JavaScript, Node.js, React, Redux, TypeScript",Entry level,Full-time,,not stated,,,Frontend Engineer,,https://in.linkedin.com/jobs/view/frontend-engineer-at-magicbi-ai-4465580454
4465998379,Junior Application Developer,CRUCIFER AI TECHNOLOGIES,Greater Kolkata Area,Kolkata,2026-09-16,React / Frontend,Medium,Not RN,0,0,0,0,0,False,False,"CSS, Debugging, Git, HTML, JavaScript, Node.js, React, Testing (any), TypeScript",Not Applicable,Full-time,,not stated,,,Associate Software Engineer JavaScript React,,https://in.linkedin.com/jobs/view/junior-application-developer-at-crucifer-ai-technologies-4465998379
4467181456,Associate - Fullstack Developer,Tata Technologies,"Pune Division, Maharashtra, India",Pune,2026-09-17,React / Frontend,Medium,Not RN,0,0,0,0,0,False,True,"CSS, HTML, React",Not Applicable,Full-time,,not stated,,,Associate Software Engineer JavaScript React,,https://in.linkedin.com/jobs/view/associate-fullstack-developer-at-tata-technologies-4467181456
4452582848,Associate Software Engineer (React+Java),Mobility Global,"Gurugram, Haryana, India",Delhi NCR,2026-09-08,React / Frontend,Medium,Not RN,0,0,0,0,0,False,False,"AWS, Agile/Scrum, App Releases, CI/CD, HTML, JavaScript, Jenkins, REST API, React",Not Applicable,Full-time,1,not stated,,,Associate Software Engineer JavaScript React,,https://in.linkedin.com/jobs/view/associate-software-engineer-react%2Bjava-at-mobility-global-4452582848
4380329378,Software Engineer,Copart,Greater Hyderabad Area,Hyderabad,2026-09-12,React / Frontend,Medium,Not RN,0,0,0,0,0,False,True,"Agile/Scrum, CI/CD, Git, GitHub Actions, JavaScript, Node.js, REST API, React, TypeScript",Not Applicable,Full-time,,not stated,,,Associate Software Engineer JavaScript React,,https://in.linkedin.com/jobs/view/software-engineer-at-copart-4380329378
4447535844,Member Technical,Broadridge India,"Hyderabad, Telangana, India",Hyderabad,2026-09-12,React / Frontend,Medium,Not RN,0,0,0,0,0,False,True,"Debugging, JavaScript, Node.js, React, Testing (any)",Not Applicable,Full-time,0,not stated,,,Associate Software Engineer JavaScript React,,https://in.linkedin.com/jobs/view/member-technical-at-broadridge-india-4447535844
4455496831,Frontend Developer,Kuku,"Bengaluru, Karnataka, India",Bengaluru,2026-08-20,React / Frontend,Medium,Not RN,0,0,0,0,0,False,False,"Android, App Store / Play Store, CSS, Context API, Debugging, Git, HTML, JavaScript, Next.js, REST API, React, Redux, Testing (any), TypeScript, iOS",Associate,Full-time,1,not stated,,,Frontend Engineer,,https://in.linkedin.com/jobs/view/frontend-developer-at-kuku-4455496831
4454123380,Front End Developer-Associate-Bangalore,PwC Acceleration Center India,"Bengaluru East, Karnataka, India",Bengaluru,2026-09-11,React / Frontend,Medium,Not RN,0,0,0,0,0,False,False,"AWS, Accessibility, Agile/Scrum, Authentication, CI/CD, Context API, Debugging, Git, GraphQL, JavaScript, Jest, REST API, React, React Testing Library, Redux, Testing (any), TypeScript, Zustand",Not Applicable,Full-time,2,not stated,,,Associate Software Engineer JavaScript React,,https://in.linkedin.com/jobs/view/front-end-developer-associate-bangalore-at-pwc-acceleration-center-india-4454123380
4459126035,Senior Software Engineer II (Frontend),MakeMyTrip,"Bengaluru, Karnataka, India",Bengaluru,2026-09-16,React / Frontend,Medium,Not RN,0,0,0,0,0,False,False,"Agile/Scrum, CI/CD, CSS, Git, HTML, JavaScript, Jest, REST API, React, Redux, Testing (any), TypeScript",Not Applicable,Full-time,4,not stated,,,Software Developer React JavaScript,,https://in.linkedin.com/jobs/view/senior-software-engineer-ii-frontend-at-makemytrip-4459126035
4454425701,React Native Developer,Cognizant,Greater Kolkata Area,Kolkata,2026-09-08,React Native,High,RN Required,5,0,0,0,0,True,False,"Accessibility, Cross-platform, Debugging, Git, Native Modules, REST API, React, React Native, Testing (any)",Not Applicable,Full-time,,Hybrid,,,Mobile App Developer,,https://in.linkedin.com/jobs/view/react-native-developer-at-cognizant-4454425701
4467986098,Software Engineer,Digiaccel Learning,"Gurugram, Haryana, India",Delhi NCR,2026-09-16,React / Frontend,Medium,Not RN,0,0,0,0,0,False,True,"Debugging, Git, JavaScript, Next.js, Node.js, REST API, React, Testing (any)",Associate,Full-time,1,not stated,Aparna Upadhyay,"Assistant Manager, HR",Associate Software Engineer JavaScript React,,https://in.linkedin.com/jobs/view/software-engineer-at-digiaccel-learning-4467986098
4455847207,Angular Developer,Virtusa,"Pune City, Maharashtra, India",Pune,2026-08-24,Adjacent Frontend Framework,Low,Not RN,0,0,0,0,0,False,False,"Agile/Scrum, CI/CD, CSS, Debugging, Git, HTML, JavaScript, REST API, Testing (any), TypeScript",Mid-Senior level,Full-time,6,not stated,Arti Sirkeck,"Talent Acquisition Specialist, Recruiting, Human Resources | Driven to Deliver Excellence",Frontend Engineer,,https://in.linkedin.com/jobs/view/angular-developer-at-virtusa-4455847207
4465719114,Full Stack Developer,Vidyalai,"Kochi, Kerala, India",Kochi,2026-09-15,React / Frontend,Medium,Not RN,0,0,0,0,0,False,True,"JavaScript, Next.js, Node.js, REST API, React, Redux, Testing (any)",Entry level,Full-time,1,not stated,Medha Lekshmi Krishnan,HR Enthusiast | Workplace Wellbeing & Psychology | Building Positive Workplaces,Associate Software Engineer JavaScript React,,https://in.linkedin.com/jobs/view/full-stack-developer-at-vidyalai-4465719114
4463243315,Full Stack Developer - Freshers - Onsite,VMax Wellness,"Coimbatore, Tamil Nadu, India",Coimbatore,2026-09-08,React / Frontend,Medium,Not RN,0,0,0,0,0,False,True,"AWS, Agile/Scrum, CI/CD, CSS, Debugging, Firebase, Git, HTML, JavaScript, Node.js, REST API, React, Testing (any), TypeScript",Entry level,Full-time,,Onsite,,,Associate Software Engineer JavaScript React,,https://in.linkedin.com/jobs/view/full-stack-developer-freshers-onsite-at-vmax-wellness-4463243315
4452274405,Senior Software Engineer(React js Developer),Mastercard,"Pune Division, Maharashtra, India",Pune,2026-09-07,React / Frontend,Medium,Not RN,0,0,0,0,0,False,False,"AWS, Agile/Scrum, Authentication, CI/CD, Debugging, JavaScript, Jenkins, React, Testing (any), TypeScript",Not Applicable,Full-time,,not stated,,,Software Developer React JavaScript,,https://in.linkedin.com/jobs/view/senior-software-engineer-react-js-developer-at-mastercard-4452274405
4447520100,Senior Software Engineer - Frontend,Microsoft,"Bengaluru, Karnataka, India",Bengaluru,2026-09-14,React / Frontend,Medium,Not RN,0,0,0,0,0,False,False,"Accessibility, CI/CD, CSS, Debugging, GraphQL, HTML, JavaScript, React, Testing (any), TypeScript",Not Applicable,Full-time,6,not stated,,,Software Developer React JavaScript,,https://in.linkedin.com/jobs/view/senior-software-engineer-frontend-at-microsoft-4447520100
4462910380,Associate Software Developer,"InterScripts, Inc.","Kondapur, Telangana, India",Kondapur,2026-09-07,React / Frontend,Medium,Not RN,0,0,0,0,0,False,True,"CI/CD, Debugging, Git, Node.js, React",Not Applicable,Full-time,1,Remote/Onsite,,,Associate Software Engineer JavaScript React,,https://in.linkedin.com/jobs/view/associate-software-developer-at-interscripts-inc-4462910380
4463169877,Associate - PEG (Full Stack Developer),Bain & Company,"Delhi, Delhi, India",Delhi NCR,2026-09-04,React / Frontend,Medium,Not RN,0,0,0,0,0,False,True,"CSS, Git, JavaScript, Node.js, React, Tailwind, TypeScript",Not Applicable,Full-time,0,not stated,,,Associate Software Engineer JavaScript React,,https://in.linkedin.com/jobs/view/associate-peg-full-stack-developer-at-bain-company-4463169877
4454105485,Full stack Developer ( React.js + Typescript+ Azure),Tesslogs IT Solutions,"Bengaluru, Karnataka, India",Bengaluru,2026-08-20,React / Frontend,Medium,Not RN,0,0,0,0,0,False,False,"Accessibility, Authentication, CI/CD, Debugging, Git, GitHub Actions, JavaScript, REST API, React, Testing (any), TypeScript",Director,Full-time,5,not stated,Jahnavi R,HR Executive at Tesslogs IT Solutions,Software Developer React JavaScript,,https://in.linkedin.com/jobs/view/full-stack-developer-react-js-%2B-typescript%2B-azure-at-tesslogs-it-solutions-4454105485
4466495121,Software Engr I,Honeywell Technologies,"Hyderabad, Telangana, India",Hyderabad,2026-09-12,React / Frontend,Medium,Not RN,0,0,0,0,0,False,True,"Agile/Scrum, CI/CD, Git, GitHub Actions, GraphQL, JavaScript, Node.js, REST API, React, Testing (any), TypeScript",Not Applicable,Full-time,1,not stated,,,Associate Software Engineer JavaScript React,,https://in.linkedin.com/jobs/view/software-engr-i-at-honeywell-technologies-4466495121
4437110557,Associate - PEG (Full Stack Developer),Bain & Company,"Gurugram, Haryana, India",Delhi NCR,2026-09-16,React / Frontend,Medium,Not RN,0,0,0,0,0,False,True,"CSS, Git, JavaScript, Node.js, React, Tailwind, TypeScript",Not Applicable,Full-time,0,not stated,,,Associate Software Engineer JavaScript React,,https://in.linkedin.com/jobs/view/associate-peg-full-stack-developer-at-bain-company-4437110557
4455406921,Senior Front End Software Engineer,Qualys,"Pune Division, Maharashtra, India",Pune,2026-09-10,React / Frontend,Medium,Not RN,0,0,0,0,0,False,False,"Accessibility, CI/CD, CSS, Git, JavaScript, Jenkins, Node.js, Performance Optimization, React, React Testing Library, Redux, Redux Toolkit, Testing (any), TypeScript",Not Applicable,Full-time,2,not stated,,,Software Developer React JavaScript,,https://in.linkedin.com/jobs/view/senior-front-end-software-engineer-at-qualys-4455406921
4463252315,Senior Software Engineer- UI/UX Frontend,CellPoint Digital,"Pune Division, Maharashtra, India",Pune,2026-09-08,React / Frontend,Medium,Not RN,0,0,0,0,0,False,False,"Accessibility, Agile/Scrum, Authentication, CI/CD, CSS, Debugging, Git, HTML, JavaScript, REST API, React, Redux, Testing (any), TypeScript",Not Applicable,Full-time,5,not stated,,,Frontend Engineer,,https://in.linkedin.com/jobs/view/senior-software-engineer-ui-ux-frontend-at-cellpoint-digital-4463252315
4463866192,React JS developer,Crisil,"Mumbai, Maharashtra, India",Mumbai,2026-09-09,React / Frontend,Medium,Not RN,0,0,0,0,0,False,False,"Agile/Scrum, HTML, JavaScript, React, Testing (any)",Not Applicable,Full-time,6,not stated,,,Software Developer React JavaScript,,https://in.linkedin.com/jobs/view/react-js-developer-at-crisil-4463866192
4464819078,Front Backend Engineer – SaaSNova,SaaSNova,"Chennai, Tamil Nadu, India",Chennai,2026-09-10,React / Frontend,Medium,Not RN,0,0,0,0,0,False,True,"AWS, Accessibility, Authentication, Git, Jest, Next.js, React, React Testing Library, Tailwind, Testing (any), TypeScript",Entry level,Full-time,3,Hybrid,,,Software Developer React JavaScript,,https://in.linkedin.com/jobs/view/front-backend-engineer-%E2%80%93-saasnova-at-saasnova-4464819078
4462684236,Senior Software Development Engineer (Mobile),Neo,"Bengaluru, Karnataka, India",Bengaluru,2026-09-06,React Native,Medium,RN Optional,1,0,1,1,1,False,False,"Android, Android Studio, App Store / Play Store, Cross-platform, Debugging, Flutter, Kotlin, Performance Optimization, React, React Native, Swift, Testing (any), TypeScript, iOS",Associate,Full-time,5,not stated,,,Application Developer Mobile Android iOS,,https://in.linkedin.com/jobs/view/senior-software-development-engineer-mobile-at-neo-4462684236
4432552774,Mobile App Developer,Toro Technology Center - India,"Pune Division, Maharashtra, India",Pune,2026-08-28,Mobile Native,Medium,Not RN,0,0,0,0,0,False,False,"AWS, Accessibility, Android, Authentication, CI/CD, Debugging, Git, GitHub Actions, Kotlin, Performance Optimization, Swift, Xcode, iOS",Not Applicable,Full-time,5,Remote/Hybrid/Onsite,,,Application Developer Mobile Android iOS,,https://in.linkedin.com/jobs/view/mobile-app-developer-at-toro-technology-center-india-4432552774
4457766571,Senior iOS Engineer,Nomni,"Chennai, Tamil Nadu, India",Chennai,2026-08-27,Cross-Platform Mobile,Medium,Not RN,0,0,0,0,2,False,False,"Android, App Releases, App Store / Play Store, CI/CD, Cross-platform, Debugging, Fastlane, Firebase, Flutter, Git, GitHub Actions, Performance Optimization, Swift, Testing (any), iOS",Mid-Senior level,Full-time,5,not stated,Neethu Dharan N,Global Talent Head  • Building People-Centric Teams,Application Developer Mobile Android iOS,,https://in.linkedin.com/jobs/view/senior-ios-engineer-at-nomni-4457766571
4463952366,iOS Developer II,OLX India,"Gurugram, Haryana, India",Delhi NCR,2026-09-11,Mobile Native,Medium,Not RN,0,0,0,0,0,False,False,"Agile/Scrum, CI/CD, Fastlane, Git, REST API, Swift, Testing (any), iOS",Associate,Full-time,4,not stated,,,Application Developer Mobile Android iOS,,https://in.linkedin.com/jobs/view/ios-developer-ii-at-olx-india-4463952366
4461948701,Senior Frontend Developer,ThreatXIntel,"Chennai, Tamil Nadu, India",Chennai,2026-09-04,React / Frontend,Medium,Not RN,0,0,0,0,0,False,False,"JavaScript, React, Testing (any), TypeScript",Mid-Senior level,Contract,,not stated,Eunice Emily,Human Resource Speclist,Frontend Engineer,,https://in.linkedin.com/jobs/view/senior-frontend-developer-at-threatxintel-4461948701
4450300901,Developer Specialist - WebOps - Core Maintenance,Google Operations Center,"Bengaluru East, Karnataka, India",Bengaluru,2026-08-28,Adjacent Frontend Framework,Low,Not RN,0,0,0,0,0,False,True,"Git, JavaScript, Performance Optimization, TypeScript",Not Applicable,Full-time,2,Onsite,,,Frontend Engineer,,https://in.linkedin.com/jobs/view/developer-specialist-webops-core-maintenance-at-google-operations-center-4450300901
4452594182,iOS Developer,Collinson Group,Mumbai Metropolitan Region,Mumbai Metropolitan,2026-08-18,Mobile Native,Medium,Not RN,0,0,0,0,0,False,False,"CI/CD, Swift, iOS",Associate,Full-time,2,Hybrid,Britney Dias,Executive – Talent Acquisition,Application Developer Mobile Android iOS,,https://in.linkedin.com/jobs/view/ios-developer-at-collinson-group-4452594182
4463172670,Software Engineer 3-Frontend,Bidgely,"Bengaluru, Karnataka, India",Bengaluru,2026-09-04,React / Frontend,Medium,Not RN,0,0,0,0,0,False,False,"JavaScript, React, Testing (any)",Not Applicable,Full-time,4,not stated,,,Frontend Engineer,,https://in.linkedin.com/jobs/view/software-engineer-3-frontend-at-bidgely-4463172670
4466188888,Frontend Developer (React / Next.js / Vector Search UI),HYrEzy Tech Solutions,"Gurugram, Haryana, India",Delhi NCR,2026-09-15,React / Frontend,Medium,Not RN,0,0,0,0,0,False,False,"Agile/Scrum, CSS, Git, GraphQL, JavaScript, Next.js, REST API, React, Tailwind, TypeScript",Associate,Full-time,3,Remote,,,Frontend Engineer,,https://in.linkedin.com/jobs/view/frontend-developer-react-next-js-vector-search-ui-at-hyrezy-tech-solutions-4466188888
4458304042,Junior Frontend Developer | Discovery & Ticketing Platform,Katapult,"Bengaluru, Karnataka, India",Bengaluru,2026-08-26,React Native,High,RN Required,3,0,0,0,0,False,False,"Accessibility, Authentication, CSS, Cross-platform, Debugging, Git, HTML, JavaScript, React, React Native, Redux, Testing (any), TypeScript, Zustand",Associate,Full-time,1,Onsite,,,Frontend Engineer,,https://in.linkedin.com/jobs/view/junior-frontend-developer-discovery-ticketing-platform-at-katapult-4458304042
4454994262,Senior Software Engineer_Frontend,Taazaa Inc,"Noida, Uttar Pradesh, India",Delhi NCR,2026-08-19,React / Frontend,Medium,Not RN,0,0,0,0,0,False,False,"Agile/Scrum, CSS, Git, GraphQL, HTML, JavaScript, MobX, REST API, React, Redux, TypeScript",Mid-Senior level,Full-time,4,Remote,,,Frontend Engineer,,https://in.linkedin.com/jobs/view/senior-software-engineer-frontend-at-taazaa-inc-4454994262
4458894156,Senior Software Engineer (Angular),CES,"Chennai, Tamil Nadu, India",Chennai,2026-08-31,React / Frontend,Medium,Not RN,0,0,0,0,0,False,False,"Accessibility, Agile/Scrum, CI/CD, CSS, Debugging, Git, HTML, JavaScript, Jest, REST API, Redux, Testing (any), TypeScript",Mid-Senior level,Full-time,5,not stated,Rajeshwari Ramakrishnan,Technical Recruiter | Talent Partner | Building High-Performing Tech Teams,Frontend Engineer,,https://in.linkedin.com/jobs/view/senior-software-engineer-angular-at-ces-4458894156
4248968896,Senior Applications Developer Chennai,UPS,"Chennai, Tamil Nadu, India",Chennai,2026-09-09,Mobile Native,Medium,Not RN,0,0,0,0,0,False,True,"Agile/Scrum, Android, CI/CD, Kotlin, REST API, Testing (any), iOS",Not Applicable,Full-time,7,not stated,,,Application Developer Mobile Android iOS,,https://in.linkedin.com/jobs/view/senior-applications-developer-chennai-at-ups-4248968896
4453426686,Senior Front-End Developer,Kots,"Bengaluru, Karnataka, India",Bengaluru,2026-08-19,React / Frontend,Medium,Not RN,0,0,0,0,0,False,False,"AWS, Accessibility, CSS, Git, HTML, Jest, React, Testing (any), TypeScript",Mid-Senior level,Full-time,,not stated,,,Frontend Engineer,,https://in.linkedin.com/jobs/view/senior-front-end-developer-at-kots-4453426686
4418689757,IOS Lead,BNP Paribas,"Chennai, Tamil Nadu, India",Chennai,2026-09-10,Mobile Native,Medium,Not RN,0,0,0,0,0,False,False,"Agile/Scrum, CI/CD, Git, Swift, Testing (any), iOS",Not Applicable,Full-time,9,not stated,,,Application Developer Mobile Android iOS,,https://in.linkedin.com/jobs/view/ios-lead-at-bnp-paribas-4418689757
4448385283,Custom Software Engineer,Accenture in India,"Pune Division, Maharashtra, India",Pune,2026-09-01,Mobile Native,Medium,Not RN,0,0,0,0,0,False,True,"Agile/Scrum, CI/CD, Performance Optimization, REST API, Swift, iOS",Not Applicable,Full-time,5,not stated,,,Application Developer Mobile Android iOS,,https://in.linkedin.com/jobs/view/custom-software-engineer-at-accenture-in-india-4448385283
4466210090,Lead I - Software Engineering - IOS Application,UST,"Pune Division, Maharashtra, India",Pune,2026-09-16,General Software but relevant,Low,Not RN,0,0,0,0,0,False,False,"REST API, React, Swift, iOS",Not Applicable,Full-time,,not stated,,,Application Developer Mobile Android iOS,,https://in.linkedin.com/jobs/view/lead-i-software-engineering-ios-application-at-ust-4466210090
4465681086,Front End Engineer,Cohesity,"Bangalore Rural, Karnataka, India",Bangalore Rural,2026-09-10,React / Frontend,Medium,Not RN,0,0,0,0,0,False,False,"AWS, CSS, HTML, JavaScript, React, Testing (any)",Not Applicable,Full-time,,Onsite,,,Frontend Engineer,,https://in.linkedin.com/jobs/view/front-end-engineer-at-cohesity-4465681086
4464350404,SDE 1,Newton School,"Bengaluru, Karnataka, India",Bengaluru,2026-09-07,React / Frontend,Medium,Not RN,0,0,0,0,0,False,True,"Accessibility, CSS, Debugging, Git, HTML, JavaScript, Jest, Next.js, React, React Testing Library, Redux, Redux Toolkit, Testing (any), TypeScript",Not Applicable,Full-time,1,not stated,,,Frontend Engineer,,https://in.linkedin.com/jobs/view/sde-1-at-newton-school-4464350404
4463845148,Frontend Developer,Cimpress,"Mumbai, Maharashtra, India",Mumbai,2026-09-09,React / Frontend,Medium,Not RN,0,0,0,0,0,False,False,"Accessibility, CSS, Debugging, Git, HTML, JavaScript, React, TypeScript",Associate,Full-time,,Remote,Gangashree Pattanaik (She/Her),Matching Professionals with Opportunity. Share your resume at gangashree.pattnaik@cimpress.com,Frontend Engineer,,https://in.linkedin.com/jobs/view/frontend-developer-at-cimpress-4463845148
4456887348,Frontend Developer,Codewalla,"Chennai, Tamil Nadu, India",Chennai,2026-08-24,React / Frontend,Medium,Not RN,0,0,0,0,0,False,False,"Accessibility, Agile/Scrum, CSS, Debugging, Git, GraphQL, JavaScript, Next.js, Node.js, REST API, React, Tailwind, Testing (any), TypeScript",Mid-Senior level,Full-time,4,not stated,Jerusha Dias,"💼 Sr. HR Generalist | People & Culture, TA & HRIS | DEI Advocate | Building Human-Centered Teams | Sharing Real Talk on Hiring, Culture & Growth",Frontend Engineer,,https://in.linkedin.com/jobs/view/frontend-developer-at-codewalla-4456887348
4454703438,Software Engineer II,Chegg India,"Delhi, Delhi, India",Delhi NCR,2026-09-08,React / Frontend,Medium,Not RN,0,0,0,0,0,False,True,"AWS, Accessibility, Authentication, CSS, Debugging, Git, GraphQL, Jest, Kotlin, Next.js, Node.js, React, React Testing Library, Redux, Redux Toolkit, Testing (any), TypeScript, Zustand",Not Applicable,Full-time,4,Remote/Hybrid,,,UI Engineer React JavaScript,,https://in.linkedin.com/jobs/view/software-engineer-ii-at-chegg-india-4454703438
4462801584,Senior Frontend Engineer,Zoca,"Bengaluru, Karnataka, India",Bengaluru,2026-09-03,React / Frontend,Medium,Not RN,0,0,0,0,0,False,False,"Accessibility, React, TypeScript",Mid-Senior level,Full-time,4,not stated,,,Frontend Engineer,,https://in.linkedin.com/jobs/view/senior-frontend-engineer-at-zoca-4462801584
4468268429,Frontend Engineer,SupplyHouse,"Itanagar, Arunachal Pradesh, India",Itanagar,2026-09-16,React / Frontend,Medium,Not RN,0,0,0,0,0,False,False,"Accessibility, CSS, Git, JavaScript, Jest, Node.js, REST API, React, React Testing Library, Redux, Testing (any), TypeScript",Not Applicable,Full-time,2,Remote,,,UI Engineer React JavaScript,,https://in.linkedin.com/jobs/view/frontend-engineer-at-supplyhouse-4468268429
4467981205,Senior Frontend Engineer,Moniepoint Group,"Bengaluru, Karnataka, India",Bengaluru,2026-09-16,React / Frontend,Medium,Not RN,0,0,0,0,0,False,False,"Accessibility, Agile/Scrum, Authentication, CI/CD, CSS, Git, GraphQL, HTML, JavaScript, Next.js, REST API, React, Testing (any), TypeScript",Mid-Senior level,Full-time,,Remote,,,UI Engineer React JavaScript,,https://in.linkedin.com/jobs/view/senior-frontend-engineer-at-moniepoint-group-4467981205
4413304261,SOFTWARE ENGINEER III - IOS,Walmart Global Tech India,"Chennai, Tamil Nadu, India",Chennai,2026-09-03,Mobile Native,Medium,Not RN,0,0,0,0,0,False,False,"AWS, Accessibility, App Store / Play Store, CI/CD, Debugging, Fastlane, Git, GraphQL, Jenkins, Offline Storage, Performance Optimization, Swift, Testing (any), iOS",Not Applicable,Full-time,2,not stated,,,Application Developer Mobile Android iOS,,https://in.linkedin.com/jobs/view/software-engineer-iii-ios-at-walmart-global-tech-india-4413304261
4456883330,Senior Software Engineer,Neo,"Bengaluru, Karnataka, India",Bengaluru,2026-08-24,React / Frontend,Medium,Not RN,0,0,0,0,0,False,True,"Accessibility, CSS, GraphQL, HTML, JavaScript, React, Testing (any), TypeScript",Associate,Full-time,3,not stated,,,Frontend Engineer,,https://in.linkedin.com/jobs/view/senior-software-engineer-at-neo-4456883330
4460847783,Frontend Engineer,Autter,"Chandipur, West Bengal, India",Chandipur,2026-08-30,React / Frontend,Medium,Not RN,0,0,0,0,0,False,False,"CSS, HTML, JavaScript, Next.js, React, Tailwind, TypeScript",Not Applicable,Full-time,,not stated,,,Frontend Engineer,,https://in.linkedin.com/jobs/view/frontend-engineer-at-autter-4460847783
4464883492,Sr Engineer - Digital Fabric,Tata Communications,"Pune Division, Maharashtra, India",Pune,2026-09-11,React / Frontend,Medium,Not RN,0,0,0,0,0,False,True,"Agile/Scrum, Authentication, CI/CD, CSS, Context API, Debugging, Git, GitHub Actions, JavaScript, Jenkins, Jest, REST API, React, React Testing Library, Redux, Redux Toolkit, Tailwind, Testing (any), TypeScript",Not Applicable,Full-time,5,not stated,,,UI Engineer React JavaScript,,https://in.linkedin.com/jobs/view/sr-engineer-digital-fabric-at-tata-communications-4464883492
4465952366,Senior Frontend Engineer,Refold AI,"Bengaluru, Karnataka, India",Bengaluru,2026-09-16,React / Frontend,Medium,Not RN,0,0,0,0,0,False,False,"CSS, Debugging, GraphQL, HTML, JavaScript, React, Testing (any), TypeScript",Mid-Senior level,Full-time,,not stated,,,UI Engineer React JavaScript,,https://in.linkedin.com/jobs/view/senior-frontend-engineer-at-refold-ai-4465952366
4465486679,iOS Developer,Jobgether,India,India,2026-09-14,Mobile Native,Medium,Not RN,0,0,0,0,0,False,False,"CI/CD, Swift, Testing (any), iOS",Not Applicable,Full-time,2,Remote/Hybrid,,,Application Developer Mobile Android iOS,,https://in.linkedin.com/jobs/view/ios-developer-at-jobgether-4465486679
4462742205,Software Engineer III - Mobile Developer,JPMorganChase,"Bengaluru, Karnataka, India",Bengaluru,2026-09-03,Mobile Native,Medium,Not RN,0,0,0,0,0,False,False,"Agile/Scrum, Debugging, Performance Optimization, REST API, Swift, Testing (any), Xcode, iOS",Not Applicable,Full-time,5,not stated,,,Application Developer Mobile Android iOS,,https://in.linkedin.com/jobs/view/software-engineer-iii-mobile-developer-at-jpmorganchase-4462742205
4454493443,Senior Frontend Developer,Aqilea,"Bengaluru, Karnataka, India",Bengaluru,2026-08-18,React / Frontend,Medium,Not RN,0,0,0,0,0,False,False,"Accessibility, Agile/Scrum, CI/CD, Context API, Git, GraphQL, JavaScript, Jest, React, React Testing Library, Redux, Redux Toolkit, Testing (any), TypeScript, Zustand",Mid-Senior level,Full-time,5,Hybrid,,,Frontend Engineer,,https://in.linkedin.com/jobs/view/senior-frontend-developer-at-aqilea-4454493443
4457963084,Senior Software Engineer - iOS,Priceline,"Mumbai, Maharashtra, India",Mumbai,2026-09-16,Cross-Platform Mobile,Medium,Not RN,0,0,0,0,0,False,False,"App Store / Play Store, CI/CD, Kotlin, Swift, Testing (any), Xcode, iOS",Not Applicable,Full-time,6,Remote/Hybrid/Onsite,,,Application Developer Mobile Android iOS,,https://in.linkedin.com/jobs/view/senior-software-engineer-ios-at-priceline-4457963084
4462033271,React.js Developer,AnantaX Technologies,"Rajkot, Gujarat, India",Rajkot,2026-09-01,React / Frontend,Medium,Not RN,0,0,0,0,0,False,False,"Accessibility, CSS, Next.js, Performance Optimization, React",Not Applicable,Full-time,2,Remote,,,Frontend Engineer,,https://in.linkedin.com/jobs/view/react-js-developer-at-anantax-technologies-4462033271
4446739129,Senior Frontend Developer,EXL,"Bengaluru, Karnataka, India",Bengaluru,2026-09-10,React / Frontend,Low,Not RN,0,0,0,0,0,False,False,,Not Applicable,Full-time,,not stated,,,Frontend Developer,thin description - unclassifiable,https://in.linkedin.com/jobs/view/senior-frontend-developer-at-exl-4446739129
4455595859,Senior UI Software Engineer,Dodge Construction Network,"Kochi, Kerala, India",Kochi,2026-09-08,Adjacent Frontend Framework,Low,Not RN,0,0,0,0,0,False,False,CSS,Mid-Senior level,Full-time,6,Onsite,,,Frontend Engineer,,https://in.linkedin.com/jobs/view/senior-ui-software-engineer-at-dodge-construction-network-4455595859
4464335233,Senior Front End Developer,ICE,"Hyderabad, Telangana, India",Hyderabad,2026-09-07,React / Frontend,Medium,Not RN,0,0,0,0,0,False,False,"Accessibility, CI/CD, CSS, Debugging, Git, HTML, JavaScript, Jest, Node.js, REST API, React, Redux, Tailwind, Testing (any), TypeScript",Not Applicable,Full-time,2,not stated,,,Frontend Engineer,,https://in.linkedin.com/jobs/view/senior-front-end-developer-at-ice-4464335233
4452366621,Senior Frontend Developer,Kuoni Tumlare,"New Delhi, Delhi, India",Delhi NCR,2026-09-11,React / Frontend,Medium,Not RN,0,0,0,0,0,False,False,"GraphQL, JavaScript, Jenkins, REST API, React, Redux, TypeScript",Mid-Senior level,Full-time,0,not stated,Nasreen Khan,Specialist Country HR India & Middle East - Kuoni Tumlare | Emotional Intelligence Coach | DEIB Trainer | POSH Trainer | POCSO TTT | Certified TTT -…,Frontend Developer,,https://in.linkedin.com/jobs/view/senior-frontend-developer-at-kuoni-tumlare-4452366621
4448378026,Sr. Front End Developer,Accenture in India,"Kochi, Kerala, India",Kochi,2026-09-01,React / Frontend,Medium,Not RN,0,0,0,0,0,False,False,"Accessibility, Agile/Scrum, CI/CD, CSS, Context API, Debugging, Git, HTML, JavaScript, Jest, React, Redux, Tailwind, Testing (any), TypeScript",Not Applicable,Full-time,3,not stated,,,UI Engineer React JavaScript,,https://in.linkedin.com/jobs/view/sr-front-end-developer-at-accenture-in-india-4448378026
4432650649,Sr Software Engineer - UI,Five9,Greater Bengaluru Area,Bengaluru,2026-08-28,React / Frontend,Medium,Not RN,0,0,0,0,0,False,False,"Accessibility, CI/CD, CSS, Git, HTML, JavaScript, Jest, React, TypeScript, Zustand",Not Applicable,Volunteer,5,Hybrid,,,UI Engineer React JavaScript,,https://in.linkedin.com/jobs/view/sr-software-engineer-ui-at-five9-4432650649
4464528894,Frontend Developer,Capco,"Pune City, Maharashtra, India",Pune,2026-09-10,React / Frontend,Medium,Not RN,0,0,0,0,0,False,False,"Accessibility, CI/CD, CSS, Debugging, HTML, JavaScript, Jest, React, React Testing Library, Redux, Testing (any), TypeScript",Mid-Senior level,Full-time,8,not stated,Sabarish Annadurai,Talent Acquisition Specialist | Data & AI Hiring Expert | BFSI Industry Focus,Frontend Engineer,,https://in.linkedin.com/jobs/view/frontend-developer-at-capco-4464528894
4462552413,Software Engineer-II (Frontend),Beam AI,"Noida, Uttar Pradesh, India",Delhi NCR,2026-09-08,React / Frontend,Medium,Not RN,0,0,0,0,0,False,False,"AWS, CSS, Debugging, HTML, JavaScript, Jest, Next.js, React, React Testing Library, Testing (any), TypeScript, Zustand",Not Applicable,Full-time,3,not stated,,,Frontend Engineer,,https://in.linkedin.com/jobs/view/software-engineer-ii-frontend-at-beam-ai-4462552413
4460695190,Frontend Developer,Vira AI : Agentic AI for HR and L&D,"Gurugram, Haryana, India",Delhi NCR,2026-09-02,React / Frontend,Medium,Not RN,0,0,0,0,0,False,False,"CSS, Debugging, HTML, JavaScript, React, Redux, TypeScript",Not Applicable,Full-time,2,not stated,,,Frontend Engineer,,https://in.linkedin.com/jobs/view/frontend-developer-at-vira-ai-agentic-ai-for-hr-and-l-d-4460695190
4468257230,Senior Frontend Engineer,HuntingCube,"Bengaluru East, Karnataka, India",Bengaluru,2026-09-16,React / Frontend,Medium,Not RN,0,0,0,0,0,False,False,"Agile/Scrum, CSS, Git, HTML, REST API, React, Tailwind, TypeScript",Not Applicable,Full-time,1,not stated,,,Frontend Developer,,https://in.linkedin.com/jobs/view/senior-frontend-engineer-at-huntingcube-4468257230
4464429321,Senior Frontend Developer,Vira AI : Agentic AI for HR and L&D,"Gurugram, Haryana, India",Delhi NCR,2026-09-08,React / Frontend,Medium,Not RN,0,0,0,0,0,False,False,"CSS, Debugging, HTML, JavaScript, React, Redux, TypeScript",Not Applicable,Full-time,5,not stated,,,Frontend Engineer,,https://in.linkedin.com/jobs/view/senior-frontend-developer-at-vira-ai-agentic-ai-for-hr-and-l-d-4464429321
4459631569,Senior Flutter Developer - Backbase CXP,NetConnectGlobal,Greater Hyderabad Area,Hyderabad,2026-08-27,Cross-Platform Mobile,Medium,Not RN,0,0,0,0,6,False,False,"Android, Authentication, CI/CD, Debugging, Firebase, Flutter, Git, Performance Optimization, REST API, iOS",Not Applicable,Full-time,,Hybrid,,,Mobile App Developer,,https://in.linkedin.com/jobs/view/senior-flutter-developer-backbase-cxp-at-netconnectglobal-4459631569
4463289982,Software Engineer-II (Frontend),Attentive.ai,"Noida, Uttar Pradesh, India",Delhi NCR,2026-09-08,React / Frontend,Medium,Not RN,0,0,0,0,0,False,False,"AWS, CSS, Debugging, HTML, JavaScript, Jest, Next.js, React, React Testing Library, Testing (any), TypeScript, Zustand",Mid-Senior level,Full-time,3,not stated,,,Frontend Engineer,,https://in.linkedin.com/jobs/view/software-engineer-ii-frontend-at-attentive-ai-4463289982
4450307515,Developer Specialist - WebOps - Core Maintenance,Google Operations Center,Greater Hyderabad Area,Hyderabad,2026-08-28,Adjacent Frontend Framework,Low,Not RN,0,0,0,0,0,False,True,"Git, JavaScript, Performance Optimization, TypeScript",Not Applicable,Full-time,2,Onsite,,,Frontend Developer,,https://in.linkedin.com/jobs/view/developer-specialist-webops-core-maintenance-at-google-operations-center-4450307515
4466855557,"Software Engineer (Mobile development: Xamarin, MAUI)",NielsenIQ,"Chennai, Tamil Nadu, India",Chennai,2026-09-16,React Native,Medium,RN Optional,1,0,1,0,1,False,False,"Agile/Scrum, Android, CI/CD, CSS, Cross-platform, Debugging, Flutter, Git, HTML, JavaScript, Performance Optimization, React, React Native, Swift, Testing (any), iOS",Mid-Senior level,Full-time,2,not stated,,,Mobile App Developer,,https://in.linkedin.com/jobs/view/software-engineer-mobile-development-xamarin-maui-at-nielseniq-4466855557
4461137035,iOS Developer + BLE,QBurst,"Trivandrum, Kerala, India",Trivandrum,2026-09-04,Mobile Native,Medium,Not RN,0,0,0,0,0,False,False,"Debugging, Performance Optimization, Swift, Testing (any), iOS",Mid-Senior level,Full-time,8,not stated,,,Mobile App Developer,,https://in.linkedin.com/jobs/view/ios-developer-%2B-ble-at-qburst-4461137035
4463328987,Senior Flutter Developer,Daxko,Mumbai Metropolitan Region,Mumbai Metropolitan,2026-09-04,Cross-Platform Mobile,Medium,Not RN,0,0,0,0,6,False,False,"Android, App Store / Play Store, Authentication, CI/CD, Fastlane, Flutter, Kotlin, Swift, Testing (any), iOS",Not Applicable,Full-time,4,not stated,,,Mobile App Developer,,https://in.linkedin.com/jobs/view/senior-flutter-developer-at-daxko-4463328987
4465675993,Flutter Developer,DreamBuild Technologies,Greater Surat Area,Surat,2026-09-10,Cross-Platform Mobile,Medium,Not RN,0,0,0,0,10,False,False,"Agile/Scrum, Android, App Releases, App Store / Play Store, Authentication, CI/CD, Cross-platform, Debugging, Firebase, Flutter, Git, Testing (any), iOS",Not Applicable,Full-time,0,not stated,,,Cross Platform Mobile Developer,,https://in.linkedin.com/jobs/view/flutter-developer-at-dreambuild-technologies-4465675993
4462556024,iOS Developer,iGreenTech Services,"Rajkot, Gujarat, India",Rajkot,2026-09-08,General Software but relevant,Low,Not RN,0,0,0,0,0,False,False,iOS,Not Applicable,Full-time,0,not stated,,,Mobile App Developer,,https://in.linkedin.com/jobs/view/ios-developer-at-igreentech-services-4462556024
4460934205,Mobile Engineer,ANDPAYMENTS,"Noida, Uttar Pradesh, India",Delhi NCR,2026-09-02,Cross-Platform Mobile,Medium,Not RN,0,0,0,0,9,False,False,"Android, App Store / Play Store, CI/CD, Debugging, Fastlane, Firebase, Flutter, Offline Storage, iOS",Associate,Full-time,,not stated,Pooja Mandhare,HR Manager at Stealth Fintech | HRIS Implementation | Fintech Recruiting | Building Scalable People Functions,Cross Platform Mobile Developer,,https://in.linkedin.com/jobs/view/mobile-engineer-at-andpayments-4460934205
4401039593,React Frontend developer,Orion Innovation,"Coimbatore, Tamil Nadu, India",Coimbatore,2026-09-10,React / Frontend,Medium,Not RN,0,0,0,0,0,False,False,"Accessibility, Agile/Scrum, CI/CD, CSS, Git, JavaScript, Jest, Next.js, React, React Testing Library, Redux, Testing (any), TypeScript",Mid-Senior level,Full-time,,not stated,,,UI Engineer React JavaScript,,https://in.linkedin.com/jobs/view/react-frontend-developer-at-orion-innovation-4401039593
4457753154,Frontend-SDE 3,Truemeds,"Bangalore Urban, Karnataka, India",Bengaluru,2026-08-27,React / Frontend,Medium,Not RN,0,0,0,0,0,False,False,"Accessibility, CI/CD, CSS, Debugging, Git, JavaScript, Jest, React, React Testing Library, Redux, Tailwind, Testing (any)",Mid-Senior level,Full-time,6,Hybrid,Pankaj Kumar,HR@Truemeds l TISS ODCL’25 l BITS CH’19 l JSW Steel l Parle Agro l Tata Motors l IKS Health,Frontend Engineer,,https://in.linkedin.com/jobs/view/frontend-sde-3-at-truemeds-4457753154
4468320982,React Developer,FetchJobs.co,India,India,2026-09-17,React Native,High,RN Required,3,0,1,0,0,False,False,"Agile/Scrum, CI/CD, Debugging, Git, GraphQL, JavaScript, Node.js, Performance Optimization, REST API, React, React Native, iOS",Associate,Full-time,5,Remote,,,Mobile Engineer React Native,,https://in.linkedin.com/jobs/view/react-developer-at-fetchjobs-co-4468320982
4455950466,Senior Frontend Engineer - JavaScript (ES6+) & Vue 3 experience is a must,SonicWall,"Pune Division, Maharashtra, India",Pune,2026-09-09,Adjacent Frontend Framework,Low,Not RN,0,0,0,0,0,False,False,"CI/CD, Debugging, Git, JavaScript, Jest, REST API, Testing (any), TypeScript",Not Applicable,Full-time,,Remote/Hybrid,,,Frontend Engineer,,https://in.linkedin.com/jobs/view/senior-frontend-engineer-javascript-es6%2B-vue-3-experience-is-a-must-at-sonicwall-4455950466
4460249738,React Native Engineer,EliteRecruitments,Greater Bengaluru Area,Bengaluru,2026-09-01,React Native,High,RN Required,6,0,0,0,0,True,False,"AWS, Agile/Scrum, Android, Authentication, CI/CD, Git, GitHub Actions, Jenkins, React, React Native, Testing (any), iOS",Mid-Senior level,Full-time,6,not stated,,,Mobile Engineer React Native,,https://in.linkedin.com/jobs/view/react-native-engineer-at-eliterecruitments-4460249738
4463961328,React Native Engineer,Entiovi Technologies,India,India,2026-09-16,React Native,High,RN Required,3,1,0,0,0,True,False,"AWS, Android, Android Studio, Expo, JavaScript, React, React Native",Entry level,Full-time,4,not stated,Shivani Khanna,Senior Executive- HR & Projects | Functioning as HR Head | Talent Acquisition | Employee Lifecycle Management | Project Coordination,Mobile Engineer React Native,,https://in.linkedin.com/jobs/view/react-native-engineer-at-entiovi-technologies-4463961328
4448339093,Application Developer,Accenture in India,"Indore, Madhya Pradesh, India",Indore,2026-09-01,React Native,High,RN Required,3,1,1,0,0,False,False,"Git, JavaScript, REST API, React, React Native",Not Applicable,Full-time,3,not stated,,,Mobile Engineer React Native,,https://in.linkedin.com/jobs/view/application-developer-at-accenture-in-india-4448339093
4465963534,Senior Frontend Engineer,"Milestone Technologies, Inc.","Kochi, Kerala, India",Kochi,2026-09-16,React / Frontend,Medium,Not RN,0,0,0,0,0,False,False,"AWS, React",Not Applicable,Full-time,5,not stated,,,React Developer,,https://in.linkedin.com/jobs/view/senior-frontend-engineer-at-milestone-technologies-inc-4465963534
4459118127,React Developer with Java,Luxoft,"Pune District, Maharashtra, India",Pune,2026-08-26,React / Frontend,Medium,Not RN,0,0,0,0,0,False,False,"Accessibility, CI/CD, CSS, Context API, Debugging, Git, JavaScript, Jest, Next.js, REST API, React, React Testing Library, Redux, Testing (any), TypeScript",Mid-Senior level,Full-time,8,not stated,Doris Zhang,Luxoft Global Talent Acquisition,React Developer,,https://in.linkedin.com/jobs/view/react-developer-with-java-at-luxoft-4459118127
4464867635,Angular Developer,Innefu Labs,"Delhi, India",Delhi NCR,2026-09-11,Adjacent Frontend Framework,Low,Not RN,0,0,0,0,0,False,False,"Agile/Scrum, Debugging, Git, JavaScript, REST API, Testing (any), TypeScript",Mid-Senior level,Full-time,4,not stated,Alka Syohi,Senior Executive Human Resources,Frontend Developer,,https://in.linkedin.com/jobs/view/angular-developer-at-innefu-labs-4464867635
4463771872,Front-End Engineer II,Amazon,"Bengaluru, Karnataka, India",Bengaluru,2026-09-06,React / Frontend,Medium,Not RN,0,0,0,0,0,False,False,"Agile/Scrum, CSS, Debugging, HTML, JavaScript, React, TypeScript",Mid-Senior level,Full-time,4,not stated,,,Frontend Engineer,,https://in.linkedin.com/jobs/view/front-end-engineer-ii-at-amazon-4463771872
4462964068,React JS Developer,Doxor,"Mysore, Karnataka, India",Mysore,2026-09-07,React Native,Medium,RN Optional,1,0,0,0,0,False,False,"CSS, Git, HTML, JavaScript, REST API, React, React Native, Redux, TypeScript",Entry level,Full-time,2,Onsite,,,React Developer,,https://in.linkedin.com/jobs/view/react-js-developer-at-doxor-4462964068
4467092442,IN-Senior Associate_MERN Stack_Digital Integration_Advisory_Gurgaon,PwC India,"Gurugram, Haryana, India",Delhi NCR,2026-09-14,React / Frontend,Medium,Not RN,0,0,0,0,0,False,True,"AWS, Authentication, Git, JavaScript, Performance Optimization, REST API, React, Testing (any), TypeScript",Mid-Senior level,Full-time,3,not stated,,,Associate Software Engineer JavaScript React,,https://in.linkedin.com/jobs/view/in-senior-associate-mern-stack-digital-integration-advisory-gurgaon-at-pwc-india-4467092442
4465802213,Frontend Engineer,Uplers,"Bengaluru, Karnataka, India",Bengaluru,2026-09-10,React Native,Medium,RN Required,2,1,1,0,0,False,False,"CSS, Debugging, GraphQL, React, React Native, Redux, TypeScript, Zustand",Not Applicable,Full-time,0,Onsite,,,Frontend Engineer,,https://in.linkedin.com/jobs/view/frontend-engineer-at-uplers-4465802213
4466847570,Trainee,Birlasoft,Greater Hyderabad Area,Hyderabad,2026-09-16,React / Frontend,Medium,Not RN,0,0,0,0,0,False,True,"HTML, JavaScript, React, Redux, Testing (any)",Not Applicable,Full-time,,not stated,,,Associate Software Engineer JavaScript React,,https://in.linkedin.com/jobs/view/trainee-at-birlasoft-4466847570
4385736774,Mobile Developer,SPAN India,"Bengaluru, Karnataka, India",Bengaluru,2026-09-08,React Native,Medium,RN Required,2,0,0,0,0,False,False,"CI/CD, React, React Native, Testing (any), TypeScript",Not Applicable,Full-time,4,Onsite,,,Mobile Engineer React Native,,https://in.linkedin.com/jobs/view/mobile-developer-at-span-india-4385736774
4465982584,Android Developer,MYPA INFOTECH,"Surat, Gujarat, India",Surat,2026-09-16,Mobile Native,Medium,Not RN,0,0,0,0,0,False,False,"Android, App Store / Play Store, Debugging, Firebase, Git",Entry level,Full-time,1,Onsite,,,Mobile App Developer,,https://in.linkedin.com/jobs/view/android-developer-4465982584
4459756775,Full Stack Developer - Mobile,McAfee,"Bengaluru, Karnataka, India",Bengaluru,2026-08-31,Mobile Native,Medium,Not RN,0,0,0,0,0,False,False,"Android, CI/CD, Debugging, Git, Kotlin, REST API, Testing (any), iOS",Not Applicable,Full-time,3,Hybrid/Onsite,,,Cross Platform Mobile Developer,,https://in.linkedin.com/jobs/view/full-stack-developer-mobile-at-mcafee-4459756775
4464817748,Senior Mobile Engineer – IoT / Connected Products,One Retail Group,"Bengaluru, Karnataka, India",Bengaluru,2026-09-11,React Native,Medium,RN Optional,1,0,0,1,1,False,False,"Android, App Store / Play Store, Authentication, Cross-platform, Debugging, Flutter, React, React Native, Testing (any), iOS",Not Applicable,Full-time,,not stated,,,Cross Platform Mobile Developer,,https://in.linkedin.com/jobs/view/senior-mobile-engineer-%E2%80%93-iot-connected-products-at-one-retail-group-4464817748
4461672158,Mobile Container Identity Platform Development Engineer,Citi,"Chennai, Tamil Nadu, India",Chennai,2026-09-03,Mobile Native,Medium,Not RN,0,0,0,0,0,False,False,"Accessibility, Android, CI/CD, Jenkins, Testing (any), iOS",Not Applicable,Full-time,,not stated,,,Cross Platform Mobile Developer,,https://in.linkedin.com/jobs/view/mobile-container-identity-platform-development-engineer-at-citi-4461672158
4459750202,Front End Engineer,Infosys,"Bengaluru East, Karnataka, India",Bengaluru,2026-08-30,General Software but relevant,Low,Not RN,0,0,0,0,0,False,False,"Agile/Scrum, JavaScript, Testing (any)",Not Applicable,Full-time,,not stated,,,Frontend Engineer,,https://in.linkedin.com/jobs/view/front-end-engineer-at-infosys-4459750202
4462605515,Sr Full Stack Frontend Engineer,Accompany Akki,"Delhi, Delhi, India",Delhi NCR,2026-09-05,React / Frontend,Medium,Not RN,0,0,0,0,0,False,False,"AWS, Agile/Scrum, Authentication, CI/CD, CSS, Firebase, Git, Jest, Next.js, Node.js, React, Tailwind, Testing (any), TypeScript",Not Applicable,Full-time,6,Remote,,,Software Developer React JavaScript,,https://in.linkedin.com/jobs/view/sr-full-stack-frontend-engineer-at-accompany-akki-4462605515
4466182878,Senior Engineer (Kotlin/Flutter),Ampstek,"Pune District, Maharashtra, India",Pune,2026-09-15,Cross-Platform Mobile,Low,Not RN,0,0,0,0,4,False,False,"Agile/Scrum, CSS, Flutter, Git, HTML, JavaScript, Kotlin, React, TypeScript",Mid-Senior level,Contract,10,Hybrid/Onsite,Kritika Chauhan,Global Talent Recruiter (UK/Europe/Germany/USA/Canada),Cross Platform Mobile Developer,,https://in.linkedin.com/jobs/view/senior-engineer-kotlin-flutter-at-ampstek-4466182878
4458917451,React JS Node JS,Infosys,"Bengaluru East, Karnataka, India",Bengaluru,2026-08-28,General Software but relevant,Low,Not RN,0,0,0,0,0,False,False,"Node.js, React",Not Applicable,Full-time,,not stated,,,Associate Software Engineer JavaScript React,,https://in.linkedin.com/jobs/view/react-js-node-js-at-infosys-4458917451
4465328978,"Software Development Engineer, Web",FOX Tech,"Bengaluru, Karnataka, India",Bengaluru,2026-09-09,React / Frontend,Medium,Not RN,0,0,0,0,0,False,True,"AWS, Agile/Scrum, CI/CD, Debugging, Git, JavaScript, Jest, Next.js, Node.js, REST API, React, Testing (any), TypeScript",Not Applicable,Full-time,2,not stated,,,Associate Software Engineer JavaScript React,,https://in.linkedin.com/jobs/view/software-development-engineer-web-at-fox-tech-4465328978
4465527298,iOS Developer,Schbang,"Mumbai, Maharashtra, India",Mumbai,2026-09-15,Mobile Native,Medium,Not RN,0,0,0,0,0,False,False,"Accessibility, App Releases, App Store / Play Store, Authentication, Debugging, Firebase, Git, REST API, Swift, Testing (any), iOS",Associate,Full-time,2,Remote,Riya Rai,Talent Acquisition Specialist at Schbang,Application Developer Mobile Android iOS,,https://in.linkedin.com/jobs/view/ios-developer-at-schbang-4465527298
4399870152,Technical Associate,Guidehouse,"Chennai, Tamil Nadu, India",Chennai,2026-09-07,React / Frontend,Medium,Not RN,0,0,0,0,0,False,True,"AWS, Agile/Scrum, CI/CD, Git, GitHub Actions, REST API, React",Not Applicable,Full-time,2,not stated,,,Associate Software Engineer JavaScript React,,https://in.linkedin.com/jobs/view/technical-associate-at-guidehouse-4399870152
4468247313,Senior Software Engineer - Mobile (Android),Impact Analytics,"Bengaluru, Karnataka, India",Bengaluru,2026-09-16,React / Frontend,Medium,Not RN,0,0,0,0,0,False,False,"Android, CI/CD, CSS, Debugging, Firebase, Git, HTML, JavaScript, Kotlin, Next.js, Offline Storage, Performance Optimization, React, Testing (any), TypeScript",Mid-Senior level,Full-time,4,not stated,,,Cross Platform Mobile Developer,,https://in.linkedin.com/jobs/view/senior-software-engineer-mobile-android-at-impact-analytics-4468247313
4463433487,Software Engineering Professional,BT Group,"Bengaluru South, Karnataka, India",Bengaluru,2026-09-10,Cross-Platform Mobile,Medium,Not RN,0,0,0,0,5,False,True,"Agile/Scrum, Android, App Releases, Authentication, CI/CD, Cross-platform, Firebase, Flutter, Git",Not Applicable,Full-time,,not stated,,,Cross Platform Mobile Developer,,https://in.linkedin.com/jobs/view/software-engineering-professional-at-bt-group-4463433487
4448351193,Web Developer Associate,Accenture in India,Mumbai Metropolitan Region,Mumbai Metropolitan,2026-09-01,React / Frontend,Medium,Not RN,0,0,0,0,0,False,False,"CSS, JavaScript, React",Not Applicable,Full-time,1,not stated,,,Associate Software Engineer JavaScript React,,https://in.linkedin.com/jobs/view/web-developer-associate-at-accenture-in-india-4448351193
4466512561,Full Stack Developer (Node.js & React.js),Aadrika Enterprises,"Ranchi, Jharkhand, India",Ranchi,2026-09-15,React / Frontend,Medium,Not RN,0,0,0,0,0,False,False,"Android, Authentication, Context API, Debugging, Git, JavaScript, Node.js, REST API, React, Redux, iOS",Not Applicable,Full-time,1,not stated,,,Associate Software Engineer JavaScript React,,https://in.linkedin.com/jobs/view/full-stack-developer-node-js-react-js-at-aadrika-enterprises-4466512561
4460603860,Flutter Engineer,Scapia,"Bengaluru, Karnataka, India",Bengaluru,2026-09-14,Cross-Platform Mobile,Medium,Not RN,0,0,0,0,4,False,False,"Android, CodePush/OTA, Debugging, Flutter, Kotlin, Performance Optimization, Swift, Testing (any), iOS",Mid-Senior level,Full-time,2,Remote,,,Mobile App Developer,,https://in.linkedin.com/jobs/view/flutter-engineer-at-scapia-4460603860
4464472684,Senior Software Engineer II – iOS,Emburse,"Hyderabad, Telangana, India",Hyderabad,2026-09-08,Mobile Native,Medium,Not RN,0,0,0,0,0,False,False,"Agile/Scrum, Debugging, REST API, Swift, Testing (any), Xcode, iOS",Mid-Senior level,Full-time,6,not stated,Dakshayani Jayaraj,Associate Director - Client Success at Summit Consulting Services ( ANSR Company),Application Developer Mobile Android iOS,,https://in.linkedin.com/jobs/view/senior-software-engineer-ii-%E2%80%93-ios-at-emburse-4464472684
4457765398,Senior Software Engineer-IOS,Pocket FM,"Bengaluru, Karnataka, India",Bengaluru,2026-08-27,Mobile Native,Medium,Not RN,0,0,0,0,0,False,False,"Accessibility, App Store / Play Store, CI/CD, Debugging, Fastlane, Git, GitHub Actions, Performance Optimization, REST API, Swift, Xcode, iOS",Mid-Senior level,Full-time,3,not stated,,,Application Developer Mobile Android iOS,,https://in.linkedin.com/jobs/view/senior-software-engineer-ios-at-pocket-fm-4457765398
4457138377,React + Next.js developer,Recro,"Bengaluru, Karnataka, India",Bengaluru,2026-08-24,React / Frontend,Medium,Not RN,0,0,0,0,0,False,False,"CSS, Context API, HTML, JavaScript, Next.js, React, Redux, TypeScript",Entry level,Full-time,1,Onsite,,,Associate Software Engineer JavaScript React,,https://in.linkedin.com/jobs/view/react-%2B-next-js-developer-at-recro-4457138377
4458347480,iOS Developer,Recro,"Gurugram, Haryana, India",Delhi NCR,2026-08-27,Mobile Native,Medium,Not RN,0,0,0,0,0,False,False,"App Store / Play Store, Swift, iOS",Mid-Senior level,Full-time,3,not stated,,,Application Developer Mobile Android iOS,,https://in.linkedin.com/jobs/view/ios-developer-at-recro-4458347480
4445170481,"Software Engineer III, iOS (Marketplace)",ACV Auctions,"Chennai, Tamil Nadu, India",Chennai,2026-09-08,React Native,Medium,RN Required,2,0,0,0,0,False,False,"CI/CD, REST API, React, React Native, Swift, iOS",Mid-Senior level,Full-time,3,not stated,,,Application Developer Mobile Android iOS,,https://in.linkedin.com/jobs/view/software-engineer-iii-ios-marketplace-at-acv-auctions-4445170481
4459886659,Full-Stack Engineer,Nomni,"Chennai, Tamil Nadu, India",Chennai,2026-08-27,React Native,Medium,RN Required,2,0,0,0,0,False,True,"Debugging, JavaScript, Next.js, Node.js, React, React Native, Testing (any), TypeScript",Not Applicable,Full-time,,not stated,,,Mobile Engineer React Native,,https://in.linkedin.com/jobs/view/full-stack-engineer-at-nomni-4459886659
4466162886,Senior Frontend Engineer - Voice AI,Qrata,"Bengaluru, Karnataka, India",Bengaluru,2026-09-15,React / Frontend,Medium,Not RN,0,0,0,0,0,False,False,"Accessibility, CSS, Next.js, React, Redux, Tailwind, Testing (any), TypeScript, Zustand",Associate,Full-time,3,not stated,Prajakta Kulkarni,Founder @ Qrata | Stanford Seed Transformation Program,UI Engineer React JavaScript,,https://in.linkedin.com/jobs/view/senior-frontend-engineer-voice-ai-at-qrata-4466162886
4468252034,Flutter - Mobile App Developer,GC Technologies Pvt Ltd,"Bengaluru, Karnataka, India",Bengaluru,2026-09-16,Cross-Platform Mobile,Medium,Not RN,0,0,0,0,4,False,False,"Android, CI/CD, Firebase, Flutter, Git, iOS",Mid-Senior level,Full-time,7,Onsite,Hanu Chowdary,Recruitment Maven | Leveraging Tech & Insight to Find Top Talent | Crafting the Future of Work.,Mobile App Developer,,https://in.linkedin.com/jobs/view/flutter-mobile-app-developer-at-gc-technologies-pvt-ltd-4468252034
4457758044,Full Stack Engineer,Nomni,"Chennai, Tamil Nadu, India",Chennai,2026-08-27,React Native,Medium,RN Required,2,0,0,0,0,False,True,"Debugging, JavaScript, Next.js, Node.js, React, React Native, Testing (any), TypeScript",Mid-Senior level,Full-time,,not stated,Neethu Dharan N,Global Talent Head  • Building People-Centric Teams,Mobile Engineer React Native,,https://in.linkedin.com/jobs/view/full-stack-engineer-at-nomni-4457758044
4448319553,Application Developer,Accenture in India,"Bengaluru, Karnataka, India",Bengaluru,2026-09-01,Cross-Platform Mobile,Low,Not RN,0,0,0,0,4,False,False,"Debugging, Flutter, REST API, Testing (any)",Not Applicable,Full-time,5,not stated,,,Mobile App Developer,,https://in.linkedin.com/jobs/view/application-developer-at-accenture-in-india-4448319553
4464517094,SDE I Flutter,Refyne India,"Bengaluru, Karnataka, India",Bengaluru,2026-09-10,Cross-Platform Mobile,Medium,Not RN,0,0,0,0,4,False,False,"Android, Debugging, Flutter, Git, iOS",Associate,Full-time,1,not stated,,,Mobile App Developer,,https://in.linkedin.com/jobs/view/sde-i-flutter-at-refyne-india-4464517094
4427642600,Site core front end developer,Ecolab,"Bengaluru East, Karnataka, India",Bengaluru,2026-09-06,React / Frontend,Medium,Not RN,0,0,0,0,0,False,False,"Accessibility, CSS, Git, GraphQL, HTML, Next.js, Node.js, Performance Optimization, React, Tailwind, Testing (any), TypeScript",Not Applicable,Full-time,,not stated,,,Frontend Developer,,https://in.linkedin.com/jobs/view/site-core-front-end-developer-at-ecolab-4427642600
4403236121,"Senior, Software Engineer  (Android & iPhone Native App Developer)",Walmart Global Tech India,"Bengaluru, Karnataka, India",Bengaluru,2026-09-01,Mobile Native,Medium,Not RN,0,0,0,0,0,False,False,"Accessibility, Android, App Releases, App Store / Play Store, CI/CD, Debugging, Kotlin, REST API, Testing (any)",Mid-Senior level,Full-time,1,not stated,,,Mobile App Developer,,https://in.linkedin.com/jobs/view/senior-software-engineer-%C2%A0-android-iphone-native-app-developer-at-walmart-global-tech-india-4403236121
4465412709,Sr. Software Engineer B2,Cognizant,"Bangalore Urban, Karnataka, India",Bengaluru,2026-09-12,React Native,High,RN Required,6,1,1,0,0,False,True,"AWS, Agile/Scrum, JavaScript, React, React Native",Not Applicable,Full-time,,Hybrid,,,Mobile Engineer React Native,,https://in.linkedin.com/jobs/view/sr-software-engineer-b2-at-cognizant-4465412709
4468358497,Senior Software Engineer - Android,ixigo,"Gurugram, Haryana, India",Delhi NCR,2026-09-17,Mobile Native,Medium,Not RN,0,0,0,0,0,False,False,"Android, CI/CD, Debugging, Kotlin, Performance Optimization, Testing (any)",Mid-Senior level,Full-time,3,not stated,,,Mobile App Developer,,https://in.linkedin.com/jobs/view/senior-software-engineer-android-at-ixigo-4468358497
4465517014,iOS Developer,MNC,"Trivandrum, Kerala, India",Trivandrum,2026-09-15,Mobile Native,Medium,Not RN,0,0,0,0,0,False,False,"AWS, GraphQL, Performance Optimization, Swift, iOS",Mid-Senior level,Full-time,,not stated,Shobhit Garg,Co-Founder & COO | CodeVyasa,Application Developer Mobile Android iOS,,https://in.linkedin.com/jobs/view/ios-developer-at-mnc-4465517014
4459896184,The Lead Engineer (Mobile) - Consumer Experience Engineering,PUMA Group,"Pune Division, Maharashtra, India",Pune,2026-08-27,React Native,High,RN Required,3,1,0,0,0,False,False,"Accessibility, Android, Authentication, JavaScript, Offline Storage, Performance Optimization, React, React Native, Testing (any), TypeScript, iOS",Mid-Senior level,Full-time,3,not stated,,,Mobile Engineer React Native,,https://in.linkedin.com/jobs/view/the-lead-engineer-mobile-consumer-experience-engineering-at-puma-group-4459896184
4467432818,Frontend Developer (React) (Remote),Quik Hire Staffing,India,India,2026-09-15,React / Frontend,Medium,Not RN,0,0,0,0,0,False,False,"CSS, JavaScript, REST API, React, TypeScript",Associate,Full-time,,Remote,,,React Developer,,https://in.linkedin.com/jobs/view/frontend-developer-react-remote-at-quik-hire-staffing-4467432818
4460113676,Next.JS Developer,Pineswift Technologies,"Sahibzada Ajit Singh Nagar, Punjab, India",Sahibzada Ajit Singh Nagar,2026-08-27,React / Frontend,Medium,Not RN,0,0,0,0,0,False,True,"CI/CD, CSS, Debugging, Git, Next.js, React, Tailwind, TypeScript",Not Applicable,Full-time,1,not stated,,,Frontend Developer,,https://in.linkedin.com/jobs/view/next-js-developer-at-pineswift-technologies-4460113676
4464807715,ReactJS Development – Lead Programmer Analyst (Exp: 5 Yrs to 7 Yrs),Bilvantis Technologies,"Hyderabad, Telangana, India",Hyderabad,2026-09-11,React / Frontend,Medium,Not RN,0,0,0,0,0,False,True,"CSS, Debugging, Git, HTML, JavaScript, Jest, REST API, React, React Testing Library, Testing (any)",Mid-Senior level,Full-time,5,not stated,,,React Developer,,https://in.linkedin.com/jobs/view/reactjs-development-%E2%80%93-lead-programmer-analyst-exp-5-yrs-to-7-yrs-at-bilvantis-technologies-4464807715
4448411706,Android Developer,Salt,"Pune District, Maharashtra, India",Pune,2026-09-02,General Software but relevant,Low,Not RN,0,0,0,0,0,False,False,"Accessibility, Agile/Scrum, Android, CI/CD, Debugging, Firebase, Kotlin, Offline Storage, Redux, Testing (any), iOS",Mid-Senior level,Full-time,,not stated,,,Mobile App Developer,,https://in.linkedin.com/jobs/view/android-developer-at-salt-4448411706
4462371897,Assistant Manager - App Developer,Dot & Key Skincare,Greater Kolkata Area,Kolkata,2026-09-05,React Native,High,RN Required,5,0,0,0,0,False,False,"App Releases, App Store / Play Store, CI/CD, CodePush/OTA, Debugging, Firebase, Git, GraphQL, JavaScript, Offline Storage, Performance Optimization, REST API, React, React Native, Testing (any), TypeScript",Associate,Full-time,3,not stated,Shankha Das,Talent Acquisition Specialist | Lifecycle Management | Employee Engagement & Attrition Analysis | M.Sc. Economics | Ex-EssentiallySports,Mobile Engineer React Native,,https://in.linkedin.com/jobs/view/assistant-manager-app-developer-at-dot-key-skincare-4462371897
4455718721,React JS Developer,Penthara Technologies,"Sahibzada Ajit Singh Nagar, Punjab, India",Sahibzada Ajit Singh Nagar,2026-08-18,React / Frontend,Medium,Not RN,0,0,0,0,0,False,False,"CSS, Git, HTML, JavaScript, Jest, React, Redux, TypeScript",Mid-Senior level,Full-time,2,not stated,,,React Developer,,https://in.linkedin.com/jobs/view/react-js-developer-at-penthara-technologies-4455718721
4462919590,Front End Developer (React),Tata Consultancy Services,"Hyderabad, Telangana, India",Hyderabad,2026-09-07,React / Frontend,Medium,Not RN,0,0,0,0,0,False,False,"AWS, Agile/Scrum, CI/CD, Context API, Debugging, Git, JavaScript, Jest, REST API, React, Redux, Testing (any), TypeScript",Mid-Senior level,Full-time,,not stated,Rupali Deole,"HR BUSINESS PARTNER, TALENT ACQUISITION SPECIALIST, DRIVING STRATEGIC HIRING& BUSINESS GROWTH, STAKEHOLDER MANAGEMENT  DRIVING HIRING EXCELLENCE",React Developer,,https://in.linkedin.com/jobs/view/front-end-developer-react-at-tata-consultancy-services-4462919590
4462284399,Senior Staff Software Engineer,Palo Alto Networks,"Hyderabad, Telangana, India",Hyderabad,2026-09-08,Mobile Native,Medium,Not RN,0,0,0,0,0,False,True,"AWS, Agile/Scrum, Android, Appium, Authentication, CI/CD, Git, Kotlin, Swift, Testing (any), iOS",Associate,Full-time,3,not stated,,,Application Developer Mobile Android iOS,,https://in.linkedin.com/jobs/view/senior-staff-software-engineer-at-palo-alto-networks-4462284399
4452292257,"Senior Software Developer, Frontend",OneSpan,"Noida, Uttar Pradesh, India",Delhi NCR,2026-09-08,React / Frontend,Medium,Not RN,0,0,0,0,0,False,False,"Authentication, CSS, JavaScript, REST API, React",Not Applicable,Full-time,,not stated,,,React Developer,,https://in.linkedin.com/jobs/view/senior-software-developer-frontend-at-onespan-4452292257
4452791384,Sr. iOS Developer,Align Technology,"Hyderabad, Telangana, India",Hyderabad,2026-09-12,Mobile Native,Medium,Not RN,0,0,0,0,0,False,False,"Android, App Store / Play Store, CI/CD, Debugging, Git, REST API, Swift, iOS",Mid-Senior level,Full-time,3,Hybrid,,,Application Developer Mobile Android iOS,,https://in.linkedin.com/jobs/view/sr-ios-developer-at-align-technology-4452791384
4464618328,Senior AI Frontend Engineer — Interactive UI & Visualization,Uplers,"Noida, Uttar Pradesh, India",Delhi NCR,2026-09-08,React / Frontend,Medium,Not RN,0,0,0,0,0,False,False,"AWS, CI/CD, CSS, HTML, JavaScript, Jest, Next.js, Node.js, React, React Testing Library, Testing (any), TypeScript",Not Applicable,Full-time,0,Remote/Hybrid/Onsite,,,UI Engineer React JavaScript,,https://in.linkedin.com/jobs/view/senior-ai-frontend-engineer-%E2%80%94-interactive-ui-visualization-at-uplers-4464618328
4465955432,"Mobile App Developer and Graphic Designer required @ Avadeti Media,  Salary: ₹15,000 – ₹25,000 INR Location: Gurugram, Haryana",Avadeti,"Gurugram, Haryana, India",Delhi NCR,2026-09-16,React Native,High,RN Required,4,0,1,0,0,False,False,"Android, Android Studio, Authentication, Debugging, Expo, Firebase, Git, JavaScript, Node.js, React, React Native, Testing (any), TypeScript",Entry level,Full-time,2,not stated,Ritesh Singh,Web Developer | Digital Marketer | Social Media Marketer | WordPress Expert | SEO Specialist | Google & Meta Ads | Building Scalable Web Solutions,Mobile Engineer React Native,,https://in.linkedin.com/jobs/view/mobile-app-developer-and-graphic-designer-required-%40-avadeti-media-salary-%E2%82%B915-000-%E2%80%93-%E2%82%B925-000-inr-location-gurugram-haryana-at-avadeti-4465955432
4325404318,Staff Engineer : Mobile,Quince,"Bengaluru, Karnataka, India",Bengaluru,2026-09-08,React Native,Medium,RN Required,1,1,0,0,0,False,False,"AWS, Agile/Scrum, Android, Debugging, Git, JavaScript, Node.js, React, React Native, iOS",Mid-Senior level,Full-time,2,not stated,,,Mobile Engineer React Native,,https://in.linkedin.com/jobs/view/staff-engineer-mobile-at-quince-4325404318
4457461591,Senior Software Engineer - Frontend UI,Five9,Greater Chennai Area,Chennai,2026-09-15,React / Frontend,Medium,Not RN,0,0,0,0,0,False,False,"Accessibility, Jest, React, Testing (any), TypeScript, Zustand",Mid-Senior level,Full-time,,Remote/Hybrid,,,Software Developer React JavaScript,,https://in.linkedin.com/jobs/view/senior-software-engineer-frontend-ui-at-five9-4457461591
4461122310,System Engineer,Creditsafe Technology,"Hyderabad, Telangana, India",Hyderabad,2026-09-04,React / Frontend,Medium,Not RN,0,0,0,0,0,False,True,"CSS, Debugging, Git, HTML, JavaScript, React, Redux, Redux Toolkit, Testing (any), TypeScript",Mid-Senior level,Full-time,3,not stated,Prerna Khardekar,Passionate about empowering organizations through people-centric strategies,UI Engineer React JavaScript,,https://in.linkedin.com/jobs/view/system-engineer-at-creditsafe-technology-4461122310
4439492592,ReactJS developer,Infosys,"Pune Division, Maharashtra, India",Pune,2026-08-26,React / Frontend,Medium,Not RN,0,0,0,0,0,False,True,"React, TypeScript",Not Applicable,Full-time,,not stated,,,UI Engineer React JavaScript,,https://in.linkedin.com/jobs/view/reactjs-developer-at-infosys-4439492592
4450604222,Staff Software Engineer - User Interface,GE Vernova,Greater Hyderabad Area,Hyderabad,2026-08-28,React / Frontend,Medium,Not RN,0,0,0,0,0,False,True,"Accessibility, Agile/Scrum, CI/CD, CSS, Git, JavaScript, Jenkins, REST API, React, Testing (any), TypeScript",Not Applicable,Full-time,8,not stated,,,Software Developer React JavaScript,,https://in.linkedin.com/jobs/view/staff-software-engineer-user-interface-at-ge-vernova-4450604222
4458736906,Staff Software Engineer,Commonwealth Bank,"Bengaluru East, Karnataka, India",Bengaluru,2026-09-16,React / Frontend,Medium,Not RN,0,0,0,0,0,False,True,"Accessibility, Authentication, CSS, Git, JavaScript, Next.js, React, React Testing Library, Testing (any), TypeScript, Zustand",Mid-Senior level,Full-time,,not stated,,,UI Engineer React JavaScript,,https://in.linkedin.com/jobs/view/staff-software-engineer-at-commonwealth-bank-4458736906
4465509178,UI UX Developer,ITC Infotech,"Bengaluru, Karnataka, India",Bengaluru,2026-09-15,React / Frontend,Medium,Not RN,0,0,0,0,0,False,False,"Accessibility, Agile/Scrum, JavaScript, Offline Storage, React, TypeScript",Not Applicable,Full-time,,not stated,,,React Developer,,https://in.linkedin.com/jobs/view/ui-ux-developer-at-itc-infotech-4465509178
4442814360,Senior Frontend Developer,Taazaa Inc,"Noida, Uttar Pradesh, India",Delhi NCR,2026-09-16,React / Frontend,Medium,Not RN,0,0,0,0,0,False,False,"Agile/Scrum, CSS, Git, GraphQL, HTML, JavaScript, MobX, REST API, React, Redux, TypeScript",Mid-Senior level,Full-time,4,Remote,Geeta Mehra,Assistant Manager – Talent Acquisition @ Taazaa Inc | Driving End-to-End Tech Hiring | Tech Talent Specialist,Frontend Developer,,https://in.linkedin.com/jobs/view/senior-frontend-developer-at-taazaa-inc-4442814360
4425628844,Associate Engineer - Digital Technology,United Airlines India Knowledge Center,"Gurugram, Haryana, India",Delhi NCR,2026-09-09,Mobile Native,Medium,Not RN,0,0,0,0,0,False,True,"Agile/Scrum, Git, REST API, Swift, Testing (any), Xcode, iOS",Not Applicable,Full-time,1,Hybrid,,,Cross Platform Mobile Developer,,https://in.linkedin.com/jobs/view/associate-engineer-digital-technology-at-united-airlines-india-knowledge-center-4425628844
4264592808,Senior Frontend Developer,Salesdock,"Perintalmanna, Kerala, India",Perintalmanna,2026-08-18,React / Frontend,Medium,Not RN,0,0,0,0,0,False,False,"JavaScript, React",Mid-Senior level,Full-time,5,Hybrid,,,React Developer,,https://in.linkedin.com/jobs/view/senior-frontend-developer-at-salesdock-4264592808
4466220452,SENIOR SOFTWARE ENGINEER - MOBILE (ANDROID),TechnoIogy@IA,"Bengaluru, Karnataka, India",Bengaluru,2026-09-16,React / Frontend,Medium,Not RN,0,0,0,0,0,False,False,"Android, CI/CD, CSS, Debugging, Firebase, Git, HTML, JavaScript, Kotlin, Next.js, Offline Storage, Performance Optimization, React, Testing (any), TypeScript",Not Applicable,Full-time,4,not stated,,,Mobile App Developer,,https://in.linkedin.com/jobs/view/senior-software-engineer-mobile-android-at-technoiogy%40ia-4466220452
4448319557,Application Developer,Accenture in India,"Navi Mumbai, Maharashtra, India",Mumbai,2026-09-01,React / Frontend,Medium,Not RN,0,0,0,0,0,False,False,"Agile/Scrum, CSS, Debugging, GraphQL, HTML, JavaScript, Node.js, React, Redux, Testing (any)",Not Applicable,Full-time,5,not stated,,,Software Developer React JavaScript,,https://in.linkedin.com/jobs/view/application-developer-at-accenture-in-india-4448319557
4457913317,Lead Software Engineer,"Solera Holdings, LLC.","Bangalore Urban district, India",Bengaluru,2026-09-16,React Native,Medium,RN Strong,1,0,0,1,1,False,True,"AWS, Accessibility, Agile/Scrum, Android, App Releases, App Store / Play Store, Authentication, CI/CD, Cross-platform, Debugging, Flutter, Git, GraphQL, Kotlin, Offline Storage, Performance Optimization, REST API, React, React Native, Swift, Testing (any), iOS",Not Applicable,Full-time,7,Remote,,,Application Developer Mobile Android iOS,,https://in.linkedin.com/jobs/view/lead-software-engineer-at-solera-holdings-llc-4457913317
4444395444,"Senior Software Engineer, Flutter",Tide,"Hyderabad, Telangana, India",Hyderabad,2026-09-13,Cross-Platform Mobile,Low,Not RN,0,0,0,0,8,False,False,"Agile/Scrum, CI/CD, Firebase, Flutter, Git, GitHub Actions",Not Applicable,Full-time,,Remote,,,Cross Platform Mobile Developer,,https://in.linkedin.com/jobs/view/senior-software-engineer-flutter-at-tide-4444395444
4463856495,iOS & Android -  AI Mobile Developer,Dhyati,India,India,2026-09-09,Cross-Platform Mobile,Medium,Not RN,0,0,0,0,1,False,False,"Android, App Store / Play Store, CI/CD, Cross-platform, Debugging, Flutter, Git, GraphQL, Kotlin, React, Swift, Testing (any), Xcode, iOS",Entry level,Full-time,5,Remote,,,Application Developer Mobile Android iOS,,https://in.linkedin.com/jobs/view/ios-android-ai-mobile-developer-at-dhyati-4463856495
4461039901,Senior Frontend Engineer,SQ1 Security,"Chennai, Tamil Nadu, India",Chennai,2026-08-31,React / Frontend,Medium,Not RN,0,0,0,0,0,False,False,"CSS, JavaScript, Jest, Next.js, Node.js, React, React Testing Library, Tailwind, Testing (any), TypeScript",Associate,Full-time,,not stated,,,Frontend Engineer,,https://in.linkedin.com/jobs/view/senior-frontend-engineer-at-sq1-security-4461039901
4463643850,Software Development Engineer (WebApps),Fox Corporation,"Bengaluru, Karnataka, India",Bengaluru,2026-09-05,React / Frontend,Medium,Not RN,0,0,0,0,0,False,True,"Accessibility, Agile/Scrum, CI/CD, Git, GraphQL, Next.js, REST API, React, TypeScript",Not Applicable,Full-time,3,not stated,,,Frontend Engineer,,https://in.linkedin.com/jobs/view/software-development-engineer-webapps-at-fox-corporation-4463643850
4465649400,iOS Developer,FRND,"Bengaluru, Karnataka, India",Bengaluru,2026-09-10,Mobile Native,Medium,Not RN,0,0,0,0,0,False,False,"Android, Android Studio, Git, Performance Optimization, Swift, Xcode, iOS",Associate,Full-time,1,not stated,Yadumiga Ramanathan,💼Human Resource Associate at FRND,Application Developer Mobile Android iOS,,https://in.linkedin.com/jobs/view/ios-developer-at-frnd-4465649400
4460842435,Mean Stack Developer | Jobs In India,DigitalXNode,"Gurugram, Haryana, India",Delhi NCR,2026-08-29,Adjacent Frontend Framework,Low,Not RN,0,0,0,0,0,False,True,"Debugging, JavaScript, Node.js",Not Applicable,Full-time,1,Remote/Hybrid,,,Associate Software Engineer JavaScript React,,https://in.linkedin.com/jobs/view/mean-stack-developer-jobs-in-india-at-digitalxnode-4460842435
4440891078,Analyst-Software Engineer,PFI Innovation Centre India,"Gurugram, Haryana, India",Delhi NCR,2026-08-27,React / Frontend,Medium,Not RN,0,0,0,0,0,False,True,"AWS, Accessibility, Agile/Scrum, Authentication, Debugging, Git, JavaScript, Jenkins, Node.js, React, Testing (any)",Not Applicable,Full-time,,not stated,,,Associate Software Engineer JavaScript React,,https://in.linkedin.com/jobs/view/analyst-software-engineer-at-pfi-innovation-centre-india-4440891078
4438098465,Software Development Engineer II - iOS,JioStar,Greater Bengaluru Area,Bengaluru,2026-09-08,Mobile Native,Medium,Not RN,0,0,0,0,0,False,False,"CI/CD, Debugging, Swift, Testing (any), Xcode, iOS",Not Applicable,Full-time,2,not stated,,,Application Developer Mobile Android iOS,,https://in.linkedin.com/jobs/view/software-development-engineer-ii-ios-at-jiostar-4438098465
4464182067,Nest.js Developer,SalesOne,"Kochi, Kerala, India",Kochi,2026-09-10,React / Frontend,Medium,Not RN,0,0,0,0,0,False,True,"CI/CD, Debugging, Git, Next.js, Node.js, REST API, React, TypeScript",Entry level,Full-time,1,Onsite,,,Associate Software Engineer JavaScript React,,https://in.linkedin.com/jobs/view/nest-js-developer-at-salesone-4464182067
4436032981,"Software Engineer, Mobile Application Development",Circles,"Bengaluru, Karnataka, India",Bengaluru,2026-09-08,React Native,High,RN Required,4,1,0,0,0,False,False,"Android, CI/CD, Cross-platform, Debugging, Git, Performance Optimization, React, React Native, Testing (any), iOS",Not Applicable,Full-time,2,Hybrid,,,Mobile Engineer React Native,,https://in.linkedin.com/jobs/view/software-engineer-mobile-application-development-at-circles-4436032981
4430279229,Software Development Engineer II,JioStar,Greater Bengaluru Area,Bengaluru,2026-09-08,React / Frontend,Medium,Not RN,0,0,0,0,0,False,True,"CI/CD, CSS, Debugging, Jest, Next.js, Performance Optimization, React, React Testing Library, Tailwind, Testing (any), TypeScript",Not Applicable,Full-time,2,not stated,,,Mobile Engineer React Native,,https://in.linkedin.com/jobs/view/software-development-engineer-ii-at-jiostar-4430279229
4465088505,Fullstack Developer - Senior Associate,State Street,"Hyderabad, Telangana, India",Hyderabad,2026-09-09,React / Frontend,Medium,Not RN,0,0,0,0,0,False,True,"AWS, Authentication, CI/CD, Debugging, JavaScript, Node.js, React, Testing (any), TypeScript",Not Applicable,Full-time,5,not stated,,,Associate Software Engineer JavaScript React,,https://in.linkedin.com/jobs/view/fullstack-developer-senior-associate-at-state-street-4465088505
4452475070,Packaged App Development Analyst,Accenture in India,"Bengaluru, Karnataka, India",Bengaluru,2026-09-01,React / Frontend,Medium,Not RN,0,0,0,0,0,False,True,"Accessibility, Agile/Scrum, CI/CD, CSS, Debugging, Git, HTML, JavaScript, React, Testing (any)",Not Applicable,Full-time,1,not stated,,,Associate Software Engineer JavaScript React,,https://in.linkedin.com/jobs/view/packaged-app-development-analyst-at-accenture-in-india-4452475070
4466084789,Senior Developer,Premium Parking,"Hyderabad, Telangana, India",Hyderabad,2026-09-15,React Native,High,RN Required,1,0,0,0,0,False,True,"Accessibility, CSS, Debugging, Expo, Git, GitHub Actions, GraphQL, HTML, JavaScript, Jest, Next.js, Performance Optimization, React, React Native, React Testing Library, Redux, Redux Toolkit, Testing (any), TypeScript",Mid-Senior level,Full-time,5,not stated,Papiaa Choudhuri,--,Mobile Engineer React Native,,https://in.linkedin.com/jobs/view/senior-developer-at-premium-parking-4466084789
4464821151,"Engineer - Sr. (Frontend, iOS)",Jobgether,India,India,2026-09-10,Mobile Native,Medium,Not RN,0,0,0,0,0,False,False,"Android, Debugging, Swift, Testing (any), iOS",Associate,Full-time,6,Remote,,,Application Developer Mobile Android iOS,,https://in.linkedin.com/jobs/view/engineer-sr-frontend-ios-at-jobgether-4464821151
4459560422,Software Engineer 1 (Full Stack),Deep22 AI,India,India,2026-09-01,React / Frontend,Medium,Not RN,0,0,0,0,0,False,True,"AWS, Authentication, CI/CD, Debugging, JavaScript, Node.js, React, Testing (any), TypeScript",Entry level,Full-time,2,not stated,,,Associate Software Engineer JavaScript React,,https://in.linkedin.com/jobs/view/software-engineer-1-full-stack-at-deep22-ai-4459560422
4466853352,"Senior Software Engineer, Frontend",Snapfix,India,India,2026-09-16,React Native,Medium,RN Optional,1,0,0,1,1,False,False,"Accessibility, Android, Authentication, Cross-platform, Flutter, Kotlin, Offline Storage, React, React Native, Testing (any), iOS",Mid-Senior level,Full-time,5,Remote/Hybrid,,,Mobile Engineer React Native,,https://in.linkedin.com/jobs/view/senior-software-engineer-frontend-at-snapfix-4466853352
4465510034,React JS Developer,Devzin,India,India,2026-09-15,React / Frontend,Medium,Not RN,0,0,0,0,0,False,False,"CI/CD, Git, JavaScript, Next.js, React, Redux, TypeScript",Entry level,Full-time,5,Remote,,,React Developer,,https://in.linkedin.com/jobs/view/react-js-developer-at-devzin-4465510034
4432729106,"Associate, Data Analytics // Application Development",Portage Point Partners,"Gurugram, Haryana, India",Delhi NCR,2026-09-09,React / Frontend,Medium,Not RN,0,0,0,0,0,False,True,"Debugging, JavaScript, React, Testing (any), TypeScript",Not Applicable,Full-time,,not stated,,,Associate Software Engineer JavaScript React,,https://in.linkedin.com/jobs/view/associate-data-analytics-application-development-at-portage-point-partners-4432729106
4462262791,Senior Android Developer,HCLTech,"Bangalore Urban, Karnataka, India",Bengaluru,2026-09-08,General Software but relevant,Low,Not RN,0,0,0,0,0,False,False,"Android, CI/CD, Debugging",Mid-Senior level,Full-time,,not stated,Thamarai selvan,Senior Executive @HCLTech - Engineering R&D Services -TAG,Mobile App Developer,,https://in.linkedin.com/jobs/view/senior-android-developer-at-hcltech-4462262791
4456173376,Senior Frontend Engineer - Arya,Sarvam,"Bengaluru, Karnataka, India",Bengaluru,2026-08-19,React / Frontend,Medium,Not RN,0,0,0,0,0,False,False,"CI/CD, CSS, Next.js, React, Tailwind, Testing (any), TypeScript",Not Applicable,Full-time,3,not stated,,,UI Engineer React JavaScript,,https://in.linkedin.com/jobs/view/senior-frontend-engineer-arya-at-sarvam-4456173376
4382586405,Staff Software Engineer - Front end,Walmart Global Tech India,"Bengaluru, Karnataka, India",Bengaluru,2026-09-01,React Native,Medium,RN Required,1,0,0,0,0,False,False,"Agile/Scrum, Android, CI/CD, Debugging, GraphQL, JavaScript, React, React Native, Redux",Not Applicable,Full-time,2,not stated,,,Mobile Engineer React Native,,https://in.linkedin.com/jobs/view/staff-software-engineer-front-end-at-walmart-global-tech-india-4382586405
4457300698,Custom Software Engineer,Accenture in India,"Pune Division, Maharashtra, India",Pune,2026-09-01,React / Frontend,Medium,Not RN,0,0,0,0,0,False,True,"Agile/Scrum, Debugging, JavaScript, React",Not Applicable,Full-time,3,not stated,,,React Developer,,https://in.linkedin.com/jobs/view/custom-software-engineer-at-accenture-in-india-4457300698
4459830441,"Sr Associate Engineer, IT Software - Fullstack [T500-28956]",ANSR,"Hyderabad, Telangana, India",Hyderabad,2026-08-27,React / Frontend,Medium,Not RN,0,0,0,0,0,False,True,"Agile/Scrum, JavaScript, Performance Optimization, REST API, React, Testing (any)",Associate,Full-time,1,not stated,,,Associate Software Engineer JavaScript React,,https://in.linkedin.com/jobs/view/sr-associate-engineer-it-software-fullstack-t500-28956-at-ansr-4459830441
4463011408,Senior Frontend Engineer,Clinvvo,"Bengaluru, Karnataka, India",Bengaluru,2026-09-09,React Native,High,RN Required,3,1,0,0,0,False,False,"AWS, CSS, Cross-platform, HTML, React, React Native, Tailwind, TypeScript",Mid-Senior level,Full-time,4,not stated,,,Mobile Engineer React Native,,https://in.linkedin.com/jobs/view/senior-frontend-engineer-at-clinvvo-4463011408
4456214677,Senior Frontend Developer,Sequoia,Greater Bengaluru Area,Bengaluru,2026-08-21,React / Frontend,Medium,Not RN,0,0,0,0,0,False,False,"Accessibility, Git, GraphQL, JavaScript, React, TypeScript",Mid-Senior level,Full-time,6,not stated,Pratibha Mishra,Lead Talent Partner @ Sequoia,UI Engineer React JavaScript,,https://in.linkedin.com/jobs/view/senior-frontend-developer-at-sequoia-4456214677
4464662911,Frontend Engineer (SDE-2),Plotline,"Bengaluru, Karnataka, India",Bengaluru,2026-09-08,React / Frontend,Medium,Not RN,0,0,0,0,0,False,False,"Accessibility, CSS, Cross-platform, GraphQL, HTML, Next.js, Node.js, React, Redux, TypeScript",Not Applicable,Full-time,2,not stated,,,Frontend Developer,,https://in.linkedin.com/jobs/view/frontend-engineer-sde-2-at-plotline-4464662911
4455711146,Frontend Developer,Comviva,"Gurugram, Haryana, India",Delhi NCR,2026-08-18,React / Frontend,Medium,Not RN,0,0,0,0,0,False,False,"AWS, Accessibility, Agile/Scrum, Authentication, CI/CD, CSS, Context API, Debugging, Git, JavaScript, Jest, Next.js, Node.js, React, Redux, Testing (any), TypeScript",Not Applicable,Full-time,,not stated,,,Frontend Developer,,https://in.linkedin.com/jobs/view/frontend-developer-at-comviva-4455711146
4398827718,Senior Software Engineer - UI,Walmart Global Tech India,"Bengaluru, Karnataka, India",Bengaluru,2026-09-07,React / Frontend,Medium,Not RN,0,0,0,0,0,False,False,"Accessibility, Agile/Scrum, CI/CD, JavaScript, React, Redux, Testing (any)",Mid-Senior level,Full-time,1,not stated,,,UI Engineer React JavaScript,,https://in.linkedin.com/jobs/view/senior-software-engineer-ui-at-walmart-global-tech-india-4398827718
4433752545,"Senior Analyst, Applications Programming",Analog Devices,Greater Bengaluru Area,Bengaluru,2026-09-06,React / Frontend,Medium,Not RN,0,0,0,0,0,False,True,"Accessibility, Agile/Scrum, CSS, Git, GitHub Actions, GraphQL, HTML, JavaScript, Node.js, React, TypeScript",Not Applicable,Full-time,,not stated,,,UI Engineer React JavaScript,,https://in.linkedin.com/jobs/view/senior-analyst-applications-programming-at-analog-devices-4433752545
4351239737,Front End Developer,"InvoiceCloud, Inc.","Hyderabad, Telangana, India",Hyderabad,2026-08-28,React / Frontend,Medium,Not RN,0,0,0,0,0,False,False,"Accessibility, Agile/Scrum, CSS, Git, JavaScript, React",Not Applicable,Full-time,6,not stated,,,React Developer,,https://in.linkedin.com/jobs/view/front-end-developer-at-invoicecloud-inc-4351239737
4462879383,React JS Lead,HTC Global Services,"Chennai, Tamil Nadu, India",Chennai,2026-09-03,React / Frontend,Medium,Not RN,0,0,0,0,0,False,False,"CI/CD, CSS, Context API, Git, GraphQL, JavaScript, Next.js, REST API, React, Recoil, Redux, Tailwind, TypeScript",Not Applicable,Full-time,5,not stated,,,React Developer,,https://in.linkedin.com/jobs/view/react-js-lead-at-htc-global-services-4462879383
4453080758,Principal Software Engineer - FE,FIRY,Greater Bengaluru Area,Bengaluru,2026-09-02,React Native,High,RN Optional,4,0,1,0,0,False,True,"Accessibility, Android, Cross-platform, JavaScript, React, React Native, TypeScript, iOS",Not Applicable,Full-time,12,Onsite,,,Mobile Engineer React Native,,https://in.linkedin.com/jobs/view/principal-software-engineer-fe-at-firy-4453080758
4461737303,AI ENGINEER – MOBILE APPLICATIONS,AI Innovation and Inclusion Initiative (A4I),"Bengaluru East, Karnataka, India",Bengaluru,2026-09-01,React Native,Medium,RN Required,2,0,0,0,2,False,False,"Accessibility, Android, App Releases, Firebase, Flutter, Kotlin, Offline Storage, React, React Native",Not Applicable,Full-time,4,not stated,,,Mobile Engineer React Native,,https://in.linkedin.com/jobs/view/ai-engineer-%E2%80%93-mobile-applications-at-ai-innovation-and-inclusion-initiative-a4i-4461737303
4461317870,"Mobile Software Engineer, Growth & Experimentation",Everis,India,India,2026-09-02,Cross-Platform Mobile,Medium,Not RN,0,0,0,0,2,False,False,"Android, App Store / Play Store, Cross-platform, Debugging, Flutter, Testing (any), TypeScript, iOS",Entry level,Full-time,,Remote,,,Mobile Engineer React Native,,https://in.linkedin.com/jobs/view/mobile-software-engineer-growth-experimentation-at-everis-4461317870
4440919205,Staff Software Engineer - IOS,Commonwealth Bank,"Bengaluru East, Karnataka, India",Bengaluru,2026-08-27,Mobile Native,Medium,Not RN,0,0,0,0,0,False,False,"Accessibility, CI/CD, Debugging, Git, GitHub Actions, Swift, Testing (any), Xcode, iOS",Mid-Senior level,Full-time,12,not stated,,,Application Developer Mobile Android iOS,,https://in.linkedin.com/jobs/view/staff-software-engineer-ios-at-commonwealth-bank-4440919205
4458307043,Senior Frontend Developer | Discovery & Ticketing Platform,Katapult,"Bengaluru, Karnataka, India",Bengaluru,2026-08-26,React Native,Medium,RN Required,2,0,0,0,0,False,False,"Accessibility, CSS, Cross-platform, Debugging, Git, HTML, JavaScript, React, React Native, Redux, Testing (any), TypeScript, Zustand",Mid-Senior level,Full-time,3,Onsite,,,Mobile Engineer React Native,,https://in.linkedin.com/jobs/view/senior-frontend-developer-discovery-ticketing-platform-at-katapult-4458307043
4462278607,Mobile Lead – AI-Native Care Delivery Applications,Azodha,"Pune Division, Maharashtra, India",Pune,2026-09-08,Cross-Platform Mobile,Medium,Not RN,0,0,0,0,4,False,False,"Android, CI/CD, Cross-platform, Flutter, Offline Storage, Testing (any), iOS",Mid-Senior level,Full-time,,Remote,,,Cross Platform Mobile Developer,,https://in.linkedin.com/jobs/view/mobile-lead-%E2%80%93-ai-native-care-delivery-applications-at-azodha-4462278607
4459828180,Senior Engineer Software - Front End [T500-28967],Albertsons Companies India,"Bengaluru, Karnataka, India",Bengaluru,2026-08-27,React Native,Medium,RN Optional,2,0,1,0,2,False,False,"AWS, Accessibility, Android, Appium, CI/CD, CSS, Debugging, Flutter, Git, GitHub Actions, GraphQL, JavaScript, Jenkins, Jest, Kotlin, Offline Storage, Performance Optimization, React, React Native, React Testing Library, Swift, Testing (any), TypeScript, iOS",Mid-Senior level,Full-time,6,not stated,,,Software Developer React JavaScript,,https://in.linkedin.com/jobs/view/senior-engineer-software-front-end-t500-28967-at-albertsons-companies-india-4459828180
4462690174,Senior Software Development Engineer (FrontEnd),Neo,"Bengaluru, Karnataka, India",Bengaluru,2026-09-06,General Software but relevant,Low,Not RN,0,0,0,0,0,False,False,"Agile/Scrum, JavaScript, Maestro",Associate,Full-time,5,not stated,,,Frontend Developer,,https://in.linkedin.com/jobs/view/senior-software-development-engineer-frontend-at-neo-4462690174
4443448058,"Next JS, Typescript Developer",Infosys,"Bengaluru East, Karnataka, India",Bengaluru,2026-09-04,React / Frontend,Medium,Not RN,0,0,0,0,0,False,False,"Agile/Scrum, Authentication, Debugging, GraphQL, JavaScript, Next.js, Testing (any), TypeScript",Not Applicable,Full-time,3,not stated,,,Frontend Developer,,https://in.linkedin.com/jobs/view/next-js-typescript-developer-at-infosys-4443448058
4459512219,Senior Software Engineer,Mastercard,"Pune Division, Maharashtra, India",Pune,2026-09-01,React / Frontend,Medium,Not RN,0,0,0,0,0,False,True,"Accessibility, Agile/Scrum, CI/CD, CSS, Context API, Debugging, Git, JavaScript, Jenkins, React, Redux, Tailwind, Testing (any), TypeScript",Not Applicable,Full-time,8,not stated,,,Frontend Engineer,,https://in.linkedin.com/jobs/view/senior-software-engineer-at-mastercard-4459512219
4466864315,Frontend Developer,Scoutit,"Pune City, Maharashtra, India",Pune,2026-09-16,React / Frontend,Medium,Not RN,0,0,0,0,0,False,False,"Accessibility, Agile/Scrum, CSS, JavaScript, React, Testing (any)",Mid-Senior level,Full-time,,not stated,,,Frontend Developer,,https://in.linkedin.com/jobs/view/frontend-developer-at-scoutit-4466864315
4454744687,SDE 3 - FrontEnd,Pepper,"Mumbai, Maharashtra, India",Mumbai,2026-08-18,React / Frontend,Medium,Not RN,0,0,0,0,0,False,False,"Accessibility, CI/CD, CSS, Git, Jest, Next.js, REST API, React, Redux, Testing (any), TypeScript, Zustand",Mid-Senior level,Full-time,6,Remote,Vasudha Sharma,Talent Acquisition | Fueling Rocketship with Top Talent,UI Engineer React JavaScript,,https://in.linkedin.com/jobs/view/sde-3-frontend-at-pepper-4454744687
4448333374,Web Developer,Accenture in India,"Bengaluru, Karnataka, India",Bengaluru,2026-09-01,React / Frontend,Medium,Not RN,0,0,0,0,0,False,False,"CSS, Git, HTML, JavaScript, REST API, React, Testing (any)",Not Applicable,Full-time,2,not stated,,,UI Engineer React JavaScript,,https://in.linkedin.com/jobs/view/web-developer-at-accenture-in-india-4448333374
4444133650,Lead I - Software Engineering-React,UST,"Trivandrum, Kerala, India",Trivandrum,2026-09-10,React / Frontend,Medium,Not RN,0,0,0,0,0,False,False,"CI/CD, CSS, Git, JavaScript, REST API, React, TypeScript",Not Applicable,Full-time,5,not stated,,,Software Developer React JavaScript,,https://in.linkedin.com/jobs/view/lead-i-software-engineering-react-at-ust-4444133650
4463396154,Senior Flutter Developer,Grid Dynamics,"Bengaluru, Karnataka, India",Bengaluru,2026-09-04,Cross-Platform Mobile,Medium,Not RN,0,0,0,0,6,False,False,"AWS, Android, Cross-platform, Flutter, iOS",Mid-Senior level,Full-time,5,not stated,,,Cross Platform Mobile Developer,,https://in.linkedin.com/jobs/view/senior-flutter-developer-at-grid-dynamics-4463396154
4465714007,Angular Developer,Antal International,"Chennai, Tamil Nadu, India",Chennai,2026-09-14,Adjacent Frontend Framework,Low,Not RN,0,0,0,0,0,False,False,"CI/CD, CSS, Git, HTML",Mid-Senior level,Full-time,4,Onsite,,,Frontend Developer,,https://in.linkedin.com/jobs/view/angular-developer-at-antal-international-4465714007
4384437573,Jr. Front End Developer,Black Box,"Mumbai, Maharashtra, India",Mumbai,2026-09-07,Adjacent Frontend Framework,Low,Not RN,0,0,0,0,0,False,False,"CSS, Debugging, Git, JavaScript, REST API, Testing (any), TypeScript",Mid-Senior level,Full-time,2,Onsite,,,Frontend Developer,,https://in.linkedin.com/jobs/view/jr-front-end-developer-at-black-box-4384437573
4458422207,Full Stack Developer,Ditansource,"Jaipur, Rajasthan, India",Jaipur,2026-08-28,React / Frontend,Medium,Not RN,0,0,0,0,0,False,True,"AWS, CSS, Debugging, Git, HTML, JavaScript, React, Tailwind",Entry level,Full-time,0,Hybrid/Onsite,,,Associate Software Engineer JavaScript React,,https://in.linkedin.com/jobs/view/full-stack-developer-at-ditansource-4458422207
4463867956,Senior iOS Engineer,Tipstat®,"Bengaluru, Karnataka, India",Bengaluru,2026-09-09,Mobile Native,Medium,Not RN,0,0,0,0,0,False,False,"Accessibility, Android, App Store / Play Store, Cross-platform, Firebase, Swift, iOS",Mid-Senior level,Full-time,5,Hybrid/Onsite,,,Application Developer Mobile Android iOS,,https://in.linkedin.com/jobs/view/senior-ios-engineer-at-tipstat%C2%AE-4463867956
4465637401,"Lead Developer Full stack (React Native, Node, MySQL/Mongo)",Comviva,"Bengaluru, Karnataka, India",Bengaluru,2026-09-10,React Native,High,RN Required,2,1,0,0,0,True,False,"Agile/Scrum, CSS, Debugging, HTML, JavaScript, Node.js, React, React Native",Not Applicable,Full-time,,not stated,,,Mobile Engineer React Native,,https://in.linkedin.com/jobs/view/lead-developer-full-stack-react-native-node-mysql-mongo-at-comviva-4465637401
4465981897,UI Specialist - React & Node.js Job,YASH Technologies Middle East,Pune/Pimpri-Chinchwad Area,Pune,2026-09-16,React / Frontend,Medium,Not RN,0,0,0,0,0,False,False,"AWS, Accessibility, Agile/Scrum, Authentication, CI/CD, CSS, Context API, Git, GitHub Actions, GraphQL, JavaScript, Jest, Next.js, Node.js, REST API, React, Redux, Redux Toolkit, Tailwind, Testing (any), TypeScript, Zustand",Not Applicable,Full-time,2,not stated,,,Mobile Engineer React Native,,https://in.linkedin.com/jobs/view/ui-specialist-react-node-js-job-at-yash-technologies-middle-east-4465981897
4456201926,Sr Engineer -- AI Experiences,Lenovo,"Bangalore Urban, Karnataka, India",Bengaluru,2026-09-11,React Native,Medium,RN Required,1,0,0,0,1,False,True,"Android, Cross-platform, Flutter, Kotlin, Performance Optimization, React, React Native",Not Applicable,Full-time,3,Hybrid,,,Mobile Engineer React Native,,https://in.linkedin.com/jobs/view/sr-engineer-ai-experiences-at-lenovo-4456201926
4462501876,Lead I - Product Engineering,UST,"Trivandrum, Kerala, India",Trivandrum,2026-09-08,React Native,High,RN Required,5,1,0,0,0,False,True,"Agile/Scrum, Android, Authentication, CI/CD, CSS, Cross-platform, Git, GitHub Actions, Node.js, REST API, React, React Native, TypeScript, iOS",Not Applicable,Full-time,6,Remote/Hybrid,,,Mobile Engineer React Native,,https://in.linkedin.com/jobs/view/lead-i-product-engineering-at-ust-4462501876
4456497820,Technical Architect - Frontend,Recrew AI,"Delhi, India",Delhi NCR,2026-08-20,React Native,High,RN Required,4,0,0,0,0,False,False,"CI/CD, Cross-platform, GraphQL, JavaScript, REST API, React, React Native, TypeScript",Mid-Senior level,Full-time,2,not stated,Deepthi V,"Hiring @ Recrew.ai | Ex- Jupiter Money, Microsoft",Mobile Engineer React Native,,https://in.linkedin.com/jobs/view/technical-architect-frontend-at-recrew-ai-4456497820
4468370342,Full Stack Developer,Pavesoft Technologies,"Pune District, Maharashtra, India",Pune,2026-09-17,React Native,High,RN Required,3,0,0,0,0,False,True,"AWS, Cross-platform, Debugging, JavaScript, Node.js, REST API, React, React Native, TypeScript",Entry level,Full-time,,Onsite,,,Mobile Engineer React Native,,https://in.linkedin.com/jobs/view/full-stack-developer-at-pavesoft-technologies-4468370342
4459696485,Software Engr I,Honeywell Technologies,"Hyderabad, Telangana, India",Hyderabad,2026-08-27,Mobile Native,Medium,Not RN,0,0,0,0,0,False,True,"Android, App Releases, App Store / Play Store, CI/CD, Fastlane, Firebase, Git, GitHub Actions, Kotlin, Swift, Xcode, iOS",Not Applicable,Full-time,3,not stated,,,Application Developer Mobile Android iOS,,https://in.linkedin.com/jobs/view/software-engr-i-at-honeywell-technologies-4459696485
4433471833,React.js Developer,Infosys,"Hyderabad, Telangana, India",Hyderabad,2026-08-31,React / Frontend,Medium,Not RN,0,0,0,0,0,False,False,"Node.js, React, TypeScript",Not Applicable,Full-time,,not stated,,,Software Developer React JavaScript,,https://in.linkedin.com/jobs/view/react-js-developer-at-infosys-4433471833
4464186474,Full Stack Developer,AppExFlow,India,India,2026-09-13,React / Frontend,Medium,Not RN,0,0,0,0,0,False,True,"Authentication, CSS, Debugging, Git, Next.js, Node.js, Tailwind",Entry level,Full-time,,Remote,,,Associate Software Engineer JavaScript React,,https://in.linkedin.com/jobs/view/full-stack-developer-at-appexflow-4464186474
4456335417,Application Engineer - II,Vanguard,"Hyderabad, Telangana, India",Hyderabad,2026-08-21,React / Frontend,Medium,Not RN,0,0,0,0,0,False,True,"AWS, Agile/Scrum, Debugging, GraphQL, JavaScript, Node.js, React, TypeScript",Associate,Full-time,3,Hybrid,,,Associate Software Engineer JavaScript React,,https://in.linkedin.com/jobs/view/application-engineer-ii-at-vanguard-4456335417
4463599509,Senior Frontend Engineer – Chat SDK Lead,Celebal Technologies,"Jaipur, Rajasthan, India",Jaipur,2026-09-09,React / Frontend,Medium,Not RN,0,0,0,0,0,False,False,"App Releases, CSS, React, Tailwind, Testing (any), TypeScript",Mid-Senior level,Full-time,5,not stated,,,Software Developer React JavaScript,,https://in.linkedin.com/jobs/view/senior-frontend-engineer-%E2%80%93-chat-sdk-lead-at-celebal-technologies-4463599509
4437422020,Applied AI Sr Associate Engineer,Moody's Corporation,"Gurugram, Haryana, India",Delhi NCR,2026-09-09,React / Frontend,Medium,Not RN,0,0,0,0,0,False,True,"Authentication, CI/CD, Git, GitHub Actions, Node.js, REST API, React, Redux, Testing (any), TypeScript, Zustand",Not Applicable,Full-time,,not stated,,,Associate Software Engineer JavaScript React,,https://in.linkedin.com/jobs/view/applied-ai-sr-associate-engineer-at-moody-s-corporation-4437422020
4461485621,Software Engineer 1,UiPath,"Bengaluru East, Karnataka, India",Bengaluru,2026-09-05,General Software but relevant,Low,Not RN,0,0,0,0,0,False,True,"Agile/Scrum, JavaScript, TypeScript",Not Applicable,Full-time,1,Remote/Hybrid,,,Associate Software Engineer JavaScript React,,https://in.linkedin.com/jobs/view/software-engineer-1-at-uipath-4461485621
4463376759,Senior Flutter Developer,Grid Dynamics,"Hyderabad, Telangana, India",Hyderabad,2026-09-04,Cross-Platform Mobile,Medium,Not RN,0,0,0,0,6,False,False,"AWS, Android, Cross-platform, Flutter, iOS",Mid-Senior level,Full-time,5,not stated,,,Cross Platform Mobile Developer,,https://in.linkedin.com/jobs/view/senior-flutter-developer-at-grid-dynamics-4463376759
4466456463,JavaScript Frontend Developer (Remote),Hire Feed,India,India,2026-09-12,React / Frontend,Medium,Not RN,0,0,0,0,0,False,False,"Git, JavaScript, Node.js, REST API, React",Associate,Full-time,,Remote,,,Associate Software Engineer JavaScript React,,https://in.linkedin.com/jobs/view/javascript-frontend-developer-remote-at-hire-feed-4466456463
4451197077,Android Developer,StockX,Greater Bengaluru Area,Bengaluru,2026-09-01,Mobile Native,Medium,Not RN,0,0,0,0,0,False,False,"Agile/Scrum, Android, Android Studio, Debugging, GraphQL, Kotlin, Testing (any)",Mid-Senior level,Full-time,3,not stated,,,Cross Platform Mobile Developer,,https://in.linkedin.com/jobs/view/android-developer-at-stockx-4451197077
4433228983,Software Engineer II,Five9,Greater Bengaluru Area,Bengaluru,2026-08-29,React / Frontend,Medium,Not RN,0,0,0,0,0,False,True,"Accessibility, Jest, React, Testing (any), TypeScript, Zustand",Associate,Full-time,,Remote/Hybrid,,,Associate Software Engineer JavaScript React,,https://in.linkedin.com/jobs/view/software-engineer-ii-at-five9-4433228983
4373983088,Principal Enterprise Software Engineer,Medtronic,"Hyderabad, Telangana, India",Hyderabad,2026-08-19,React Native,High,RN Required,3,0,0,0,3,False,True,"Agile/Scrum, Android, App Releases, App Store / Play Store, CI/CD, Cross-platform, Debugging, Flutter, Kotlin, REST API, React, React Native, Swift, Testing (any), iOS",Mid-Senior level,Full-time,12,not stated,,,Cross Platform Mobile Developer,,https://in.linkedin.com/jobs/view/principal-enterprise-software-engineer-at-medtronic-4373983088
4461136101,Frontend Developer,Black Box,"Navi Mumbai, Maharashtra, India",Mumbai,2026-09-04,Adjacent Frontend Framework,Low,Not RN,0,0,0,0,0,False,False,"CSS, Debugging, Git, JavaScript, REST API, Testing (any), TypeScript",Associate,Full-time,2,Onsite,Prashant Tajane,Assistant Manager - Talent Acquisition,Frontend Developer,,https://in.linkedin.com/jobs/view/frontend-developer-at-black-box-4461136101
4467957837,"Senior Associate, Creative Technology",GALE,"Bengaluru, Karnataka, India",Bengaluru,2026-09-17,React / Frontend,Medium,Not RN,0,0,0,0,0,False,True,"AWS, Accessibility, CI/CD, CSS, Git, GraphQL, JavaScript, Jest, Next.js, React, Tailwind, Testing (any), TypeScript",Not Applicable,Full-time,4,not stated,,,Associate Software Engineer JavaScript React,,https://in.linkedin.com/jobs/view/senior-associate-creative-technology-at-gale-4467957837
4434981787,"Senior Software Engineer - Android, Partner Engineering",Crunchyroll,"Hyderabad, Telangana, India",Hyderabad,2026-09-02,Mobile Native,Medium,Not RN,0,0,0,0,0,False,False,"Android, Kotlin",Associate,Full-time,8,Hybrid,,,Cross Platform Mobile Developer,,https://in.linkedin.com/jobs/view/senior-software-engineer-android-partner-engineering-at-crunchyroll-4434981787
4457902042,Android Developer,GreedyGame,"Bangalore Urban, Karnataka, India",Bengaluru,2026-09-03,Mobile Native,Medium,Not RN,0,0,0,0,0,False,False,"Android, App Releases, App Store / Play Store, Debugging, Firebase, Kotlin, Testing (any)",Mid-Senior level,Full-time,2,Remote,,,Cross Platform Mobile Developer,,https://in.linkedin.com/jobs/view/android-developer-at-greedygame-4457902042
4456617375,Frontend Engineer — Consoles,https://drone-port.in/,"Chennai, Tamil Nadu, India",Chennai,2026-08-22,React / Frontend,Medium,Not RN,0,0,0,0,0,False,False,"Debugging, React",Not Applicable,Full-time,,not stated,,,UI Engineer React JavaScript,,https://in.linkedin.com/jobs/view/frontend-engineer-%E2%80%94-consoles-at-https-drone-port-in-4456617375
4463876614,Front End UI Engineer,Ascendion,"Chennai, Tamil Nadu, India",Chennai,2026-09-09,React / Frontend,Medium,Not RN,0,0,0,0,0,False,False,"Agile/Scrum, CSS, Context API, Debugging, Git, JavaScript, Next.js, REST API, React, Redux, Tailwind",Not Applicable,Full-time,12,not stated,,,UI Engineer React JavaScript,,https://in.linkedin.com/jobs/view/front-end-ui-engineer-at-ascendion-4463876614
4462189351,Senior Front-end Developer,Sharaf DG,"Hyderabad, Telangana, India",Hyderabad,2026-09-02,React / Frontend,Medium,Not RN,0,0,0,0,0,False,False,"Accessibility, Debugging, Git, JavaScript, React",Not Applicable,Full-time,5,Onsite,,,Frontend Developer,,https://in.linkedin.com/jobs/view/senior-front-end-developer-at-sharaf-dg-4462189351
4464344323,Frontend Engineer,Weekday AI (YC W21),"Bengaluru, Karnataka, India",Bengaluru,2026-09-07,React / Frontend,Medium,Not RN,0,0,0,0,0,False,False,"Authentication, Debugging, React, Testing (any), TypeScript",Associate,Full-time,5,not stated,,,Software Developer React JavaScript,,https://in.linkedin.com/jobs/view/frontend-engineer-at-weekday-ai-yc-w21-4464344323
4452562866,Tech & Digital-Software Engineer-Frontend,HDFC Bank,"Bengaluru, Karnataka, India",Bengaluru,2026-08-18,React / Frontend,Medium,Not RN,0,0,0,0,0,False,False,"Agile/Scrum, CSS, Debugging, JavaScript, REST API, React, Testing (any)",Not Applicable,Full-time,2,Hybrid,,,Frontend Developer,,https://in.linkedin.com/jobs/view/tech-digital-software-engineer-frontend-at-hdfc-bank-4452562866
4455712906,Principal Frontend Engineer - React and TypeScript experience is required,SonicWall,"Pune Division, Maharashtra, India",Pune,2026-09-08,React / Frontend,Medium,Not RN,0,0,0,0,0,False,False,"Accessibility, CI/CD, CSS, HTML, JavaScript, Jest, React, React Testing Library, Redux, Testing (any), TypeScript",Not Applicable,Full-time,10,Remote/Hybrid,,,UI Engineer React JavaScript,,https://in.linkedin.com/jobs/view/principal-frontend-engineer-react-and-typescript-experience-is-required-at-sonicwall-4455712906
4432522332,iOS Developer,StockX,Greater Bengaluru Area,Bengaluru,2026-09-11,Mobile Native,Medium,Not RN,0,0,0,0,0,False,False,"Agile/Scrum, Android, Debugging, GraphQL, Kotlin, Node.js, Swift, Testing (any), Xcode, iOS",Mid-Senior level,Full-time,3,not stated,,,Application Developer Mobile Android iOS,,https://in.linkedin.com/jobs/view/ios-developer-at-stockx-4432522332
4457450679,Software Engineer - iOS,StockX,"Bengaluru, Karnataka, India",Bengaluru,2026-09-15,Mobile Native,Medium,Not RN,0,0,0,0,0,False,False,"AWS, Agile/Scrum, Android, Debugging, GraphQL, Kotlin, Node.js, Swift, Testing (any), Xcode, iOS",Not Applicable,Full-time,3,not stated,,,Application Developer Mobile Android iOS,,https://in.linkedin.com/jobs/view/software-engineer-ios-at-stockx-4457450679
4461600273,Frontend Engineer,WaferWire Cloud Technologies,"Bengaluru, Karnataka, India",Bengaluru,2026-09-03,Adjacent Frontend Framework,Low,Not RN,0,0,0,0,0,False,False,"Accessibility, CI/CD, Debugging, Git, JavaScript, Testing (any), TypeScript",Mid-Senior level,Full-time,4,Onsite,Hima Chinnam,HR-Talent Acquisition Specialist | Senior Technical Recruiter | Team Builder with Waferwire (Microsoft),Frontend Developer,,https://in.linkedin.com/jobs/view/frontend-engineer-at-waferwire-cloud-technologies-4461600273
4449839294,Staff UI Software Engineer,Okta,"Bengaluru, Karnataka, India",Bengaluru,2026-09-01,React / Frontend,Medium,Not RN,0,0,0,0,0,False,False,"Authentication, Debugging, Git, JavaScript, Jest, REST API, React, React Testing Library, Testing (any), TypeScript",Not Applicable,Full-time,2,not stated,,,UI Engineer React JavaScript,,https://in.linkedin.com/jobs/view/staff-ui-software-engineer-at-okta-4449839294
4462546311,IOS native mobile App,HCLTech,"Bengaluru, Karnataka, India",Bengaluru,2026-09-08,Mobile Native,Medium,Not RN,0,0,0,0,0,False,False,"Swift, iOS",Mid-Senior level,Full-time,8,not stated,Ashwini Ramesh,HR IT Recruiter @ HCL | FSS | Capgemini,Application Developer Mobile Android iOS,,https://in.linkedin.com/jobs/view/ios-native-mobile-app-at-hcltech-4462546311
4443781790,Sr. Associate - iOS,DRC Systems,"Gandhinagar, Gujarat, India",Gandhinagar,2026-09-03,Mobile Native,Medium,Not RN,0,0,0,0,0,False,False,"Agile/Scrum, Offline Storage, REST API, Swift, iOS",Not Applicable,Full-time,6,not stated,,,Application Developer Mobile Android iOS,,https://in.linkedin.com/jobs/view/sr-associate-ios-at-drc-systems-4443781790
4446416671,"Software Engineer, Simcenter X Platform",Siemens Digital Industries Software,"Bengaluru, Karnataka, India",Bengaluru,2026-09-11,React / Frontend,Medium,Not RN,0,0,0,0,0,False,True,"Agile/Scrum, Debugging, Git, JavaScript, Node.js, React, Testing (any), TypeScript",Mid-Senior level,Full-time,,not stated,,,Software Developer React JavaScript,,https://in.linkedin.com/jobs/view/software-engineer-simcenter-x-platform-at-siemens-digital-industries-software-4446416671
4453570131,Senior Frontend Developer,Tuebora Inc,"Bengaluru, Karnataka, India",Bengaluru,2026-09-11,React / Frontend,Medium,Not RN,0,0,0,0,0,False,False,"CSS, Context API, GraphQL, HTML, JavaScript, Next.js, Node.js, React, Redux, Tailwind, TypeScript",Mid-Senior level,Full-time,9,not stated,,,Software Developer React JavaScript,,https://in.linkedin.com/jobs/view/senior-frontend-developer-at-tuebora-inc-4453570131
4466508179,ReactJS + Nodejs,Tata Consultancy Services,"Chennai, Tamil Nadu, India",Chennai,2026-09-15,React / Frontend,Medium,Not RN,0,0,0,0,0,False,True,"AWS, Accessibility, CI/CD, CSS, Git, GitHub Actions, HTML, JavaScript, Next.js, Node.js, React, Testing (any), TypeScript",Mid-Senior level,Full-time,5,not stated,Divya Loganathan,Human Resources at Tata Consultancy Services,Software Developer React JavaScript,,https://in.linkedin.com/jobs/view/reactjs-%2B-nodejs-at-tata-consultancy-services-4466508179
4467711031,Application Developer,Andor Tech,"Bengaluru, Karnataka, India",Bengaluru,2026-09-15,React Native,High,RN Required,3,1,0,0,0,False,False,"Agile/Scrum, Android, App Store / Play Store, CI/CD, Cross-platform, Kotlin, React, React Native, Testing (any), iOS",Mid-Senior level,Full-time,5,Remote,Divya Madiraju,Senior Technical Recruiter | Product Engineering | Semiconductor | AI/ML | Cloud | Full Stack | SAP | C2H & Permanent Hiring  | 90% Offer-to-Join…,Mobile Engineer React Native,,https://in.linkedin.com/jobs/view/application-developer-at-andor-tech-4467711031
4467981070,Sr. Web Developer (Frontend),Amura Marketing Technologies,"Pune Division, Maharashtra, India",Pune,2026-09-16,React / Frontend,Medium,Not RN,0,0,0,0,0,False,False,"Agile/Scrum, CSS, Debugging, Git, HTML, JavaScript, Next.js, React",Not Applicable,Full-time,5,Onsite,,,Frontend Developer,,https://in.linkedin.com/jobs/view/sr-web-developer-frontend-at-amura-marketing-technologies-4467981070
4465037245,Senior Engineer Software - Front End [T500-29253],Albertsons Companies India,"Bengaluru, Karnataka, India",Bengaluru,2026-09-09,React Native,Medium,RN Optional,2,0,1,0,2,False,False,"AWS, Accessibility, Android, Appium, CI/CD, CSS, Debugging, Flutter, Git, GitHub Actions, GraphQL, JavaScript, Jenkins, Jest, Kotlin, Offline Storage, Performance Optimization, React, React Native, React Testing Library, Swift, Testing (any), TypeScript, iOS",Mid-Senior level,Full-time,5,not stated,,,Software Developer React JavaScript,,https://in.linkedin.com/jobs/view/senior-engineer-software-front-end-t500-29253-at-albertsons-companies-india-4465037245
4404822110,Senior Software Engineer,ZoomInfo,"Bengaluru, Karnataka, India",Bengaluru,2026-09-12,React / Frontend,Medium,Not RN,0,0,0,0,0,False,True,"AWS, Accessibility, Authentication, CI/CD, CSS, Debugging, Git, GitHub Actions, GraphQL, HTML, JavaScript, Jenkins, Next.js, Node.js, REST API, React, Testing (any), TypeScript",Not Applicable,Full-time,7,not stated,,,Software Developer React JavaScript,,https://in.linkedin.com/jobs/view/senior-software-engineer-at-zoominfo-4404822110
4411586536,(IND) Software Engineer III,Walmart Global Tech India,"Bengaluru, Karnataka, India",Bengaluru,2026-09-01,Mobile Native,Medium,Not RN,0,0,0,0,0,False,True,"Accessibility, Agile/Scrum, GraphQL, Swift, iOS",Not Applicable,Full-time,2,not stated,,,Application Developer Mobile Android iOS,,https://in.linkedin.com/jobs/view/ind-software-engineer-iii-at-walmart-global-tech-india-4411586536
4467164720,Android Software Engineer - AI Neobank App,Doit,India,India,2026-09-17,Mobile Native,Medium,Not RN,0,0,0,0,0,False,False,"Android, Debugging, Git, Kotlin",Entry level,Full-time,3,Remote,,,Cross Platform Mobile Developer,,https://in.linkedin.com/jobs/view/android-software-engineer-ai-neobank-app-at-doit-4467164720
4465044209,Mobile Application Developer,Thompsons HR Consulting Pvt Ltd,"Bengaluru, Karnataka, India",Bengaluru,2026-09-09,React Native,High,RN Required,3,1,0,0,0,False,False,"Agile/Scrum, Android, App Store / Play Store, CI/CD, Cross-platform, Kotlin, React, React Native, Testing (any), iOS",Not Applicable,Full-time,,Remote/Onsite,,,Mobile Engineer React Native,,https://in.linkedin.com/jobs/view/mobile-application-developer-at-thompsons-hr-consulting-pvt-ltd-4465044209
4465170473,Staff Software Engineer - Native Mobile (iOS & Android),Intuit,"Bengaluru, Karnataka, India",Bengaluru,2026-09-11,Mobile Native,Medium,Not RN,0,0,0,0,0,False,False,"Android, Authentication, Kotlin, Swift, iOS",Mid-Senior level,Full-time,8,not stated,,,Application Developer Mobile Android iOS,,https://in.linkedin.com/jobs/view/staff-software-engineer-native-mobile-ios-android-at-intuit-4465170473
4461558801,iOS Engineer,IC,"Hyderabad, Telangana, India",Hyderabad,2026-09-01,Mobile Native,Medium,Not RN,0,0,0,0,0,False,False,"App Store / Play Store, Git, REST API, Swift, iOS",Associate,Full-time,5,not stated,,,Application Developer Mobile Android iOS,,https://in.linkedin.com/jobs/view/ios-engineer-at-ic-4461558801
4462757632,"Software Engineering Lead - Java, React Js and React Native",Optum India,"Bengaluru, Karnataka, India",Bengaluru,2026-09-03,React Native,High,RN Required,3,0,1,0,0,True,False,"Context API, Cross-platform, REST API, React, React Native, Redux, TypeScript",Not Applicable,Full-time,,not stated,,,Mobile Engineer React Native,,https://in.linkedin.com/jobs/view/software-engineering-lead-java-react-js-and-react-native-at-optum-india-4462757632
4463514603,Senior Frontend Engineer - Rocket Growth,Coupang,"Bengaluru, Karnataka, India",Bengaluru,2026-09-15,React / Frontend,Medium,Not RN,0,0,0,0,0,False,False,"JavaScript, Node.js, Performance Optimization, React",Associate,Full-time,4,Remote/Hybrid/Onsite,,,Frontend Engineer,,https://in.linkedin.com/jobs/view/senior-frontend-engineer-rocket-growth-at-coupang-4463514603
4459923695,Full Stack Developer,NMD Placement Consultancy,"Mumbai, Maharashtra, India",Mumbai,2026-09-08,React Native,Medium,RN Optional,1,0,1,0,0,False,True,"Agile/Scrum, App Store / Play Store, Authentication, CI/CD, Firebase, GraphQL, Jest, Node.js, Performance Optimization, React, React Native, React Testing Library, Redux, Testing (any)",Mid-Senior level,Full-time,4,Onsite,Anuja Choudhury,IT Vertical Head,Mobile Engineer React Native,,https://in.linkedin.com/jobs/view/full-stack-developer-at-nmd-placement-consultancy-4459923695
4455688526,Senior Frontend Engineer,Aivar Innovations,"Bengaluru, Karnataka, India",Bengaluru,2026-08-20,React / Frontend,Medium,Not RN,0,0,0,0,0,False,False,"AWS, Accessibility, Debugging, React, Testing (any), TypeScript",Mid-Senior level,Full-time,4,not stated,,,UI Engineer React JavaScript,,https://in.linkedin.com/jobs/view/senior-frontend-engineer-at-aivar-innovations-4455688526
4449743939,React Lead IRC298790,GlobalLogic,"Noida, Uttar Pradesh, India",Delhi NCR,2026-08-28,React / Frontend,Medium,Not RN,0,0,0,0,0,False,False,"AWS, Authentication, GraphQL, React, TypeScript",Not Applicable,Full-time,10,Remote,,,UI Engineer React JavaScript,,https://in.linkedin.com/jobs/view/react-lead-irc298790-at-globallogic-4449743939
4456582367,Founding Full Stack Engineer | React.js | Node.js | AWS,Assistly | Senior Care Software,"Hyderabad, Telangana, India",Hyderabad,2026-08-25,React Native,Medium,RN Required,1,1,0,0,0,False,False,"AWS, CI/CD, Debugging, Jenkins, Node.js, React, React Native",Associate,Full-time,2,not stated,Teena Wadhwani,Talent Acquisition Specialist at Charter Global,Mobile Engineer React Native,,https://in.linkedin.com/jobs/view/founding-full-stack-engineer-react-js-node-js-aws-at-assistly-senior-care-software-4456582367
4407750482,"(IND) SENIOR, SOFTWARE ENGINEER - Front End",Walmart Global Tech India,"Bengaluru, Karnataka, India",Bengaluru,2026-09-12,React / Frontend,Medium,Not RN,0,0,0,0,0,False,False,"Accessibility, CI/CD, CSS, Context API, GraphQL, JavaScript, Jenkins, Next.js, Node.js, REST API, React, React Testing Library, Recoil, Redux, Redux Toolkit, Testing (any), TypeScript, Zustand",Mid-Senior level,Full-time,1,not stated,,,UI Engineer React JavaScript,,https://in.linkedin.com/jobs/view/ind-senior-software-engineer-front-end-at-walmart-global-tech-india-4407750482
4454751374,iOS Developer,Recro,"Bengaluru, Karnataka, India",Bengaluru,2026-08-18,Mobile Native,Medium,Not RN,0,0,0,0,0,False,False,"App Store / Play Store, Swift, iOS",Mid-Senior level,Full-time,3,not stated,,,Application Developer Mobile Android iOS,,https://in.linkedin.com/jobs/view/ios-developer-at-recro-4454751374
4455798222,"Software Development Engineer, Amazon Books",Amazon,"Chennai, Tamil Nadu, India",Chennai,2026-09-09,React Native,Medium,RN Required,2,0,0,0,0,False,True,"Debugging, React Native, Testing (any)",Mid-Senior level,Full-time,2,not stated,,,Mobile Engineer React Native,,https://in.linkedin.com/jobs/view/software-development-engineer-amazon-books-at-amazon-4455798222
4457489314,Senior AI Frontend Engineer,Nuaav,"Noida, Uttar Pradesh, India",Delhi NCR,2026-08-25,React / Frontend,Medium,Not RN,0,0,0,0,0,False,False,"AWS, CI/CD, React, Testing (any), TypeScript",Mid-Senior level,Full-time,,Remote/Hybrid,Candida DSouza,Senior Talent Partner @ Nuaav | Ex-Infosys | HR 30under30 Jombay | Finding Needles in Tech Haystacks Since 2021,Mobile Engineer React Native,,https://in.linkedin.com/jobs/view/senior-ai-frontend-engineer-at-nuaav-4457489314
4460056582,Senior Angular Engineer,Mizuho,"Pune City, Maharashtra, India",Pune,2026-08-31,Adjacent Frontend Framework,Low,Not RN,0,0,0,0,0,False,False,"CI/CD, CSS, Debugging, Git, JavaScript, Jest, Performance Optimization, REST API, TypeScript",Mid-Senior level,Full-time,5,not stated,Amit Mishra,Executive Director-Human Resources,Frontend Developer,,https://in.linkedin.com/jobs/view/senior-angular-engineer-at-mizuho-4460056582
4460605239,Principal Software Engineer,"Solera Holdings, LLC.","Bangalore Urban district, India",Bengaluru,2026-09-01,React Native,Medium,RN Strong,2,0,1,1,2,False,True,"AWS, Accessibility, Agile/Scrum, Android, App Releases, App Store / Play Store, Authentication, CI/CD, Cross-platform, Debugging, Flutter, Git, GraphQL, Kotlin, Offline Storage, Performance Optimization, REST API, React, React Native, Swift, Testing (any), iOS",Not Applicable,Full-time,10,Remote,,,Cross Platform Mobile Developer,,https://in.linkedin.com/jobs/view/principal-software-engineer-at-solera-holdings-llc-4460605239
4464847966,Junior iOS Developer,Cosmic Insights,"Coimbatore, Tamil Nadu, India",Coimbatore,2026-09-11,Mobile Native,Medium,Not RN,0,0,0,0,0,False,False,"Agile/Scrum, App Store / Play Store, CI/CD, Debugging, Git, REST API, Swift, Testing (any), iOS",Entry level,Full-time,2,not stated,,,Application Developer Mobile Android iOS,,https://in.linkedin.com/jobs/view/junior-ios-developer-at-cosmic-insights-4464847966
4462928485,3513753-Lead Assistant Manager,EXL,"Noida, Uttar Pradesh, India",Delhi NCR,2026-09-07,React Native,Medium,RN Optional,1,0,1,0,0,False,True,"Agile/Scrum, Cross-platform, Debugging, Git, JavaScript, Jest, REST API, React, React Native, Redux, Testing (any)",Not Applicable,Full-time,3,Hybrid,,,Software Developer React JavaScript,,https://in.linkedin.com/jobs/view/3513753-lead-assistant-manager-at-exl-4462928485
4453075264,Principal Software Engineer - FE,Skillz,Greater Bengaluru Area,Bengaluru,2026-09-02,React Native,High,RN Optional,4,0,1,0,0,False,True,"Accessibility, Android, Cross-platform, JavaScript, React, React Native, TypeScript, iOS",Not Applicable,Full-time,12,Onsite,,,Mobile Engineer React Native,,https://in.linkedin.com/jobs/view/principal-software-engineer-fe-at-skillz-4453075264
4461696718,Full Stack Developer (React /Node.js),Cognizant,"Pune Division, Maharashtra, India",Pune,2026-09-03,React / Frontend,Medium,Not RN,0,0,0,0,0,False,False,"Git, JavaScript, Jest, Node.js, Performance Optimization, REST API, React, React Testing Library, Redux, Redux Toolkit, Testing (any), TypeScript",Not Applicable,Full-time,,Hybrid,,,Software Developer React JavaScript,,https://in.linkedin.com/jobs/view/full-stack-developer-react-node-js-at-cognizant-4461696718
4462936510,4423401-Lead Assistant Manager,EXL,"Noida, Uttar Pradesh, India",Delhi NCR,2026-09-07,React Native,Medium,RN Optional,1,0,1,0,0,False,True,"Agile/Scrum, Cross-platform, Debugging, Git, JavaScript, Jest, REST API, React, React Native, Redux, Testing (any)",Not Applicable,Full-time,3,Hybrid,,,Software Developer React JavaScript,,https://in.linkedin.com/jobs/view/4423401-lead-assistant-manager-at-exl-4462936510
4465184940,"Assoc, FrontEnd Eng - Android, WRB Tech",Standard Chartered India,"Bengaluru East, Karnataka, India",Bengaluru,2026-09-12,React / Frontend,Medium,Not RN,0,0,0,0,0,False,False,"Agile/Scrum, Android, App Store / Play Store, CI/CD, CSS, Fastlane, Firebase, Git, JavaScript, Jenkins, Kotlin, React, Testing (any), TypeScript",Not Applicable,Full-time,5,Hybrid,,,Cross Platform Mobile Developer,,https://in.linkedin.com/jobs/view/assoc-frontend-eng-android-wrb-tech-at-standard-chartered-india-4465184940
4466826914,Fullstack Staff Frontend Engineer,Noon,"Bengaluru, Karnataka, India",Bengaluru,2026-09-16,React / Frontend,Medium,Not RN,0,0,0,0,0,False,False,"JavaScript, React, Testing (any), TypeScript",Mid-Senior level,Full-time,7,Onsite,Praneeth D,"Talent Acquisition Lead @ Noon | Ex-CRED, Razorpay, Coursera | Scaling Engineering & Product Teams",Software Developer React JavaScript,,https://in.linkedin.com/jobs/view/fullstack-staff-frontend-engineer-at-noon-4466826914
4464065115,flutter,Innovation Revenue Enablement,"Hindoli, Rajasthan, India",Hindoli,2026-09-06,Cross-Platform Mobile,Low,Not RN,0,0,0,0,1,False,False,Flutter,Not Applicable,Full-time,,not stated,,,Cross Platform Mobile Developer,,https://in.linkedin.com/jobs/view/flutter-at-innovation-revenue-enablement-4464065115
4464877153,Senior iOS Developer,Graphy Inc.,"Bengaluru, Karnataka, India",Bengaluru,2026-09-11,Mobile Native,Medium,Not RN,0,0,0,0,0,False,False,"CI/CD, Git, REST API, Swift, Testing (any), iOS",Mid-Senior level,Full-time,3,not stated,Nainpreet Kaur,People & Talent Strategist  | Scaling Tech and Business Teams @ Unacademy,Application Developer Mobile Android iOS,,https://in.linkedin.com/jobs/view/senior-ios-developer-at-graphy-inc-4464877153
4454999779,Senior Software Engineer,Vivantify Technology Solutions India Pvt. Ltd.,"Coimbatore, Tamil Nadu, India",Coimbatore,2026-08-19,React / Frontend,Medium,Not RN,0,0,0,0,0,False,True,"Agile/Scrum, Authentication, CI/CD, CSS, Git, JavaScript, REST API, Redux, Testing (any), TypeScript",Not Applicable,Full-time,3,not stated,,,Frontend Developer,,https://in.linkedin.com/jobs/view/senior-software-engineer-at-vivantify-technology-solutions-india-pvt-ltd-4454999779
4429226747,Software Development Engineer II - Web,JioStar,"Bengaluru, Karnataka, India",Bengaluru,2026-09-08,React / Frontend,Medium,Not RN,0,0,0,0,0,False,True,"CI/CD, CSS, Debugging, Jest, Next.js, Performance Optimization, React, React Testing Library, Tailwind, Testing (any), TypeScript",Not Applicable,Full-time,2,not stated,,,Mobile Engineer React Native,,https://in.linkedin.com/jobs/view/software-development-engineer-ii-web-at-jiostar-4429226747
4466450081,UI Engineer (Remote),Hire Feed,India,India,2026-09-12,React / Frontend,Medium,Not RN,0,0,0,0,0,False,False,"Accessibility, CI/CD, CSS, Context API, Git, HTML, JavaScript, React, Redux",Associate,Full-time,,Remote,,,UI Engineer React JavaScript,,https://in.linkedin.com/jobs/view/ui-engineer-remote-at-hire-feed-4466450081
4465014188,Senior Front-End Software Engineer,Light & Wonder,"Pune Division, Maharashtra, India",Pune,2026-09-09,React / Frontend,Medium,Not RN,0,0,0,0,0,False,False,"CSS, Cross-platform, Debugging, Git, HTML, JavaScript, Node.js, React",Not Applicable,Full-time,5,not stated,,,Frontend Developer,,https://in.linkedin.com/jobs/view/senior-front-end-software-engineer-at-light-wonder-4465014188
4447072691,Senior Software Engineer,U.S. Bank,"Chennai, Tamil Nadu, India",Chennai,2026-09-11,React / Frontend,Medium,Not RN,0,0,0,0,0,False,True,"AWS, Accessibility, Authentication, CI/CD, CSS, Context API, Debugging, Git, HTML, JavaScript, Jest, Node.js, REST API, React, React Testing Library, Redux, Testing (any), TypeScript",Not Applicable,Full-time,7,not stated,,,Mobile Engineer React Native,,https://in.linkedin.com/jobs/view/senior-software-engineer-at-u-s-bank-4447072691
4450803184,Software Development Engineer II,JioStar,Greater Bengaluru Area,Bengaluru,2026-09-08,Mobile Native,Medium,Not RN,0,0,0,0,0,False,True,"CI/CD, Debugging, Swift, Testing (any), Xcode, iOS",Not Applicable,Full-time,2,not stated,,,Application Developer Mobile Android iOS,,https://in.linkedin.com/jobs/view/software-development-engineer-ii-at-jiostar-4450803184
4468365259,Senior Software Engineer,Mastercard,"Navi Mumbai, Maharashtra, India",Mumbai,2026-09-17,React / Frontend,Medium,Not RN,0,0,0,0,0,False,True,"AWS, Agile/Scrum, Authentication, CI/CD, Context API, Debugging, Git, GraphQL, JavaScript, Jest, Next.js, Node.js, REST API, React, React Testing Library, Redux, Redux Toolkit, Testing (any), TypeScript",Not Applicable,Full-time,5,not stated,,,Mobile Engineer React Native,,https://in.linkedin.com/jobs/view/senior-software-engineer-at-mastercard-4468365259
4467174567,Senior Full Stack Engineer,Amura Health,"Chennai, Tamil Nadu, India",Chennai,2026-09-17,React Native,Medium,RN Required,2,0,0,0,0,False,True,"AWS, CI/CD, Debugging, Git, JavaScript, Node.js, React, React Native, TypeScript",Mid-Senior level,Full-time,4,Onsite,Janani Sunile,"Talent Acquisition @ Amura | Founding Team | Early-stage startups 
| People & Culture | Ex. Head Project Mgr. - Steinbeis Solar Research Centre",Mobile Engineer React Native,,https://in.linkedin.com/jobs/view/senior-full-stack-engineer-at-amura-health-4467174567
4464860742,Software Craftsperson/ Node/ React/ Typescript- II/ III,Incubyte,India,India,2026-09-11,React / Frontend,Medium,Not RN,0,0,0,0,0,False,False,"Agile/Scrum, CSS, Debugging, HTML, JavaScript, Next.js, React, Testing (any), TypeScript",Entry level,Full-time,4,Remote,,,Mobile Engineer React Native,,https://in.linkedin.com/jobs/view/software-craftsperson-node-react-typescript-ii-iii-at-incubyte-4464860742
4464515255,Middle Frontend Engineer,NodeShift,India,India,2026-09-10,React / Frontend,Medium,Not RN,0,0,0,0,0,False,False,"Agile/Scrum, CSS, HTML, JavaScript, Jest, Node.js, React, Testing (any), TypeScript",Entry level,Full-time,3,Remote/Hybrid,,,Mobile Engineer React Native,,https://in.linkedin.com/jobs/view/middle-frontend-engineer-at-nodeshift-4464515255
4463853527,Angular Developer with Ionic,SIONIQ - JOS,"Kochi, Kerala, India",Kochi,2026-09-09,Cross-Platform Mobile,Medium,Not RN,0,0,0,0,0,False,False,"Android, CSS, Git, HTML, JavaScript, REST API, TypeScript, iOS",Mid-Senior level,Full-time,5,not stated,,,Frontend Developer,,https://in.linkedin.com/jobs/view/angular-developer-with-ionic-at-sioniq-jos-4463853527
4437196473,Angular Developer,BNP Paribas,"Chennai, Tamil Nadu, India",Chennai,2026-09-10,React / Frontend,Medium,Not RN,0,0,0,0,0,False,False,"Agile/Scrum, Authentication, CSS, Git, HTML, JavaScript, Performance Optimization, REST API, React, Redux, TypeScript",Not Applicable,Full-time,5,not stated,,,Frontend Developer,,https://in.linkedin.com/jobs/view/angular-developer-at-bnp-paribas-4437196473
4456170712,Frontend Developer,Luxoft,"Gurugram, Haryana, India",Delhi NCR,2026-08-19,React / Frontend,Medium,Not RN,0,0,0,0,0,False,False,"Accessibility, Agile/Scrum, Authentication, CI/CD, JavaScript, React, TypeScript",Mid-Senior level,Full-time,5,not stated,,,Software Developer React JavaScript,,https://in.linkedin.com/jobs/view/frontend-developer-at-luxoft-4456170712
4461078912,UI Angular - Senior Engineer,Iris Software Inc.,"Noida, Uttar Pradesh, India",Delhi NCR,2026-08-31,React / Frontend,Medium,Not RN,0,0,0,0,0,False,False,"CSS, HTML, React",Not Applicable,Full-time,,not stated,,,Frontend Engineer,,https://in.linkedin.com/jobs/view/ui-angular-senior-engineer-at-iris-software-inc-4461078912
4456748022,Principal Software Engineer,DHL,"Chennai, Tamil Nadu, India",Chennai,2026-09-07,React / Frontend,Medium,Not RN,0,0,0,0,0,False,True,"Agile/Scrum, Authentication, CI/CD, CSS, HTML, JavaScript, React, Testing (any), TypeScript",Mid-Senior level,Full-time,,Hybrid/Onsite,,,Software Developer React JavaScript,,https://in.linkedin.com/jobs/view/principal-software-engineer-at-dhl-4456748022
4445493706,Lead Software Engineer -Frontend,4flow,"Bengaluru, Karnataka, India",Bengaluru,2026-09-08,Adjacent Frontend Framework,Low,Not RN,0,0,0,0,0,False,False,"Accessibility, CI/CD, Git, JavaScript, Testing (any), TypeScript",Associate,Full-time,6,Hybrid,,,Frontend Developer,,https://in.linkedin.com/jobs/view/lead-software-engineer-frontend%E2%80%AF-at-4flow-4445493706
4459695017,Senior Software Engineer I - Mobile Developer,Talkdesk,"Bengaluru, Karnataka, India",Bengaluru,2026-08-27,Cross-Platform Mobile,Medium,Not RN,0,0,0,0,2,False,False,"Android, App Store / Play Store, CI/CD, Fastlane, Flutter, Git, GitHub Actions, Kotlin, Swift, Testing (any), Xcode, iOS",Director,Full-time,,Remote,,,Cross Platform Mobile Developer,,https://in.linkedin.com/jobs/view/senior-software-engineer-i-mobile-developer-at-talkdesk-4459695017
4449999530,UI Developer,Larsen & Toubro,"Chennai, Tamil Nadu, India",Chennai,2026-09-05,React / Frontend,Medium,Not RN,0,0,0,0,0,False,False,"Accessibility, Authentication, CSS, Context API, GraphQL, React, Redux, Redux Toolkit, Tailwind, Testing (any)",Not Applicable,Full-time,6,not stated,,,Frontend Developer,,https://in.linkedin.com/jobs/view/ui-developer-at-larsen-toubro-4449999530
4464663115,Mobile Application Developer,Diligente Technologies,India,India,2026-09-08,Mobile Native,Medium,Not RN,0,0,0,0,0,False,False,"Android, iOS",Mid-Senior level,Contract,,Remote,,,Cross Platform Mobile Developer,,https://in.linkedin.com/jobs/view/mobile-application-developer-at-diligente-technologies-4464663115
4468333086,Flutter Engineer,FetchJobs.co,India,India,2026-09-17,Cross-Platform Mobile,Medium,Not RN,0,0,0,0,11,False,False,"Android, CI/CD, Debugging, Flutter, Git, GraphQL, Testing (any), iOS",Associate,Full-time,4,Remote,,,Cross Platform Mobile Developer,,https://in.linkedin.com/jobs/view/flutter-engineer-at-fetchjobs-co-4468333086
4466844304,IOS Developer,Fractal,"Bengaluru, Karnataka, India",Bengaluru,2026-09-16,Mobile Native,Medium,Not RN,0,0,0,0,0,False,False,"Agile/Scrum, App Store / Play Store, CI/CD, Debugging, Fastlane, Git, REST API, Swift, Testing (any), iOS",Not Applicable,Full-time,,not stated,,,Application Developer Mobile Android iOS,,https://in.linkedin.com/jobs/view/ios-developer-at-fractal-4466844304
4463001858,Senior flutter developer,Awign Expert,"Bengaluru, Karnataka, India",Bengaluru,2026-09-09,Cross-Platform Mobile,Medium,Not RN,0,0,0,0,15,False,False,"Android, Authentication, CI/CD, Debugging, Flutter, Git, GraphQL, Offline Storage, Performance Optimization, REST API, Testing (any), iOS",Mid-Senior level,Full-time,3,not stated,Manam Manjusha,,Cross Platform Mobile Developer,,https://in.linkedin.com/jobs/view/senior-flutter-developer-at-awign-expert-4463001858
4459976433,Android sr.Dev,Concentrix,Greater Hyderabad Area,Hyderabad,2026-09-02,Mobile Native,Medium,Not RN,0,0,0,0,0,False,False,"AWS, Accessibility, Agile/Scrum, Android, Android Studio, Authentication, CI/CD, Debugging, Fastlane, Firebase, Git, GitHub Actions, GraphQL, Jenkins, Kotlin, Offline Storage, Testing (any)",Not Applicable,Full-time,,not stated,,,Application Developer Mobile Android iOS,,https://in.linkedin.com/jobs/view/android-sr-dev-at-concentrix-4459976433
4461343618,Front End Developer - Angular React - Assistant Vice President,Citi,"Pune Division, Maharashtra, India",Pune,2026-09-02,React / Frontend,Medium,Not RN,0,0,0,0,0,False,False,"AWS, Accessibility, Agile/Scrum, CI/CD, GraphQL, Jenkins, React, Testing (any)",Not Applicable,Full-time,,not stated,,,UI Engineer React JavaScript,,https://in.linkedin.com/jobs/view/front-end-developer-angular-react-assistant-vice-president-at-citi-4461343618
4465491402,Senior Frontend Engineer - Web3 Wallet,Jobgether,India,India,2026-09-14,React / Frontend,Medium,Not RN,0,0,0,0,0,False,False,"CSS, Debugging, Git, HTML, JavaScript, React, Testing (any), TypeScript",Not Applicable,Full-time,,not stated,,,UI Engineer React JavaScript,,https://in.linkedin.com/jobs/view/senior-frontend-engineer-web3-wallet-at-jobgether-4465491402
4465228250,iOS Developer,Primetrace,"Bengaluru, Karnataka, India",Bengaluru,2026-09-14,Mobile Native,Medium,Not RN,0,0,0,0,0,False,False,"Debugging, Git, Swift, Testing (any), iOS",Entry level,Full-time,2,Onsite,,,Application Developer Mobile Android iOS,,https://in.linkedin.com/jobs/view/ios-developer-at-primetrace-4465228250
4467708596,Software Engineer - UI Developer,Oxane Partners,"Gurgaon, Haryana, India",Delhi NCR,2026-09-15,General Software but relevant,Low,Not RN,0,0,0,0,0,False,False,"CSS, HTML, JavaScript",Not Applicable,Full-time,,not stated,,,Frontend Developer,,https://in.linkedin.com/jobs/view/software-engineer-ui-developer-at-oxane-partners-4467708596
4465987996,Software Development Engineer II,JioStar,Greater Bengaluru Area,Bengaluru,2026-09-16,React / Frontend,Medium,Not RN,0,0,0,0,0,False,True,"Accessibility, Agile/Scrum, Git, JavaScript, React",Not Applicable,Full-time,2,Onsite,,,Frontend Developer,,https://in.linkedin.com/jobs/view/software-development-engineer-ii-at-jiostar-4465987996
4452579144,Technical Lead,Collinson Group,"Mumbai, Maharashtra, India",Mumbai,2026-08-18,Mobile Native,Medium,Not RN,0,0,0,0,0,False,True,"Accessibility, Agile/Scrum, Android, App Store / Play Store, CI/CD, Debugging, Git, GraphQL, Testing (any), iOS",Mid-Senior level,Full-time,7,Hybrid,Britney Dias,Executive – Talent Acquisition,Application Developer Mobile Android iOS,,https://in.linkedin.com/jobs/view/technical-lead-at-collinson-group-4452579144
4465954589,Flutter Developer,Client of Springhr,"Navi Mumbai, Maharashtra, India",Mumbai,2026-09-16,Cross-Platform Mobile,Medium,Not RN,0,0,0,0,4,False,False,"Agile/Scrum, Android, Flutter, Git, Kotlin, REST API, Swift, iOS",Mid-Senior level,Full-time,4,Hybrid,Salma Daginawala,Managing Partner at Spring HR Services LLP.,Cross Platform Mobile Developer,,https://in.linkedin.com/jobs/view/flutter-developer-4465954589
4438076952,Senior Software Engineer - UI,Ontic,"Noida, Uttar Pradesh, India",Delhi NCR,2026-08-28,React / Frontend,Medium,Not RN,0,0,0,0,0,False,False,"Accessibility, Authentication, CI/CD, CSS, Debugging, HTML, JavaScript, Jest, React, React Testing Library, Testing (any), TypeScript",Not Applicable,Full-time,5,not stated,,,UI Engineer React JavaScript,,https://in.linkedin.com/jobs/view/senior-software-engineer-ui-at-ontic-4438076952
4462203822,Frontend Engineer,Weekday (YC W21),"Bengaluru, Karnataka, India",Bengaluru,2026-09-07,React / Frontend,Medium,Not RN,0,0,0,0,0,False,False,"Authentication, JavaScript, React, Testing (any), TypeScript",Not Applicable,Full-time,3,not stated,,,Software Developer React JavaScript,,https://in.linkedin.com/jobs/view/frontend-engineer-at-weekday-yc-w21-4462203822
4457479645,Senior NextJS Developer,Ascendion,"Bengaluru, Karnataka, India",Bengaluru,2026-08-25,React / Frontend,Medium,Not RN,0,0,0,0,0,False,True,"Next.js, TypeScript",Not Applicable,Full-time,,not stated,,,Frontend Developer,,https://in.linkedin.com/jobs/view/senior-nextjs-developer-at-ascendion-4457479645
4454967933,"Frontend Engineer, Vision",Sarvam,"Bengaluru, Karnataka, India",Bengaluru,2026-08-19,React / Frontend,Medium,Not RN,0,0,0,0,0,False,False,"Accessibility, Debugging, React, Testing (any), TypeScript",Not Applicable,Full-time,,not stated,,,UI Engineer React JavaScript,,https://in.linkedin.com/jobs/view/frontend-engineer-vision-at-sarvam-4454967933
4448554952,Senior Frontend Developer,IDFC FIRST Bank,"Chennai, Tamil Nadu, India",Chennai,2026-08-26,React Native,Medium,RN Required,2,1,0,0,1,False,False,"Android, App Store / Play Store, Cross-platform, Debugging, Flutter, Git, JavaScript, React, React Native, TypeScript, iOS",Not Applicable,Full-time,,not stated,,,Application Developer Mobile Android iOS,,https://in.linkedin.com/jobs/view/senior-frontend-developer-at-idfc-first-bank-4448554952
4463021585,Principal Engineer-Angular Developer,Persistent Systems,"Pune City, Maharashtra, India",Pune,2026-09-09,Adjacent Frontend Framework,Low,Not RN,0,0,0,0,0,False,False,"Accessibility, Agile/Scrum, CSS, Debugging, Git, HTML, JavaScript, Performance Optimization, REST API, TypeScript",Mid-Senior level,Full-time,10,Hybrid,,,Frontend Developer,,https://in.linkedin.com/jobs/view/principal-engineer-angular-developer-at-persistent-systems-4463021585
4465970243,Full Stack Engineer – Frontend Focus,Gitforce,"Hyderabad, Telangana, India",Hyderabad,2026-09-16,React / Frontend,Medium,Not RN,0,0,0,0,0,False,False,"Accessibility, Authentication, CI/CD, CSS, Debugging, Git, HTML, JavaScript, React, React Testing Library, Testing (any), TypeScript",Entry level,Full-time,2,not stated,,,Software Developer React JavaScript,,https://in.linkedin.com/jobs/view/full-stack-engineer-%E2%80%93-frontend-focus-at-gitforce-4465970243
4422479407,"Frontend Engineer , Framework creator — UI/UX",BNP Paribas,"Mumbai, Maharashtra, India",Mumbai,2026-08-28,Adjacent Frontend Framework,Low,Not RN,0,0,0,0,0,False,False,"Accessibility, Authentication, CI/CD, Git, REST API, Testing (any), TypeScript",Not Applicable,Full-time,,not stated,,,Frontend Developer,,https://in.linkedin.com/jobs/view/frontend-engineer-framework-creator-%E2%80%94-ui-ux-at-bnp-paribas-4422479407
4465987995,Software Development Engineer II,JioStar,Greater Bengaluru Area,Bengaluru,2026-09-16,Mobile Native,Medium,Not RN,0,0,0,0,0,False,True,"AWS, Android, Android Studio, Firebase, Kotlin",Not Applicable,Full-time,4,Onsite,,,Cross Platform Mobile Developer,,https://in.linkedin.com/jobs/view/software-development-engineer-ii-at-jiostar-4465987995
4462400242,Senior Developer - React [T500-29100],Neighborly®,"Bengaluru, Karnataka, India",Bengaluru,2026-09-02,React / Frontend,Medium,Not RN,0,0,0,0,0,False,False,"AWS, Accessibility, Agile/Scrum, CI/CD, CSS, Debugging, Git, GitHub Actions, GraphQL, HTML, JavaScript, Jenkins, Node.js, React, TypeScript",Mid-Senior level,Full-time,6,not stated,,,Software Developer React JavaScript,,https://in.linkedin.com/jobs/view/senior-developer-react-t500-29100-at-neighborly%C2%AE-4462400242
4455773213,Senior Developer - Front End,ISA,"Pune Division, Maharashtra, India",Pune,2026-09-09,React / Frontend,Medium,Not RN,0,0,0,0,0,False,False,"AWS, Accessibility, CI/CD, CSS, Git, GraphQL, JavaScript, Jest, REST API, React, Redux, Testing (any), TypeScript",Not Applicable,Full-time,6,not stated,,,Frontend Developer,,https://in.linkedin.com/jobs/view/senior-developer-front-end-at-isa-4455773213
4465033166,Associate Staff Web Developer [T500-27837],Talent500,"Hyderabad, Telangana, India",Hyderabad,2026-09-09,React / Frontend,Medium,Not RN,0,0,0,0,0,False,False,"AWS, Agile/Scrum, CI/CD, Debugging, Git, JavaScript, Jest, Next.js, React, Testing (any)",Mid-Senior level,Full-time,,not stated,,,Software Developer React JavaScript,,https://in.linkedin.com/jobs/view/associate-staff-web-developer-t500-27837-at-talent500-4465033166
4467978409,Software Engineer II - Frontend,Deliveroo,"Hyderabad, Telangana, India",Hyderabad,2026-09-16,React / Frontend,Medium,Not RN,0,0,0,0,0,False,False,"CSS, HTML, JavaScript, React",Not Applicable,Full-time,,not stated,,,Frontend Developer,,https://in.linkedin.com/jobs/view/software-engineer-ii-frontend-at-deliveroo-4467978409
4456345322,Front-End Developer,Luxoft,"Gurugram, Haryana, India",Delhi NCR,2026-08-19,React / Frontend,Medium,Not RN,0,0,0,0,0,False,False,"Accessibility, Agile/Scrum, Authentication, CI/CD, JavaScript, React, TypeScript",Mid-Senior level,Full-time,5,not stated,,,Software Developer React JavaScript,,https://in.linkedin.com/jobs/view/front-end-developer-at-luxoft-4456345322
4455849487,Lead I - Software Engineering-UI Developer,UST,"Bengaluru, Karnataka, India",Bengaluru,2026-09-14,React / Frontend,Medium,Not RN,0,0,0,0,0,False,False,"AWS, Accessibility, Agile/Scrum, Authentication, CI/CD, Git, GraphQL, HTML, JavaScript, Jest, REST API, React, React Testing Library, Redux, Testing (any), TypeScript",Not Applicable,Full-time,5,not stated,,,UI Engineer React JavaScript,,https://in.linkedin.com/jobs/view/lead-i-software-engineering-ui-developer-at-ust-4455849487
4405136951,Senior Frontend Engineer,Weave,India,India,2026-09-03,React / Frontend,Medium,Not RN,0,0,0,0,0,False,False,"Agile/Scrum, CSS, Debugging, HTML, JavaScript, Jest, Performance Optimization, REST API, React, Redux, Testing (any), TypeScript",Not Applicable,Full-time,3,Remote,,,UI Engineer React JavaScript,,https://in.linkedin.com/jobs/view/senior-frontend-engineer-at-weave-4405136951
4462264280,Senior Angular Developer,Terralogic,"Hyderabad, Telangana, India",Hyderabad,2026-09-08,Adjacent Frontend Framework,Low,Not RN,0,0,0,0,0,False,False,"Accessibility, Agile/Scrum, CI/CD, CSS, Debugging, Git, Jest, REST API, Testing (any), TypeScript",Mid-Senior level,Full-time,4,not stated,Rajani Bathula,VP Human Resources,Frontend Developer,,https://in.linkedin.com/jobs/view/senior-angular-developer-at-terralogic-4462264280
4447137798,Lead Developer - React,TransUnion,"Pune Division, Maharashtra, India",Pune,2026-09-11,React / Frontend,Medium,Not RN,0,0,0,0,0,False,False,"Agile/Scrum, CSS, HTML, React, Testing (any)",Not Applicable,Full-time,10,Hybrid,,,Software Developer React JavaScript,,https://in.linkedin.com/jobs/view/lead-developer-react-at-transunion-4447137798
4455630215,Senior Next JS developer,Altudo,Greater Delhi Area,Delhi NCR,2026-08-20,React / Frontend,Medium,Not RN,0,0,0,0,0,False,True,"Accessibility, App Releases, CI/CD, Debugging, GraphQL, Hermes, Next.js, Performance Optimization, React, Testing (any), TypeScript",Mid-Senior level,Full-time,3,not stated,Vikash Choudhary,Associate Director - Talent Acquisition  at Altudo,Software Developer React JavaScript,,https://in.linkedin.com/jobs/view/senior-next-js-developer-at-altudo-4455630215
4462732383,Frontend Developer,Westcon-Comstor,"Pune Division, Maharashtra, India",Pune,2026-09-03,React / Frontend,Medium,Not RN,0,0,0,0,0,False,False,"Accessibility, CSS, Debugging, Git, GraphQL, JavaScript, Jest, Performance Optimization, REST API, React, React Testing Library, Testing (any)",Mid-Senior level,Full-time,4,Hybrid,,,Frontend Developer,,https://in.linkedin.com/jobs/view/frontend-developer-at-westcon-comstor-4462732383
4468322946,Frontend Engineer,FetchJobs.co,India,India,2026-09-17,React / Frontend,Medium,Not RN,0,0,0,0,0,False,False,"Agile/Scrum, CI/CD, CSS, Git, GraphQL, JavaScript, Next.js, REST API, React, Tailwind, TypeScript",Associate,Full-time,,Remote,,,UI Engineer React JavaScript,,https://in.linkedin.com/jobs/view/frontend-engineer-at-fetchjobs-co-4468322946
4467474183,SENIOR SOFTWARE ENGINEER - NextJS,Happiest Minds Technologies,"Bengaluru, Karnataka, India",Bengaluru,2026-09-15,React / Frontend,Medium,Not RN,0,0,0,0,0,False,True,"Agile/Scrum, CI/CD, CSS, Git, HTML, JavaScript, Jest, MobX, Next.js, Node.js, REST API, Redux, Testing (any)",Not Applicable,Full-time,2,not stated,,,Frontend Developer,,https://in.linkedin.com/jobs/view/senior-software-engineer-nextjs-at-happiest-minds-technologies-4467474183
4466855883,Software Engineer (Kotlin),Adyen,"Bengaluru, Karnataka, India",Bengaluru,2026-09-16,Cross-Platform Mobile,Medium,Not RN,0,0,0,0,0,False,True,"Android, Cross-platform, Kotlin, Testing (any)",Mid-Senior level,Full-time,3,Remote,,,Cross Platform Mobile Developer,,https://in.linkedin.com/jobs/view/software-engineer-kotlin-at-adyen-4466855883
4465973428,Frontend/UI Developer,Andromeda Security,"Bengaluru, Karnataka, India",Bengaluru,2026-09-16,Adjacent Frontend Framework,Low,Not RN,0,0,0,0,0,False,False,"CSS, GraphQL, HTML, JavaScript, Testing (any), TypeScript",Entry level,Full-time,4,not stated,Harmeet Kaur,Engineering Manager | Frontend Development,Frontend Developer,,https://in.linkedin.com/jobs/view/frontend-ui-developer-at-andromeda-security-4465973428
4455618872,Senior Sitecore Front-End Developer,VRINDA INTERNATIONAL,"Bengaluru, Karnataka, India",Bengaluru,2026-08-19,React / Frontend,Medium,Not RN,0,0,0,0,0,False,False,"Accessibility, Agile/Scrum, CI/CD, CSS, Git, GraphQL, JavaScript, Next.js, Performance Optimization, REST API, React, TypeScript",Mid-Senior level,Full-time,3,Remote,,,Frontend Developer,,https://in.linkedin.com/jobs/view/senior-sitecore-front-end-developer-at-vrinda-international-4455618872
4462123263,Mobile Application Developer,Systems Arabia,"Bengaluru, Karnataka, India",Bengaluru,2026-09-02,Cross-Platform Mobile,Medium,Not RN,0,0,0,0,0,False,False,"Android, CSS, Cross-platform, Debugging, JavaScript, Node.js, iOS",Mid-Senior level,Full-time,,not stated,Rafay Tiwana,Associate - Human Capital Division at Systems ♾️ BAT | Malaysia & MEA,Cross Platform Mobile Developer,,https://in.linkedin.com/jobs/view/mobile-application-developer-at-systems-arabia-4462123263
4454940789,Senior Kotlin Developer,ITC Infotech,"Pune District, Maharashtra, India",Pune,2026-08-19,Cross-Platform Mobile,Medium,Not RN,0,0,0,0,0,False,True,"AWS, Android, CI/CD, Git, Jest, Kotlin, Node.js, Testing (any), TypeScript, iOS",Mid-Senior level,Full-time,,not stated,Aman Agrawal,Talent Acquisition Manager | Global Hiring & Executive Search Specialist | Org Design Advisor | DEI & Brand Evangelist | IIM Lucknow,Cross Platform Mobile Developer,,https://in.linkedin.com/jobs/view/senior-kotlin-developer-at-itc-infotech-4454940789
4461055859,Principal Engineer - iOS,Questhiring,"Gurugram, Haryana, India",Delhi NCR,2026-08-31,Mobile Native,Medium,Not RN,0,0,0,0,0,False,False,"App Releases, CI/CD, Offline Storage, Performance Optimization, Swift, Testing (any), iOS",Mid-Senior level,Full-time,8,not stated,Rishi Srivastava,Co-Founder & HR Advisor,Application Developer Mobile Android iOS,,https://in.linkedin.com/jobs/view/principal-engineer-ios-at-questhiring-4461055859
4461807616,Lead Software Engineer - IOS,Freshworks,"Chennai, Tamil Nadu, India",Chennai,2026-09-06,React Native,Medium,RN Strong,2,0,0,1,3,False,False,"Accessibility, Agile/Scrum, Android, App Releases, App Store / Play Store, CI/CD, Cross-platform, Debugging, Fastlane, Firebase, Flutter, Git, GitHub Actions, GraphQL, Kotlin, Offline Storage, Performance Optimization, REST API, React, React Native, Swift, Xcode, iOS",Mid-Senior level,Full-time,6,Remote,Ramya Krishnan,"Lead Talent Acquisition @ Freshworks | Enabling Scalable Hiring for Product Engineering & GTM | Fullstack, Backend, SRE, Product Design & Data/AI/ML…",Application Developer Mobile Android iOS,,https://in.linkedin.com/jobs/view/lead-software-engineer-ios-at-freshworks-4461807616
4468233541,Principal Frontend Software Engineer,Atlassian,"Bengaluru, Karnataka, India",Bengaluru,2026-09-16,React / Frontend,Medium,Not RN,0,0,0,0,0,False,False,"CSS, Git, JavaScript, Jest, React, Testing (any)",Mid-Senior level,Full-time,8,not stated,,,Frontend Developer,,https://in.linkedin.com/jobs/view/principal-frontend-software-engineer-at-atlassian-4468233541
4466438315,Frontend Engineer - Web Applications (Remote),Hire Feed,India,India,2026-09-12,React / Frontend,Medium,Not RN,0,0,0,0,0,False,False,"Accessibility, CSS, Context API, GraphQL, JavaScript, Jest, React, Redux, Tailwind, Testing (any), TypeScript",Associate,Full-time,,Remote,,,UI Engineer React JavaScript,,https://in.linkedin.com/jobs/view/frontend-engineer-web-applications-remote-at-hire-feed-4466438315
4464458909,iOS Developer,Apexon,"Bengaluru, Karnataka, India",Bengaluru,2026-09-08,Mobile Native,Medium,Not RN,0,0,0,0,0,False,False,"Debugging, Git, GraphQL, REST API, Swift, Xcode, iOS",Mid-Senior level,Full-time,6,not stated,Chetan K.,"TA Leader at Apexon A Goldman Sachs backed Org, Ex Omnicom, Publicis Groupe, Fareportal, Atkins, Sapient Global Markets",Application Developer Mobile Android iOS,,https://in.linkedin.com/jobs/view/ios-developer-at-apexon-4464458909
4456303203,Frontend Engineer,Coram AI,"Bengaluru, Karnataka, India",Bengaluru,2026-09-10,React / Frontend,Medium,Not RN,0,0,0,0,0,False,False,"Accessibility, Debugging, Performance Optimization, React, Testing (any), TypeScript",Not Applicable,Full-time,,not stated,,,UI Engineer React JavaScript,,https://in.linkedin.com/jobs/view/frontend-engineer-at-coram-ai-4456303203
4467759303,Flutter Developer (native Android and iOS SDKs),Visionet Systems Inc.,"Bengaluru, Karnataka, India",Bengaluru,2026-09-15,Cross-Platform Mobile,Medium,Not RN,0,0,0,0,7,False,False,"Android, Cross-platform, Debugging, Flutter, Kotlin, Swift, iOS",Not Applicable,Full-time,,not stated,,,Cross Platform Mobile Developer,,https://in.linkedin.com/jobs/view/flutter-developer-native-android-and-ios-sdks-at-visionet-systems-inc-4467759303
4461085388,Principal IOS Engineer,Questhiring,"Gurugram, Haryana, India",Delhi NCR,2026-08-31,Mobile Native,Medium,Not RN,0,0,0,0,0,False,False,"Agile/Scrum, CI/CD, Debugging, Git, Performance Optimization, Swift, Testing (any), iOS",Mid-Senior level,Full-time,11,Hybrid,Sachin Chaudhary,"Recruiter @ Questhiring | Problem Solving, Engineering Management",Application Developer Mobile Android iOS,,https://in.linkedin.com/jobs/view/principal-ios-engineer-at-questhiring-4461085388
4464402025,Senior Software Engineer,DHL,"Chennai, Tamil Nadu, India",Chennai,2026-09-08,Adjacent Frontend Framework,Low,Not RN,0,0,0,0,0,False,True,"CSS, TypeScript",Mid-Senior level,Full-time,7,Hybrid/Onsite,,,Frontend Developer,,https://in.linkedin.com/jobs/view/senior-software-engineer-at-dhl-4464402025
4463542757,Front End UI/UX/Channels-Sourcing Team Q2 26,Infosys,"Bengaluru East, Karnataka, India",Bengaluru,2026-09-08,React / Frontend,Medium,Not RN,0,0,0,0,0,False,False,"Agile/Scrum, CSS, HTML, JavaScript, React, Redux",Not Applicable,Full-time,,not stated,,,UI Engineer React JavaScript,,https://in.linkedin.com/jobs/view/front-end-ui-ux-channels-sourcing-team-q2-26-at-infosys-4463542757
4462126125,Associate- Front-end Engineer(Retail),Bain & Company,"Gurugram, Haryana, India",Delhi NCR,2026-09-02,React / Frontend,Medium,Not RN,0,0,0,0,0,False,False,"AWS, Accessibility, CI/CD, CSS, Debugging, Git, Next.js, REST API, React, Tailwind, Testing (any), TypeScript",Not Applicable,Full-time,2,not stated,,,UI Engineer React JavaScript,,https://in.linkedin.com/jobs/view/associate-front-end-engineer-retail-at-bain-company-4462126125
4464864840,Frontend Developer,Sysnora Technologies Private Limited,"Kochi, Kerala, India",Kochi,2026-09-11,Adjacent Frontend Framework,Low,Not RN,0,0,0,0,0,False,False,"Agile/Scrum, CSS, Debugging, Git, TypeScript",Entry level,Full-time,2,Onsite,,,Frontend Developer,,https://in.linkedin.com/jobs/view/frontend-developer-at-sysnora-technologies-private-limited-4464864840
4464563380,Software Development Engineer,Adobe,"Noida, Uttar Pradesh, India",Delhi NCR,2026-09-10,React / Frontend,Medium,Not RN,0,0,0,0,0,False,True,"CSS, Context API, Debugging, JavaScript, Jest, Kotlin, MobX, React, React Testing Library, Swift, Tailwind, Testing (any), TypeScript",Not Applicable,Full-time,5,not stated,,,Software Developer React JavaScript,,https://in.linkedin.com/jobs/view/software-development-engineer-at-adobe-4464563380
4455599545,Senior Frontend Developer,Recrew AI,"Bengaluru, Karnataka, India",Bengaluru,2026-08-18,React / Frontend,Medium,Not RN,0,0,0,0,0,False,False,"Accessibility, Agile/Scrum, CI/CD, CSS, Git, GitHub Actions, GraphQL, HTML, JavaScript, Next.js, React, Testing (any), TypeScript",Mid-Senior level,Full-time,2,Hybrid,,,Software Developer React JavaScript,,https://in.linkedin.com/jobs/view/senior-frontend-developer-at-recrew-ai-4455599545
4466876869,Front-End Developer (Angular),Innspark,"Kochi, Kerala, India",Kochi,2026-09-16,Adjacent Frontend Framework,Low,Not RN,0,0,0,0,0,False,False,"Accessibility, Agile/Scrum, CI/CD, CSS, Debugging, Git, GraphQL, JavaScript, Jest, Testing (any), TypeScript",Entry level,Full-time,2,Onsite,,,Frontend Developer,,https://in.linkedin.com/jobs/view/front-end-developer-angular-at-innspark-4466876869
4459542209,Senior iOS Video Player Engineer - Remote,Kake,"Pune District, Maharashtra, India",Pune,2026-09-01,Mobile Native,Medium,Not RN,0,0,0,0,0,False,False,"Debugging, Performance Optimization, Swift, iOS",Mid-Senior level,Contract,6,Remote,,,Application Developer Mobile Android iOS,,https://in.linkedin.com/jobs/view/senior-ios-video-player-engineer-remote-at-kake-4459542209
4465350005,Software Development Engineer (tvOS),Fox Corporation,"Bengaluru, Karnataka, India",Bengaluru,2026-09-09,Mobile Native,Medium,Not RN,0,0,0,0,0,False,True,"Authentication, CI/CD, Debugging, Git, Performance Optimization, REST API, Swift, Xcode, iOS",Not Applicable,Full-time,3,not stated,,,Application Developer Mobile Android iOS,,https://in.linkedin.com/jobs/view/software-development-engineer-tvos-at-fox-corporation-4465350005
4460632235,"Lead , DCR Application Analyst _Frontend Developer",Schneider Electric,"Bengaluru, Karnataka, India",Bengaluru,2026-09-01,React / Frontend,Medium,Not RN,0,0,0,0,0,False,False,"Accessibility, CI/CD, Git, JavaScript, React, TypeScript",Associate,Full-time,,not stated,,,Frontend Developer,,https://in.linkedin.com/jobs/view/lead-dcr-application-analyst-frontend-developer-at-schneider-electric-4460632235
4461331926,Front End Developer - Angular React - Assistant Vice President,Citi,"Pune Division, Maharashtra, India",Pune,2026-09-02,React / Frontend,Medium,Not RN,0,0,0,0,0,False,False,"AWS, Accessibility, Agile/Scrum, CI/CD, GraphQL, Jenkins, React, Testing (any)",Not Applicable,Full-time,,not stated,,,Software Developer React JavaScript,,https://in.linkedin.com/jobs/view/front-end-developer-angular-react-assistant-vice-president-at-citi-4461331926
4447992606,Senior Frontend Engineer I,Seismic,"Hyderabad, Telangana, India",Hyderabad,2026-09-15,React / Frontend,Medium,Not RN,0,0,0,0,0,False,False,"Accessibility, CI/CD, CSS, HTML, JavaScript, React, Testing (any), TypeScript",Not Applicable,Full-time,8,Remote,,,UI Engineer React JavaScript,,https://in.linkedin.com/jobs/view/senior-frontend-engineer-i-at-seismic-4447992606
4465020959,Lead Web Developer [T500-27810],Talent500,"Hyderabad, Telangana, India",Hyderabad,2026-09-09,React / Frontend,Medium,Not RN,0,0,0,0,0,False,False,"AWS, Agile/Scrum, CI/CD, Git, JavaScript, Jest, Next.js, React, Testing (any)",Mid-Senior level,Full-time,,not stated,,,Software Developer React JavaScript,,https://in.linkedin.com/jobs/view/lead-web-developer-t500-27810-at-talent500-4465020959
4457237813,Senior Android Developer (2.5 - 4 Years),airtel,"Gurugram, Haryana, India",Delhi NCR,2026-08-26,Mobile Native,Medium,Not RN,0,0,0,0,0,False,False,"Android, Git, Kotlin, Performance Optimization, Testing (any)",Mid-Senior level,Full-time,2,Remote,Shubhra Srivastava,Talent Acquisition @ Airtel,Application Developer Mobile Android iOS,,https://in.linkedin.com/jobs/view/senior-android-developer-2-5-4-years-at-airtel-4457237813
4462937465,3563119-Lead Assistant Manager,EXL,"Gurugram, Haryana, India",Delhi NCR,2026-09-07,Adjacent Frontend Framework,Low,Not RN,0,0,0,0,0,False,True,"Git, JavaScript, REST API",Not Applicable,Full-time,3,not stated,,,Frontend Developer,,https://in.linkedin.com/jobs/view/3563119-lead-assistant-manager-at-exl-4462937465
4458759520,IT Developer,Medtronic,"Hyderabad, Telangana, India",Hyderabad,2026-08-25,React / Frontend,Medium,Not RN,0,0,0,0,0,False,True,"Accessibility, Authentication, CI/CD, CSS, Git, JavaScript, React, Testing (any)",Not Applicable,Full-time,3,not stated,,,Software Developer React JavaScript,,https://in.linkedin.com/jobs/view/it-developer-at-medtronic-4458759520
4455720236,Android Developer,Worldline,"Pune City, Maharashtra, India",Pune,2026-09-09,General Software but relevant,Low,Not RN,0,0,0,0,0,False,False,Android,Not Applicable,Full-time,,not stated,,,Cross Platform Mobile Developer,,https://in.linkedin.com/jobs/view/android-developer-at-worldline-4455720236
4463189260,Mobile App Developer - Senior Manager,PwC Acceleration Center India,"Andhra Pradesh, India",Andhra Pradesh,2026-09-04,React Native,Medium,RN Strong,1,0,0,1,2,False,False,"Android, App Releases, App Store / Play Store, CI/CD, Cross-platform, Debugging, Flutter, JavaScript, Kotlin, REST API, React, React Native, Swift, Testing (any), TypeScript, Xcode, iOS",Not Applicable,Full-time,12,not stated,,,Cross Platform Mobile Developer,,https://in.linkedin.com/jobs/view/mobile-app-developer-senior-manager-at-pwc-acceleration-center-india-4463189260
4457144866,Senior Development Engineer - Flutter,McAfee,"Bengaluru, Karnataka, India",Bengaluru,2026-09-15,Cross-Platform Mobile,Low,Not RN,0,0,0,0,10,False,False,"Flutter, Performance Optimization",Not Applicable,Full-time,5,Hybrid/Onsite,,,Cross Platform Mobile Developer,,https://in.linkedin.com/jobs/view/senior-development-engineer-flutter-at-mcafee-4457144866
4466859029,Senior UI/UX Frontend Engineer (AI-Native),withRemote,India,India,2026-09-16,React Native,Medium,RN Optional,1,0,0,0,0,False,False,"Accessibility, CSS, Cross-platform, GraphQL, Next.js, Node.js, React, React Native, React Testing Library, Redux, Tailwind, Testing (any), TypeScript, Zustand",Entry level,Full-time,,Remote,,,UI Engineer React JavaScript,,https://in.linkedin.com/jobs/view/senior-ui-ux-frontend-engineer-ai-native-at-withremote-4466859029
4429247159,Senior Software Development Engineer - Android,JioStar,"Bengaluru, Karnataka, India",Bengaluru,2026-09-08,Mobile Native,Medium,Not RN,0,0,0,0,0,False,False,"AWS, Android, Android Studio, Firebase, Kotlin",Not Applicable,Full-time,2,not stated,,,Cross Platform Mobile Developer,,https://in.linkedin.com/jobs/view/senior-software-development-engineer-android-at-jiostar-4429247159
4468335090,UI Engineer,FetchJobs.co,India,India,2026-09-17,React / Frontend,Medium,Not RN,0,0,0,0,0,False,False,"Accessibility, CI/CD, CSS, Context API, Git, HTML, JavaScript, React, Redux",Associate,Full-time,,Remote,,,UI Engineer React JavaScript,,https://in.linkedin.com/jobs/view/ui-engineer-at-fetchjobs-co-4468335090
4450700423,Front End Developer II,Fuller,Greater Chennai Area,Chennai,2026-08-29,React Native,Medium,RN Required,1,0,0,0,1,False,False,"Accessibility, Agile/Scrum, Authentication, CI/CD, Flutter, JavaScript, React, React Native, Testing (any), TypeScript",Not Applicable,Full-time,,not stated,,,Mobile Engineer React Native,,https://in.linkedin.com/jobs/view/front-end-developer-ii-at-fuller-4450700423
4463108539,Associate- Front-end Engineer(Retail),Bain & Company,"Delhi, Delhi, India",Delhi NCR,2026-09-03,React / Frontend,Medium,Not RN,0,0,0,0,0,False,False,"AWS, Accessibility, CI/CD, CSS, Debugging, Git, Next.js, REST API, React, Tailwind, Testing (any), TypeScript",Not Applicable,Full-time,2,not stated,,,UI Engineer React JavaScript,,https://in.linkedin.com/jobs/view/associate-front-end-engineer-retail-at-bain-company-4463108539
4454787652,Sr Engineer -- AI Experiences,Lenovo,"Bangalore Urban, Karnataka, India",Bengaluru,2026-09-11,React Native,Medium,RN Required,1,0,0,0,1,False,True,"Android, Cross-platform, Flutter, Kotlin, Performance Optimization, React, React Native",Not Applicable,Full-time,3,Hybrid,,,Cross Platform Mobile Developer,,https://in.linkedin.com/jobs/view/sr-engineer-ai-experiences-at-lenovo-4454787652
4454128431,Software Engineer (iOS),Okta,"Bengaluru, Karnataka, India",Bengaluru,2026-09-11,Mobile Native,Medium,Not RN,0,0,0,0,0,False,False,"Android, Authentication, CI/CD, Cross-platform, Git, GitHub Actions, Kotlin, Swift, iOS",Mid-Senior level,Full-time,2,Remote/Hybrid,,,Application Developer Mobile Android iOS,,https://in.linkedin.com/jobs/view/software-engineer-ios-at-okta-4454128431
4466831588,Android Developer,Vymo,"Bengaluru, Karnataka, India",Bengaluru,2026-09-16,Mobile Native,Medium,Not RN,0,0,0,0,0,False,False,"Android, Kotlin, Performance Optimization",Mid-Senior level,Contract,2,not stated,,,Application Developer Mobile Android iOS,,https://in.linkedin.com/jobs/view/android-developer-at-vymo-4466831588
4465027937,Front end Software Development Engineering Engineer III,TekWissen India,"Chennai, Tamil Nadu, India",Chennai,2026-09-09,React / Frontend,Medium,Not RN,0,0,0,0,0,False,False,"Accessibility, CSS, HTML, JavaScript, REST API, React, Testing (any), TypeScript",Not Applicable,Full-time,4,Hybrid/Onsite,,,Software Developer React JavaScript,,https://in.linkedin.com/jobs/view/front-end-software-development-engineering-engineer-iii-at-tekwissen-india-4465027937
4462938001,Frontend Developer,Itvedant Education Pvt. Ltd.,"Thane, Maharashtra, India",Thane,2026-09-07,General Software but relevant,Low,Not RN,0,0,0,0,0,False,False,"CSS, Debugging, Git, HTML, JavaScript",Associate,Full-time,,not stated,Divya Karira,HR and a Makeup artist,Frontend Developer,,https://in.linkedin.com/jobs/view/frontend-developer-at-itvedant-education-pvt-ltd-4462938001
4465866559,iOS SDK Engineer (Mid/Senior),Verve,"Bengaluru, Karnataka, India",Bengaluru,2026-09-10,Mobile Native,Medium,Not RN,0,0,0,0,0,False,False,"Agile/Scrum, Android, CI/CD, Cross-platform, Debugging, Git, GitHub Actions, GraphQL, Kotlin, Performance Optimization, Swift, Testing (any), iOS",Not Applicable,Full-time,,not stated,,,Application Developer Mobile Android iOS,,https://in.linkedin.com/jobs/view/ios-sdk-engineer-mid-senior-at-verve-4465866559
4448397258,Front End Developer,Accenture in India,"Kochi, Kerala, India",Kochi,2026-09-01,React / Frontend,Medium,Not RN,0,0,0,0,0,False,False,"Agile/Scrum, CSS, HTML, JavaScript, Jest, Next.js, REST API, React, Testing (any), TypeScript",Not Applicable,Full-time,2,not stated,,,Frontend Developer,,https://in.linkedin.com/jobs/view/front-end-developer-at-accenture-in-india-4448397258
4464444974,Software Engineer,Adtran,"Hyderabad, Telangana, India",Hyderabad,2026-09-08,Adjacent Frontend Framework,Low,Not RN,0,0,0,0,0,False,True,"Agile/Scrum, CI/CD, CSS, Debugging, Git, HTML, Testing (any), TypeScript",Not Applicable,Full-time,2,not stated,,,Frontend Developer,,https://in.linkedin.com/jobs/view/software-engineer-at-adtran-4464444974
4445745932,Angular Developer,Millennium,"Bengaluru, Karnataka, India",Bengaluru,2026-09-10,Adjacent Frontend Framework,Low,Not RN,0,0,0,0,0,False,False,"HTML, JavaScript",Not Applicable,Full-time,6,not stated,,,Frontend Developer,,https://in.linkedin.com/jobs/view/angular-developer-at-millennium-4445745932
4466855879,Kotlin Full Stack Engineer,Ampstek,"Pune City, Maharashtra, India",Pune,2026-09-16,React Native,Medium,RN Required,1,1,0,0,4,False,True,"Cross-platform, Flutter, Git, Kotlin, REST API, React, React Native",Mid-Senior level,Full-time,9,Hybrid/Onsite,,,Cross Platform Mobile Developer,,https://in.linkedin.com/jobs/view/kotlin-full-stack-engineer-at-ampstek-4466855879
4466777552,Software Engineer,LeadSquared,"Bengaluru, Karnataka, India",Bengaluru,2026-09-13,React / Frontend,Medium,Not RN,0,0,0,0,0,False,True,"AWS, Accessibility, CSS, Debugging, GraphQL, Node.js, React, TypeScript",Not Applicable,Full-time,2,not stated,,,Software Developer React JavaScript,,https://in.linkedin.com/jobs/view/software-engineer-at-leadsquared-4466777552
4459774903,Mobile Dev (Android) IRC298357,GlobalLogic,"Nagpur, Maharashtra, India",Nagpur,2026-08-31,Mobile Native,Medium,Not RN,0,0,0,0,0,False,False,"Agile/Scrum, Android, Debugging, Kotlin, Offline Storage, Performance Optimization, REST API",Not Applicable,Full-time,5,Remote,,,Application Developer Mobile Android iOS,,https://in.linkedin.com/jobs/view/mobile-dev-android-irc298357-at-globallogic-4459774903
4440956737,Principal iOS Engineer,Jumio Corporation,India,India,2026-08-27,React Native,Medium,RN Optional,1,0,0,0,1,False,False,"Android, App Store / Play Store, CI/CD, Cross-platform, Fastlane, Flutter, React, React Native, Swift, iOS",Not Applicable,Full-time,8,not stated,,,Application Developer Mobile Android iOS,,https://in.linkedin.com/jobs/view/principal-ios-engineer-at-jumio-corporation-4440956737
4468222392,Flutter Developer,L&T Finance,Greater Bengaluru Area,Bengaluru,2026-09-16,Cross-Platform Mobile,Medium,Not RN,0,0,0,0,8,False,False,"Android, App Store / Play Store, Authentication, CI/CD, Flutter, HTML, Kotlin, Swift, Testing (any), iOS",Associate,Full-time,3,not stated,Soumya H.,,Cross Platform Mobile Developer,,https://in.linkedin.com/jobs/view/flutter-developer-at-l-t-finance-4468222392
4455437239,SDE- 2 (Frontend Engineer),Tazapay,"Bengaluru, Karnataka, India",Bengaluru,2026-08-19,Adjacent Frontend Framework,Low,Not RN,0,0,0,0,0,False,False,"AWS, Agile/Scrum, CI/CD, CSS, Debugging, Git, JavaScript, Jest, Node.js, Tailwind, TypeScript",Mid-Senior level,Full-time,3,not stated,,,Frontend Developer,,https://in.linkedin.com/jobs/view/sde-2-frontend-engineer-at-tazapay-4455437239
4459930122,Web Developer,Deloitte,"Bengaluru, Karnataka, India",Bengaluru,2026-09-02,React / Frontend,Medium,Not RN,0,0,0,0,0,False,False,"AWS, Accessibility, Agile/Scrum, CI/CD, CSS, Git, HTML, JavaScript, REST API, React, Redux, TypeScript",Associate,Full-time,2,Hybrid,,,UI Engineer React JavaScript,,https://in.linkedin.com/jobs/view/web-developer-at-deloitte-4459930122
4463357485,Front End Developer,Atinity Technology,"Bhopal, Madhya Pradesh, India",Bhopal,2026-09-04,React / Frontend,Medium,Not RN,0,0,0,0,0,False,False,"CI/CD, CSS, Jenkins, Jest, Next.js, Tailwind, Testing (any)",Not Applicable,Full-time,,not stated,,,Frontend Developer,,https://in.linkedin.com/jobs/view/front-end-developer-at-atinity-technology-4463357485
4465509934,Xamarin Developer,RGB Web Tech,"Chandigarh, Chandigarh, India",Chandigarh,2026-09-15,Cross-Platform Mobile,Medium,Not RN,0,0,0,0,1,False,True,"AWS, Android, CI/CD, Cross-platform, Flutter, Git, REST API, Testing (any), iOS",Not Applicable,Full-time,,Hybrid,,,Cross Platform Mobile Developer,,https://in.linkedin.com/jobs/view/xamarin-developer-at-rgb-web-tech-4465509934
4467456031,Senior Frontend Engineer (Remote),Quik Hire Staffing,India,India,2026-09-15,React / Frontend,Medium,Not RN,0,0,0,0,0,False,False,"CI/CD, CSS, Git, GraphQL, JavaScript, Next.js, REST API, React, Tailwind, TypeScript",Associate,Full-time,,Remote,,,UI Engineer React JavaScript,,https://in.linkedin.com/jobs/view/senior-frontend-engineer-remote-at-quik-hire-staffing-4467456031
4456168344,"Staff Engineer - Mobile, Desktop & KMP",Sarvam,"Bengaluru, Karnataka, India",Bengaluru,2026-08-19,Cross-Platform Mobile,Medium,Not RN,0,0,0,0,0,False,False,"Android, App Store / Play Store, CI/CD, Debugging, Kotlin, Offline Storage, Swift, Testing (any), iOS",Not Applicable,Full-time,,not stated,,,Cross Platform Mobile Developer,,https://in.linkedin.com/jobs/view/staff-engineer-mobile-desktop-kmp-at-sarvam-4456168344
4467494323,Staff UI Engineer — Scenario Manager,GreyOrange,"Bengaluru, Karnataka, India",Bengaluru,2026-09-15,React / Frontend,Medium,Not RN,0,0,0,0,0,False,False,"React, TypeScript",Not Applicable,Full-time,,not stated,,,UI Engineer React JavaScript,,https://in.linkedin.com/jobs/view/staff-ui-engineer-%E2%80%94-scenario-manager-at-greyorange-4467494323
4443889543,Senior Developer - UI,MillerKnoll,"Bengaluru, Karnataka, India",Bengaluru,2026-09-05,React / Frontend,Medium,Not RN,0,0,0,0,0,False,False,"Accessibility, Agile/Scrum, CSS, Debugging, HTML, JavaScript, Next.js, React, Testing (any)",Not Applicable,Full-time,8,Hybrid/Onsite,,,Frontend Developer,,https://in.linkedin.com/jobs/view/senior-developer-ui-at-millerknoll-4443889543
4455858349,GDS Cyber-Frontier AI-VMDR-Senior Front End Engineer,EY,"Mumbai, Maharashtra, India",Mumbai,2026-09-14,React / Frontend,Medium,Not RN,0,0,0,0,0,False,False,"AWS, Accessibility, App Releases, Authentication, CI/CD, React, Testing (any), TypeScript",Mid-Senior level,Full-time,4,not stated,,,UI Engineer React JavaScript,,https://in.linkedin.com/jobs/view/gds-cyber-frontier-ai-vmdr-senior-front-end-engineer-at-ey-4455858349
4408425708,Senior Full Stack Engineer(Front End Heavy-REACT(70%)+ DOT NET(30%)),Mobility Global,"Gurugram, Haryana, India",Delhi NCR,2026-09-11,React / Frontend,Medium,Not RN,0,0,0,0,0,False,False,"Agile/Scrum, CI/CD, Debugging, Git, JavaScript, React, Testing (any), TypeScript",Not Applicable,Full-time,4,not stated,,,Software Developer React JavaScript,,https://in.linkedin.com/jobs/view/senior-full-stack-engineer-front-end-heavy-react-70%25-%2B-dot-net-30%25-at-mobility-global-4408425708
4465319814,Lead Analyst - React JS Developer,CGI,"Bengaluru, Karnataka, India",Bengaluru,2026-09-09,React / Frontend,Medium,Not RN,0,0,0,0,0,False,False,"Agile/Scrum, JavaScript, Jest, React, React Testing Library, Testing (any), TypeScript",Entry level,Full-time,3,Hybrid,,,Software Developer React JavaScript,,https://in.linkedin.com/jobs/view/lead-analyst-react-js-developer-at-cgi-4465319814
4457008329,MES Developer,Pratt & Whitney,"Bengaluru, Karnataka, India",Bengaluru,2026-08-20,React / Frontend,Medium,Not RN,0,0,0,0,0,False,True,"Agile/Scrum, CI/CD, Context API, Debugging, Git, GraphQL, JavaScript, Jest, Next.js, REST API, React, React Testing Library, Redux, Testing (any), TypeScript, Zustand",Not Applicable,Full-time,2,Hybrid/Onsite,,,Software Developer React JavaScript,,https://in.linkedin.com/jobs/view/mes-developer-at-pratt-whitney-4457008329
4463098628,"Staff Engineer Software, Frontend (Prisma AIRS)",Palo Alto Networks,"Bengaluru East, Karnataka, India",Bengaluru,2026-09-10,React / Frontend,Medium,Not RN,0,0,0,0,0,False,False,"CI/CD, Git, GitHub Actions, JavaScript, Jest, React, Testing (any), TypeScript",Associate,Full-time,3,not stated,,,UI Engineer React JavaScript,,https://in.linkedin.com/jobs/view/staff-engineer-software-frontend-prisma-airs-at-palo-alto-networks-4463098628
4463037187,Senior Android Developer,Persistent Systems,"Vadodara, Gujarat, India",Vadodara,2026-09-09,Mobile Native,Medium,Not RN,0,0,0,0,0,False,False,"Accessibility, Agile/Scrum, Android, Android Studio, App Store / Play Store, Debugging, Git, Kotlin, REST API, Testing (any)",Mid-Senior level,Full-time,8,Hybrid,,,Cross Platform Mobile Developer,,https://in.linkedin.com/jobs/view/senior-android-developer-at-persistent-systems-4463037187
4397922951,"Software Engineer, Frontend/Fullstack",WisdomAI,"Bengaluru, Karnataka, India",Bengaluru,2026-09-06,React / Frontend,Medium,Not RN,0,0,0,0,0,False,False,"React, TypeScript",Not Applicable,Full-time,,not stated,,,Software Developer React JavaScript,,https://in.linkedin.com/jobs/view/software-engineer-frontend-fullstack-at-wisdomai-4397922951
4452446150,Software Engineer - iOS Developer,HARMAN India,"Bengaluru, Karnataka, India",Bengaluru,2026-09-01,Mobile Native,Medium,Not RN,0,0,0,0,0,False,False,"Agile/Scrum, App Store / Play Store, CI/CD, Debugging, Git, Swift, Testing (any), iOS",Not Applicable,Full-time,3,Onsite,,,Application Developer Mobile Android iOS,,https://in.linkedin.com/jobs/view/software-engineer-ios-developer-at-harman-india-4452446150
4455717105,Full Stack UI Frontend Developer,Comviva,"Bengaluru, Karnataka, India",Bengaluru,2026-08-18,React / Frontend,Medium,Not RN,0,0,0,0,0,False,False,"Agile/Scrum, CI/CD, Context API, Git, JavaScript, Jest, REST API, React, React Testing Library, Redux, Redux Toolkit, Testing (any), TypeScript",Not Applicable,Full-time,,not stated,,,Software Developer React JavaScript,,https://in.linkedin.com/jobs/view/full-stack-ui-frontend-developer-at-comviva-4455717105
4460387170,React/Nodejs Developer,HTC Global Services,"Hyderabad, Telangana, India",Hyderabad,2026-08-28,React / Frontend,Medium,Not RN,0,0,0,0,0,False,False,"CI/CD, Context API, Git, JavaScript, Jest, Node.js, REST API, React, Redux, Redux Toolkit, Testing (any), TypeScript",Not Applicable,Full-time,7,not stated,,,Software Developer React JavaScript,,https://in.linkedin.com/jobs/view/react-nodejs-developer-at-htc-global-services-4460387170
4459128316,"Senior Software Developer, Front End Technologies",Kinaxis,"Bengaluru, Karnataka, India",Bengaluru,2026-09-16,React / Frontend,Medium,Not RN,0,0,0,0,0,False,False,"Accessibility, React, Testing (any), TypeScript",Mid-Senior level,Full-time,3,not stated,Rinoj J,Senior Global Talent Partner @ Kinaxis | Driving Talent Acquisition Strategies in APJ for SAS & Product building team,Software Developer React JavaScript,,https://in.linkedin.com/jobs/view/senior-software-developer-front-end-technologies-at-kinaxis-4459128316
4459921561,Senior AI Applied Engineer,Backbase,"Hyderabad, Telangana, India",Hyderabad,2026-09-02,Mobile Native,Medium,Not RN,0,0,0,0,0,False,True,"Agile/Scrum, Android, App Store / Play Store, Authentication, CI/CD, Firebase, Git, GitHub Actions, GraphQL, Jenkins, Kotlin, REST API, Testing (any)",Mid-Senior level,Full-time,6,not stated,,,Application Developer Mobile Android iOS,,https://in.linkedin.com/jobs/view/senior-ai-applied-engineer-at-backbase-4459921561
4448400283,Senior Software Engineer (Android),Okta,"Bengaluru, Karnataka, India",Bengaluru,2026-08-27,Mobile Native,Medium,Not RN,0,0,0,0,0,False,False,"Android, App Store / Play Store, Authentication, CI/CD, Cross-platform, Debugging, Git, GitHub Actions, Kotlin, Swift, Testing (any), iOS",Director,Full-time,,Remote/Hybrid,,,Cross Platform Mobile Developer,,https://in.linkedin.com/jobs/view/senior-software-engineer-android-at-okta-4448400283
4456616381,Android Engineer,https://drone-port.in/,"Chennai, Tamil Nadu, India",Chennai,2026-08-22,Mobile Native,Medium,Not RN,0,0,0,0,0,False,False,"Android, Kotlin, Offline Storage",Not Applicable,Full-time,,not stated,,,Application Developer Mobile Android iOS,,https://in.linkedin.com/jobs/view/android-engineer-at-https-drone-port-in-4456616381
4462424548,Software Engineer- Android,ISA,"Pune Division, Maharashtra, India",Pune,2026-09-02,Mobile Native,Medium,Not RN,0,0,0,0,0,False,False,"Android, Android Studio, App Store / Play Store, CI/CD, Git, Kotlin, Performance Optimization, REST API, Testing (any)",Not Applicable,Full-time,,not stated,,,Cross Platform Mobile Developer,,https://in.linkedin.com/jobs/view/software-engineer-android-at-isa-4462424548
4459775878,Mobile Dev (Android) IRC298357,GlobalLogic,"Pune City, Maharashtra, India",Pune,2026-08-31,Mobile Native,Medium,Not RN,0,0,0,0,0,False,False,"Agile/Scrum, Android, Debugging, Kotlin, Offline Storage, Performance Optimization, REST API",Not Applicable,Full-time,5,Remote,,,Application Developer Mobile Android iOS,,https://in.linkedin.com/jobs/view/mobile-dev-android-irc298357-at-globallogic-4459775878
4459942585,Native Android Developer,True Sparrow,India,India,2026-09-02,Mobile Native,Medium,Not RN,0,0,0,0,0,False,False,"Android, Android Studio, App Store / Play Store, Authentication, CI/CD, Debugging, Kotlin, Offline Storage, REST API, Testing (any)",Mid-Senior level,Full-time,1,Remote,Sunil Khedar,"Founder & CTO, True Sparrow",Application Developer Mobile Android iOS,,https://in.linkedin.com/jobs/view/native-android-developer-at-true-sparrow-4459942585
4464610755,SW Development Engineer 2 - Android,Dexcom,"Bengaluru, Karnataka, India",Bengaluru,2026-09-14,Mobile Native,Medium,Not RN,0,0,0,0,0,False,False,"Agile/Scrum, Android, CI/CD, Git, GitHub Actions, Jenkins, Kotlin, Testing (any)",Not Applicable,Full-time,0,not stated,,,Application Developer Mobile Android iOS,,https://in.linkedin.com/jobs/view/sw-development-engineer-2-android-at-dexcom-4464610755
4464745131,AEM Front End Developer,Bridgestone Americas,"Bengaluru, Karnataka, India",Bengaluru,2026-09-13,React / Frontend,Medium,Not RN,0,0,0,0,0,False,False,"CSS, HTML, JavaScript, React, Tailwind, TypeScript",Not Applicable,Full-time,5,not stated,,,Frontend Developer,,https://in.linkedin.com/jobs/view/aem-front-end-developer-at-bridgestone-americas-4464745131
4465502036,Android Developer,General Diagnostics international pvt. Ltd.,"Navi Mumbai, Maharashtra, India",Mumbai,2026-09-15,Mobile Native,Medium,Not RN,0,0,0,0,0,False,False,"Android, Testing (any)",Entry level,Full-time,1,Onsite,,,Application Developer Mobile Android iOS,,https://in.linkedin.com/jobs/view/android-developer-4465502036
4466536093,Staff Software Engineer - Frontend,Sarvam,"Bengaluru, Karnataka, India",Bengaluru,2026-09-15,React / Frontend,Medium,Not RN,0,0,0,0,0,False,False,"Authentication, CI/CD, Debugging, JavaScript, Next.js, React, Testing (any), TypeScript",Not Applicable,Full-time,8,not stated,,,Software Developer React JavaScript,,https://in.linkedin.com/jobs/view/staff-software-engineer-frontend-at-sarvam-4466536093
4442859823,Frontend Developer-Adobe Experience Manager,Inizio Evoke,"Gurugram, Haryana, India",Delhi NCR,2026-09-09,General Software but relevant,Low,Not RN,0,0,0,0,0,False,False,"Accessibility, Agile/Scrum, CSS, Git, HTML, JavaScript",Not Applicable,Full-time,3,not stated,,,Frontend Developer,,https://in.linkedin.com/jobs/view/frontend-developer-adobe-experience-manager-at-inizio-evoke-4442859823
4465567252,Angular Developer – 2 to 5 yrs – Bangalore IRC302396,GlobalLogic,"Bengaluru, Karnataka, India",Bengaluru,2026-09-15,Adjacent Frontend Framework,Low,Not RN,0,0,0,0,0,False,False,"CSS, Debugging, Git, HTML, JavaScript, Performance Optimization, REST API",Not Applicable,Full-time,2,Remote/Onsite,,,Frontend Developer,,https://in.linkedin.com/jobs/view/angular-developer-%E2%80%93-2-to-5-yrs-%E2%80%93-bangalore-irc302396-at-globallogic-4465567252
4464353380,SW Development Engineer 1 - Android,Dexcom,"Bengaluru, Karnataka, India",Bengaluru,2026-09-14,Mobile Native,Medium,Not RN,0,0,0,0,0,False,False,"Agile/Scrum, Android, CI/CD, Git, GitHub Actions, Jenkins, Kotlin, Testing (any)",Not Applicable,Full-time,0,not stated,,,Application Developer Mobile Android iOS,,https://in.linkedin.com/jobs/view/sw-development-engineer-1-android-at-dexcom-4464353380
4461128126,Android Developer + BLE,QBurst,"Trivandrum, Kerala, India",Trivandrum,2026-09-04,Mobile Native,Medium,Not RN,0,0,0,0,0,False,False,"Android, Debugging, Kotlin, Performance Optimization, Testing (any)",Mid-Senior level,Full-time,8,not stated,,,Application Developer Mobile Android iOS,,https://in.linkedin.com/jobs/view/android-developer-%2B-ble-at-qburst-4461128126
4457304646,Senior Executive - Broadcast Engineering DevOps,Sony Pictures Networks India,Mumbai Metropolitan Region,Mumbai Metropolitan,2026-08-23,React / Frontend,Medium,Not RN,0,0,0,0,0,False,True,"Debugging, Git, JavaScript, REST API, React, Redux, Testing (any)",Entry level,Full-time,,not stated,,,Frontend Developer,,https://in.linkedin.com/jobs/view/senior-executive-broadcast-engineering-devops-at-sony-pictures-networks-india-4457304646
4464878965,Senior Frontend Developer,Sysnora Technologies Private Limited,"Kochi, Kerala, India",Kochi,2026-09-11,Adjacent Frontend Framework,Low,Not RN,0,0,0,0,0,False,False,"Agile/Scrum, Debugging, REST API, TypeScript",Mid-Senior level,Full-time,3,Hybrid,,,Frontend Developer,,https://in.linkedin.com/jobs/view/senior-frontend-developer-at-sysnora-technologies-private-limited-4464878965
4464694428,Specialist Software Engineer - Angular,Societe Generale Global Solution Centre,"Bengaluru, Karnataka, India",Bengaluru,2026-09-08,React / Frontend,Medium,Not RN,0,0,0,0,0,False,False,"Agile/Scrum, CSS, HTML, JavaScript, Node.js, React, Testing (any), TypeScript",Not Applicable,Full-time,,not stated,,,Frontend Developer,,https://in.linkedin.com/jobs/view/specialist-software-engineer-angular-at-societe-generale-global-solution-centre-4464694428
4455475611,"Software Engineer, Mobile (Android)",Google,"Bengaluru, Karnataka, India",Bengaluru,2026-09-10,Mobile Native,Medium,Not RN,0,0,0,0,0,False,False,"Android, Debugging, iOS",Not Applicable,Full-time,1,not stated,,,Application Developer Mobile Android iOS,,https://in.linkedin.com/jobs/view/software-engineer-mobile-android-at-google-4455475611
4463831042,"Engineer - Sr. (Frontend, iOS)",OpenTable,India,India,2026-09-09,Mobile Native,Medium,Not RN,0,0,0,0,0,False,False,"Android, Debugging, Swift, Testing (any), iOS",Not Applicable,Full-time,6,not stated,,,Application Developer Mobile Android iOS,,https://in.linkedin.com/jobs/view/engineer-sr-frontend-ios-at-opentable-4463831042
4458752140,Senior Software Engineer II,MakeMyTrip,"Bengaluru, Karnataka, India",Bengaluru,2026-08-25,React / Frontend,Medium,Not RN,0,0,0,0,0,False,True,"Agile/Scrum, CI/CD, CSS, Git, HTML, JavaScript, Jest, REST API, React, Redux, TypeScript",Associate,Full-time,4,not stated,Ravi Kumar Chourasia,Talent Acquisition Specialist at MakeMyTrip,Software Developer React JavaScript,,https://in.linkedin.com/jobs/view/senior-software-engineer-ii-at-makemytrip-4458752140
4455622117,IOS Developer,Kuku,"Bengaluru, Karnataka, India",Bengaluru,2026-08-20,Mobile Native,Medium,Not RN,0,0,0,0,0,False,False,"Android, App Releases, App Store / Play Store, Debugging, Git, Performance Optimization, REST API, Swift, Testing (any), Xcode, iOS",Associate,Full-time,1,not stated,,,Application Developer Mobile Android iOS,,https://in.linkedin.com/jobs/view/ios-developer-at-kuku-4455622117
4463855174,React JS developer,Crisil,"Chennai, Tamil Nadu, India",Chennai,2026-09-09,React / Frontend,Medium,Not RN,0,0,0,0,0,False,False,"Agile/Scrum, HTML, JavaScript, React, Testing (any)",Not Applicable,Full-time,6,not stated,,,UI Engineer React JavaScript,,https://in.linkedin.com/jobs/view/react-js-developer-at-crisil-4463855174
4433247258,Senior Software Engineer - Frontend UI,Five9,Greater Bengaluru Area,Bengaluru,2026-09-15,React / Frontend,Medium,Not RN,0,0,0,0,0,False,False,"Accessibility, Jest, React, Testing (any), TypeScript, Zustand",Mid-Senior level,Full-time,,Remote/Hybrid,,,UI Engineer React JavaScript,,https://in.linkedin.com/jobs/view/senior-software-engineer-frontend-ui-at-five9-4433247258
4462125922,SDE - 3 Frontend,Hiver,"Bengaluru, Karnataka, India",Bengaluru,2026-09-02,React / Frontend,Medium,Not RN,0,0,0,0,0,False,False,"CSS, Debugging, JavaScript, React",Mid-Senior level,Full-time,5,not stated,,,Frontend Developer,,https://in.linkedin.com/jobs/view/sde-3-frontend-at-hiver-4462125922
4460181963,Senior macOS/iOS Software Engineer – Video Engineering,Cybage Software,"Pune District, Maharashtra, India",Pune,2026-08-28,Mobile Native,Medium,Not RN,0,0,0,0,0,False,False,"Debugging, Performance Optimization, Swift, iOS",Mid-Senior level,Full-time,6,not stated,Rusha Shetkar,Talent Acquisition Executive @ Cybage Software,Application Developer Mobile Android iOS,,https://in.linkedin.com/jobs/view/senior-macos-ios-software-engineer-%E2%80%93-video-engineering-at-cybage-software-4460181963
4462514230,Android Developer,CodeVyasa,"Trivandrum, Kerala, India",Trivandrum,2026-09-08,Mobile Native,Medium,Not RN,0,0,0,0,0,False,False,"AWS, Android, GraphQL, Kotlin",Mid-Senior level,Full-time,,not stated,Shobhit Garg,Co-Founder & COO | CodeVyasa,Application Developer Mobile Android iOS,,https://in.linkedin.com/jobs/view/android-developer-at-codevyasa-4462514230
4455410184,Frontend Engineer,ASCENRA TECHNOLOGIES,"Sadar, Uttar Pradesh, India",Sadar,2026-08-19,React Native,Medium,RN Optional,1,0,1,0,4,False,False,"Accessibility, Android, App Store / Play Store, CSS, Flutter, Jest, React, React Native, React Testing Library, Testing (any), TypeScript, iOS",Not Applicable,Full-time,4,Hybrid,,,UI Engineer React JavaScript,,https://in.linkedin.com/jobs/view/frontend-engineer-at-ascenra-technologies-4455410184
4452597782,Senior iOS Video Player Engineer - Remote,Kake,"Hyderabad, Telangana, India",Hyderabad,2026-08-18,Mobile Native,Medium,Not RN,0,0,0,0,0,False,False,"Debugging, Performance Optimization, Swift, iOS",Mid-Senior level,Contract,6,Remote,,,Application Developer Mobile Android iOS,,https://in.linkedin.com/jobs/view/senior-ios-video-player-engineer-remote-at-kake-4452597782
4463853219,React JS developer,Crisil,"Bengaluru, Karnataka, India",Bengaluru,2026-09-09,React / Frontend,Medium,Not RN,0,0,0,0,0,False,False,"Agile/Scrum, HTML, JavaScript, React, Testing (any)",Not Applicable,Full-time,6,not stated,,,UI Engineer React JavaScript,,https://in.linkedin.com/jobs/view/react-js-developer-at-crisil-4463853219
4466311577,Custom Software Engineer,Accenture in India,Mumbai Metropolitan Region,Mumbai Metropolitan,2026-09-11,React / Frontend,Medium,Not RN,0,0,0,0,0,False,True,"Agile/Scrum, React",Not Applicable,Full-time,3,not stated,,,Software Developer React JavaScript,,https://in.linkedin.com/jobs/view/custom-software-engineer-at-accenture-in-india-4466311577
4458765690,Custom Software Engineer,Accenture in India,"Pune Division, Maharashtra, India",Pune,2026-09-01,React / Frontend,Medium,Not RN,0,0,0,0,0,False,True,"AWS, Agile/Scrum, CI/CD, CSS, Debugging, Git, GraphQL, JavaScript, Jest, Node.js, React, Testing (any), TypeScript",Not Applicable,Full-time,3,not stated,,,UI Engineer React JavaScript,,https://in.linkedin.com/jobs/view/custom-software-engineer-at-accenture-in-india-4458765690
4462224383,Frontend Developer,Siemens,"Chennai, Tamil Nadu, India",Chennai,2026-09-07,Adjacent Frontend Framework,Low,Not RN,0,0,0,0,0,False,False,"Agile/Scrum, CSS, HTML, TypeScript",Not Applicable,Full-time,3,not stated,,,Frontend Developer,,https://in.linkedin.com/jobs/view/frontend-developer-at-siemens-4462224383
4457080986,Custom Software Engineer,Accenture in India,"Pune Division, Maharashtra, India",Pune,2026-09-01,React / Frontend,Medium,Not RN,0,0,0,0,0,False,True,"Agile/Scrum, Debugging, JavaScript, React",Not Applicable,Full-time,3,not stated,,,Software Developer React JavaScript,,https://in.linkedin.com/jobs/view/custom-software-engineer-at-accenture-in-india-4457080986
4457458281,Senior Android Developer,Meril,"Vapi, Gujarat, India",Vapi,2026-08-25,Mobile Native,Medium,Not RN,0,0,0,0,0,False,False,"Android, Android Studio, Debugging, Git, Kotlin, Performance Optimization",Mid-Senior level,Full-time,5,not stated,Parijat Patel,Building the People Engine Behind Tomorrow’s Technology | Tech-HR & HCM Leader | MedTech | Surgical Robotics | AI | Humanoids | Drones | AGV |…,Application Developer Mobile Android iOS,,https://in.linkedin.com/jobs/view/senior-android-developer-at-meril-4457458281
4458002685,Senior Software Engineer,Tekion Corp,"Bengaluru, Karnataka, India",Bengaluru,2026-08-27,React / Frontend,Medium,Not RN,0,0,0,0,0,False,True,"Accessibility, Next.js, React, Redux, Redux Toolkit, Testing (any), TypeScript",Mid-Senior level,Full-time,5,not stated,Madhura SP (She/Her/Female),Talent Acquisition Partner @ Tekion Corp || Ex-Google || Ex-HPE,UI Engineer React JavaScript,,https://in.linkedin.com/jobs/view/senior-software-engineer-at-tekion-corp-4458002685
4453687713,Custom Software Engineer,Accenture in India,"Hyderabad, Telangana, India",Hyderabad,2026-09-01,React / Frontend,Medium,Not RN,0,0,0,0,0,False,True,"Agile/Scrum, React",Not Applicable,Full-time,3,not stated,,,Software Developer React JavaScript,,https://in.linkedin.com/jobs/view/custom-software-engineer-at-accenture-in-india-4453687713
4467447138,Senior Frontend Developer - JavaScript (Remote),Quik Hire Staffing,India,India,2026-09-15,React / Frontend,Medium,Not RN,0,0,0,0,0,False,False,"Debugging, Git, GraphQL, JavaScript, Jest, REST API, React, Redux, Testing (any), TypeScript",Associate,Full-time,,Remote,,,Frontend Developer,,https://in.linkedin.com/jobs/view/senior-frontend-developer-javascript-remote-at-quik-hire-staffing-4467447138
4450943862,React JS Developer,Infosys,"Hyderabad, Telangana, India",Hyderabad,2026-08-31,React / Frontend,Medium,Not RN,0,0,0,0,0,False,False,"AWS, Agile/Scrum, CI/CD, Context API, Debugging, Git, JavaScript, REST API, React, Redux, TypeScript",Not Applicable,Full-time,3,not stated,,,Software Developer React JavaScript,,https://in.linkedin.com/jobs/view/react-js-developer-at-infosys-4450943862
4448324405,Custom Software Engineer,Accenture in India,"Navi Mumbai, Maharashtra, India",Mumbai,2026-09-01,General Software but relevant,Low,Not RN,0,0,0,0,0,False,True,"Agile/Scrum, Git, REST API, React",Not Applicable,Full-time,2,not stated,,,Software Developer React JavaScript,,https://in.linkedin.com/jobs/view/custom-software-engineer-at-accenture-in-india-4448324405
4458710978,"Senior Associate, Application Developer, Consumer Banking Group Technology",DBS Bank,Greater Hyderabad Area,Hyderabad,2026-09-15,React Native,Medium,RN Optional,1,0,1,0,0,False,False,"AWS, CI/CD, CSS, Context API, Git, GitHub Actions, Jenkins, Jest, Next.js, React, React Native, React Testing Library, Redux, Redux Toolkit, Tailwind, Testing (any), TypeScript, Zustand",Not Applicable,Full-time,6,not stated,,,Software Developer React JavaScript,,https://in.linkedin.com/jobs/view/senior-associate-application-developer-consumer-banking-group-technology-at-dbs-bank-4458710978
4461886987,AEM Senior Frontend Engineer,algoleap,"Hyderabad, Telangana, India",Hyderabad,2026-09-07,React / Frontend,Medium,Not RN,0,0,0,0,0,False,False,"Accessibility, Agile/Scrum, CSS, Context API, Git, GraphQL, JavaScript, Next.js, React, Redux, Tailwind, TypeScript",Not Applicable,Full-time,3,Hybrid,,,Frontend Developer,,https://in.linkedin.com/jobs/view/aem-senior-frontend-engineer-at-algoleap-4461886987
4448357129,Application Developer,Accenture in India,"Hyderabad, Telangana, India",Hyderabad,2026-09-01,React / Frontend,Medium,Not RN,0,0,0,0,0,False,False,"CSS, Debugging, Git, HTML, JavaScript, MobX, REST API, React, Redux, Testing (any)",Not Applicable,Full-time,3,not stated,,,Software Developer React JavaScript,,https://in.linkedin.com/jobs/view/application-developer-at-accenture-in-india-4448357129
4450935928,React JS Developer,Infosys,"Hyderabad, Telangana, India",Hyderabad,2026-08-30,React / Frontend,Medium,Not RN,0,0,0,0,0,False,False,"AWS, Agile/Scrum, CI/CD, Context API, Debugging, Git, JavaScript, REST API, React, Redux, TypeScript",Not Applicable,Full-time,5,not stated,,,Software Developer React JavaScript,,https://in.linkedin.com/jobs/view/react-js-developer-at-infosys-4450935928
4448355321,Custom Software Engineer,Accenture in India,"Bengaluru, Karnataka, India",Bengaluru,2026-09-01,React / Frontend,Medium,Not RN,0,0,0,0,0,False,True,"Agile/Scrum, Git, REST API, React, Redux",Not Applicable,Full-time,3,not stated,,,UI Engineer React JavaScript,,https://in.linkedin.com/jobs/view/custom-software-engineer-at-accenture-in-india-4448355321
4448325379,Application Developer,Accenture in India,"Pune Division, Maharashtra, India",Pune,2026-09-01,React / Frontend,Medium,Not RN,0,0,0,0,0,False,False,"Git, JavaScript, REST API, React, Testing (any)",Not Applicable,Full-time,3,not stated,,,Software Developer React JavaScript,,https://in.linkedin.com/jobs/view/application-developer-at-accenture-in-india-4448325379
4450300889,Developer Senior Specialist - WebOps - Core Maintenance,Google Operations Center,Greater Hyderabad Area,Hyderabad,2026-08-28,Adjacent Frontend Framework,Low,Not RN,0,0,0,0,0,False,True,"Git, JavaScript, Performance Optimization, TypeScript",Not Applicable,Full-time,5,Onsite,,,Frontend Developer,,https://in.linkedin.com/jobs/view/developer-senior-specialist-webops-core-maintenance-at-google-operations-center-4450300889
4464310833,Custom Software Engineer,Accenture in India,"Gurugram, Haryana, India",Delhi NCR,2026-09-07,React / Frontend,Medium,Not RN,0,0,0,0,0,False,True,"Agile/Scrum, Cross-platform, React",Not Applicable,Full-time,3,not stated,,,UI Engineer React JavaScript,,https://in.linkedin.com/jobs/view/custom-software-engineer-at-accenture-in-india-4464310833
4458083815,UI Developer,Mouser,"Bengaluru, Karnataka, India",Bengaluru,2026-08-28,React / Frontend,Medium,Not RN,0,0,0,0,0,False,False,"Agile/Scrum, JavaScript, Node.js, React, Redux",Not Applicable,Full-time,,not stated,,,Frontend Developer,,https://in.linkedin.com/jobs/view/ui-developer-at-mouser-4458083815
4448325389,Application Developer,Accenture in India,"Bengaluru, Karnataka, India",Bengaluru,2026-09-01,React / Frontend,Medium,Not RN,0,0,0,0,0,False,False,"Debugging, Git, REST API, React, Redux, Testing (any)",Not Applicable,Full-time,3,not stated,,,UI Engineer React JavaScript,,https://in.linkedin.com/jobs/view/application-developer-at-accenture-in-india-4448325389
4448385840,Custom Software Engineer,Accenture in India,"Bengaluru, Karnataka, India",Bengaluru,2026-09-01,React / Frontend,Medium,Not RN,0,0,0,0,0,False,True,"AWS, Agile/Scrum, Debugging, Git, JavaScript, REST API, React",Not Applicable,Full-time,3,not stated,,,Software Developer React JavaScript,,https://in.linkedin.com/jobs/view/custom-software-engineer-at-accenture-in-india-4448385840
4457041413,Revalsys Technologies - Angular &amp; Next.js Engineer,Revalsys Technologies,"Hyderabad, Telangana, India",Hyderabad,2026-08-21,React / Frontend,Medium,Not RN,0,0,0,0,0,False,False,"Debugging, Git, JavaScript, Next.js, React, TypeScript",Not Applicable,Full-time,2,not stated,,,Frontend Developer,,https://in.linkedin.com/jobs/view/revalsys-technologies-angular-amp-next-js-engineer-at-revalsys-technologies-4457041413
4456063924,JavaScript Developer,Infosys,"Bengaluru East, Karnataka, India",Bengaluru,2026-09-11,React / Frontend,Medium,Not RN,0,0,0,0,0,False,False,"Accessibility, CSS, Debugging, GraphQL, HTML, JavaScript, Jest, React, Testing (any), TypeScript",Not Applicable,Full-time,,not stated,,,Frontend Developer,,https://in.linkedin.com/jobs/view/javascript-developer-at-infosys-4456063924
4448347540,Custom Software Engineer,Accenture in India,"Bengaluru, Karnataka, India",Bengaluru,2026-09-01,React / Frontend,Medium,Not RN,0,0,0,0,0,False,True,"Agile/Scrum, Debugging, React",Not Applicable,Full-time,3,not stated,,,UI Engineer React JavaScript,,https://in.linkedin.com/jobs/view/custom-software-engineer-at-accenture-in-india-4448347540
4448374617,Custom Software Engineer,Accenture in India,"Hyderabad, Telangana, India",Hyderabad,2026-09-01,React / Frontend,Medium,Not RN,0,0,0,0,0,False,True,"Agile/Scrum, Debugging, React",Not Applicable,Full-time,3,not stated,,,Software Developer React JavaScript,,https://in.linkedin.com/jobs/view/custom-software-engineer-at-accenture-in-india-4448374617
4448351259,Custom Software Engineer,Accenture in India,"Gurugram, Haryana, India",Delhi NCR,2026-09-01,React / Frontend,Medium,Not RN,0,0,0,0,0,False,True,"Agile/Scrum, MobX, REST API, React, Redux",Not Applicable,Full-time,2,not stated,,,Software Developer React JavaScript,,https://in.linkedin.com/jobs/view/custom-software-engineer-at-accenture-in-india-4448351259
4401466205,Computer Scientist,Adobe,"Bengaluru East, Karnataka, India",Bengaluru,2026-09-10,React / Frontend,Medium,Not RN,0,0,0,0,0,False,True,"CSS, Context API, Debugging, Git, JavaScript, Jest, Node.js, React, React Testing Library, Tailwind, Testing (any), TypeScript",Not Applicable,Full-time,4,not stated,,,Software Developer React JavaScript,,https://in.linkedin.com/jobs/view/computer-scientist-at-adobe-4401466205
4457360134,Lead Frontend Developer,Optimus Fintech,"Pune District, Maharashtra, India",Pune,2026-08-21,React / Frontend,Medium,Not RN,0,0,0,0,0,False,False,"Authentication, Context API, React, React Testing Library, Testing (any), TypeScript",Mid-Senior level,Full-time,6,not stated,Chandan Kumar Das,Drive end-to-end strategic hiring initiatives with a focus on Sales and Leadership talent acquisition globally. #MarketIntelligence #TalentAnalytics…,Frontend Developer,,https://in.linkedin.com/jobs/view/lead-frontend-developer-at-optimus-fintech-4457360134
4450303874,Developer Senior Specialist - WebOps - Core Maintenance,Google Operations Center,"Bengaluru East, Karnataka, India",Bengaluru,2026-08-28,Adjacent Frontend Framework,Low,Not RN,0,0,0,0,0,False,True,"Git, JavaScript, Performance Optimization, TypeScript",Not Applicable,Full-time,5,Onsite,,,Frontend Developer,,https://in.linkedin.com/jobs/view/developer-senior-specialist-webops-core-maintenance-at-google-operations-center-4450303874
4464196415,Front End Developer (React),Tata Consultancy Services,"Kolkata, West Bengal, India",Kolkata,2026-09-10,React / Frontend,Medium,Not RN,0,0,0,0,0,False,False,"AWS, Agile/Scrum, CI/CD, Context API, Debugging, Git, JavaScript, Jest, REST API, React, Redux, Testing (any), TypeScript",Mid-Senior level,Full-time,,not stated,Rupali Deole,"HR BUSINESS PARTNER, TALENT ACQUISITION SPECIALIST, DRIVING STRATEGIC HIRING& BUSINESS GROWTH, STAKEHOLDER MANAGEMENT  DRIVING HIRING EXCELLENCE",Software Developer React JavaScript,,https://in.linkedin.com/jobs/view/front-end-developer-react-at-tata-consultancy-services-4464196415
4454900548,React JS,Infosys,"Bengaluru East, Karnataka, India",Bengaluru,2026-09-09,General Software but relevant,Low,Not RN,0,0,0,0,0,False,False,React,Not Applicable,Full-time,,not stated,,,Software Developer React JavaScript,,https://in.linkedin.com/jobs/view/react-js-at-infosys-4454900548
4455679860,Front End UI Engineer,Ascendion,"Bengaluru, Karnataka, India",Bengaluru,2026-08-20,React / Frontend,Medium,Not RN,0,0,0,0,0,False,False,React,Not Applicable,Full-time,5,not stated,,,Frontend Developer,thin description,https://in.linkedin.com/jobs/view/front-end-ui-engineer-at-ascendion-4455679860
4448353219,Custom Software Engineer,Accenture in India,"Bengaluru, Karnataka, India",Bengaluru,2026-09-01,React / Frontend,Medium,Not RN,0,0,0,0,0,False,True,"Agile/Scrum, Debugging, Git, MobX, REST API, React, Redux, Testing (any)",Not Applicable,Full-time,3,not stated,,,UI Engineer React JavaScript,,https://in.linkedin.com/jobs/view/custom-software-engineer-at-accenture-in-india-4448353219
4448320638,Custom Software Engineer,Accenture in India,"Gurugram, Haryana, India",Delhi NCR,2026-09-01,General Software but relevant,Low,Not RN,0,0,0,0,0,False,True,"Agile/Scrum, Git, REST API, React, Testing (any)",Not Applicable,Full-time,2,not stated,,,Software Developer React JavaScript,,https://in.linkedin.com/jobs/view/custom-software-engineer-at-accenture-in-india-4448320638
4448360299,Custom Software Engineer,Accenture in India,"Hyderabad, Telangana, India",Hyderabad,2026-09-01,React / Frontend,Medium,Not RN,0,0,0,0,0,False,True,"Accessibility, Agile/Scrum, CI/CD, Debugging, Git, GitHub Actions, HTML, JavaScript, REST API, React, Testing (any), TypeScript",Not Applicable,Full-time,5,not stated,,,UI Engineer React JavaScript,,https://in.linkedin.com/jobs/view/custom-software-engineer-at-accenture-in-india-4448360299
4468205547,Frontend Developer,Recrew AI,"Gurugram, Haryana, India",Delhi NCR,2026-09-16,React / Frontend,Medium,Not RN,0,0,0,0,0,False,False,"Debugging, Git, GraphQL, Node.js, React, TypeScript",Mid-Senior level,Full-time,4,not stated,Priya Jasmine,“Hiring the Best Minds in Tech  | Driving Success Through People”,Software Developer React JavaScript,,https://in.linkedin.com/jobs/view/frontend-developer-at-recrew-ai-4468205547
4448354628,Custom Software Engineer,Accenture in India,"Hyderabad, Telangana, India",Hyderabad,2026-09-01,React / Frontend,Medium,Not RN,0,0,0,0,0,False,True,"Accessibility, Agile/Scrum, CI/CD, Debugging, Git, GitHub Actions, HTML, JavaScript, REST API, React, Testing (any), TypeScript",Not Applicable,Full-time,3,not stated,,,UI Engineer React JavaScript,,https://in.linkedin.com/jobs/view/custom-software-engineer-at-accenture-in-india-4448354628
4407699294,Senior Front End Developer,Siemens Energy,"Pune Division, Maharashtra, India",Pune,2026-09-06,React Native,Medium,RN Optional,1,0,0,0,10,False,False,"AWS, Agile/Scrum, CI/CD, CSS, Context API, Cross-platform, Firebase, Flutter, Git, GraphQL, JavaScript, Jest, MobX, REST API, React, React Native, React Testing Library, Redux, Testing (any)",Not Applicable,Full-time,5,Remote,,,Software Developer React JavaScript,,https://in.linkedin.com/jobs/view/senior-front-end-developer-at-siemens-energy-4407699294
4448359609,Custom Software Engineer,Accenture in India,"Bengaluru, Karnataka, India",Bengaluru,2026-09-01,React / Frontend,Medium,Not RN,0,0,0,0,0,False,True,"CSS, Debugging, Git, HTML, JavaScript, REST API, React, TypeScript",Not Applicable,Full-time,6,not stated,,,Frontend Developer,,https://in.linkedin.com/jobs/view/custom-software-engineer-at-accenture-in-india-4448359609
4448329289,Application Developer,Accenture in India,"Chennai, Tamil Nadu, India",Chennai,2026-09-01,React / Frontend,Medium,Not RN,0,0,0,0,0,False,False,"Debugging, Git, REST API, React, Testing (any)",Not Applicable,Full-time,3,not stated,,,Software Developer React JavaScript,,https://in.linkedin.com/jobs/view/application-developer-at-accenture-in-india-4448329289
4394623248,Senior Software Engineer - E3,Instawork,"Bengaluru, Karnataka, India",Bengaluru,2026-09-05,React Native,Medium,RN Optional,1,0,1,0,0,False,True,"React, React Native, Redux",Not Applicable,Full-time,,not stated,,,Mobile Engineer React Native,,https://in.linkedin.com/jobs/view/senior-software-engineer-e3-at-instawork-4394623248
4448348991,Custom Software Engineer,Accenture in India,"Gurugram, Haryana, India",Delhi NCR,2026-09-01,React / Frontend,Medium,Not RN,0,0,0,0,0,False,True,"AWS, Agile/Scrum, CI/CD, Debugging, Git, JavaScript, Node.js, React, Testing (any), TypeScript",Not Applicable,Full-time,3,not stated,,,Software Developer React JavaScript,,https://in.linkedin.com/jobs/view/custom-software-engineer-at-accenture-in-india-4448348991
4459140634,Frontend Developer,Recrew AI,"Bangalore Urban, Karnataka, India",Bengaluru,2026-08-26,React / Frontend,Medium,Not RN,0,0,0,0,0,False,False,"Accessibility, Debugging, JavaScript, React, Redux, Redux Toolkit, Zustand",Mid-Senior level,Full-time,3,Onsite,Deepthi V,"Hiring @ Recrew.ai | Ex- Jupiter Money, Microsoft",Software Developer React JavaScript,,https://in.linkedin.com/jobs/view/frontend-developer-at-recrew-ai-4459140634
4448346818,Custom Software Engineer,Accenture in India,"Hyderabad, Telangana, India",Hyderabad,2026-09-01,React / Frontend,Medium,Not RN,0,0,0,0,0,False,True,"Accessibility, Agile/Scrum, CI/CD, Debugging, Git, GitHub Actions, REST API, React, Testing (any), TypeScript",Not Applicable,Full-time,5,not stated,,,UI Engineer React JavaScript,,https://in.linkedin.com/jobs/view/custom-software-engineer-at-accenture-in-india-4448346818
4442924498,Vue JS Developer,Infosys,"Pune Division, Maharashtra, India",Pune,2026-09-02,Adjacent Frontend Framework,Low,Not RN,0,0,0,0,0,False,False,"Agile/Scrum, JavaScript, Performance Optimization, REST API",Not Applicable,Full-time,3,not stated,,,Frontend Developer,,https://in.linkedin.com/jobs/view/vue-js-developer-at-infosys-4442924498
4448382233,Custom Software Engineer,Accenture in India,"Bengaluru, Karnataka, India",Bengaluru,2026-09-01,General Software but relevant,Low,Not RN,0,0,0,0,0,False,True,"Agile/Scrum, Git, REST API, React, Testing (any)",Not Applicable,Full-time,3,not stated,,,Software Developer React JavaScript,,https://in.linkedin.com/jobs/view/custom-software-engineer-at-accenture-in-india-4448382233
4448344650,Custom Software Engineer,Accenture in India,"Hyderabad, Telangana, India",Hyderabad,2026-09-01,React / Frontend,Medium,Not RN,0,0,0,0,0,False,True,"Accessibility, Agile/Scrum, CI/CD, Debugging, Git, GitHub Actions, REST API, React, Testing (any), TypeScript",Not Applicable,Full-time,5,not stated,,,UI Engineer React JavaScript,,https://in.linkedin.com/jobs/view/custom-software-engineer-at-accenture-in-india-4448344650
4450150505,Developer - Software Engineering,Medline,"Pune Division, Maharashtra, India",Pune,2026-09-02,React / Frontend,Medium,Not RN,0,0,0,0,0,False,True,"AWS, Agile/Scrum, CI/CD, Next.js, Node.js, React, Testing (any), TypeScript",Not Applicable,Full-time,3,not stated,,,Mobile Engineer React Native,,https://in.linkedin.com/jobs/view/developer-software-engineering-at-medline-4450150505
4442833988,Software Development Engineer II - Web,JioStar,"Bengaluru, Karnataka, India",Bengaluru,2026-09-08,React / Frontend,Medium,Not RN,0,0,0,0,0,False,True,"CI/CD, CSS, Debugging, Jest, Next.js, Performance Optimization, React, React Testing Library, Tailwind, Testing (any), TypeScript",Not Applicable,Full-time,2,not stated,,,Software Developer React JavaScript,,https://in.linkedin.com/jobs/view/software-development-engineer-ii-web-at-jiostar-4442833988
4448378213,Custom Software Engineer,Accenture in India,"Hyderabad, Telangana, India",Hyderabad,2026-09-01,React / Frontend,Medium,Not RN,0,0,0,0,0,False,True,"Accessibility, Agile/Scrum, CI/CD, Debugging, Git, GitHub Actions, HTML, JavaScript, REST API, React, Testing (any), TypeScript",Not Applicable,Full-time,5,not stated,,,UI Engineer React JavaScript,,https://in.linkedin.com/jobs/view/custom-software-engineer-at-accenture-in-india-4448378213
4407696706,Senior Front End Developer,Siemens Energy,"Gurgaon, Haryana, India",Delhi NCR,2026-09-06,React Native,Medium,RN Optional,1,0,0,0,10,False,False,"AWS, Agile/Scrum, CI/CD, CSS, Context API, Cross-platform, Firebase, Flutter, Git, GraphQL, JavaScript, Jest, MobX, REST API, React, React Native, React Testing Library, Redux, Testing (any)",Not Applicable,Full-time,5,Remote,,,Software Developer React JavaScript,,https://in.linkedin.com/jobs/view/senior-front-end-developer-at-siemens-energy-4407696706
4462919601,Full Stack Engineer,Sociolla,"Gurugram, Haryana, India",Delhi NCR,2026-09-07,React Native,Medium,RN Required,1,0,0,0,0,False,True,"JavaScript, Node.js, React, React Native",Associate,Full-time,3,not stated,,,Mobile Engineer React Native,,https://in.linkedin.com/jobs/view/full-stack-engineer-at-sociolla-4462919601
4464689234,Custom Software Engineer,Accenture in India,"Hyderabad, Telangana, India",Hyderabad,2026-09-08,React / Frontend,Medium,Not RN,0,0,0,0,0,False,True,"Accessibility, Agile/Scrum, CI/CD, Debugging, Git, GitHub Actions, HTML, JavaScript, REST API, React, Testing (any), TypeScript",Not Applicable,Full-time,3,not stated,,,UI Engineer React JavaScript,,https://in.linkedin.com/jobs/view/custom-software-engineer-at-accenture-in-india-4464689234
4460009617,Full Stack Engineer,Wadhwani AI Global,"Delhi, Delhi, India",Delhi NCR,2026-08-31,React Native,Medium,RN Optional,1,0,0,0,0,False,True,"AWS, App Store / Play Store, CodePush/OTA, Debugging, JavaScript, Offline Storage, React, React Native, Testing (any), TypeScript",Mid-Senior level,Full-time,,not stated,,,Mobile Engineer React Native,,https://in.linkedin.com/jobs/view/full-stack-engineer-at-wadhwani-ai-global-4460009617
4457928308,Full-Stack Engineer,Anthriq,"Bengaluru, Karnataka, India",Bengaluru,2026-08-26,React / Frontend,Medium,Not RN,0,0,0,0,0,False,True,"CI/CD, Cross-platform, Debugging, Git, JavaScript, Node.js, React, TypeScript",Associate,Full-time,,not stated,,,Mobile Engineer React Native,,https://in.linkedin.com/jobs/view/full-stack-engineer-at-anthriq-4457928308
4464462528,Technical Lead,Wednesday Solutions,"Pune Division, Maharashtra, India",Pune,2026-09-08,React Native,Medium,RN Required,1,0,0,0,1,False,True,"AWS, Flutter, JavaScript, React, React Native",Mid-Senior level,Full-time,5,not stated,,,Mobile Engineer React Native,,https://in.linkedin.com/jobs/view/technical-lead-at-wednesday-solutions-4464462528
4310730123,Senior Fullstack Software Engineer - React & Node.js,Platform Science,"Chennai, Tamil Nadu, India",Chennai,2026-08-29,React / Frontend,Medium,Not RN,0,0,0,0,0,False,False,"CSS, HTML, JavaScript, Node.js, React, Redux",Not Applicable,Full-time,4,not stated,,,Mobile Engineer React Native,,https://in.linkedin.com/jobs/view/senior-fullstack-software-engineer-react-node-js-at-platform-science-4310730123
4452936177,"Lead Software Engineer - React.js, Redux, Reusable components, TypeScript, JavaScript, Node.js, Java",Blue Yonder,"Bengaluru East, Karnataka, India",Bengaluru,2026-09-03,React / Frontend,Medium,Not RN,0,0,0,0,0,False,False,"Agile/Scrum, Authentication, CI/CD, CSS, Git, JavaScript, Jest, Node.js, React, Redux, Testing (any), TypeScript",Not Applicable,Full-time,8,not stated,,,Mobile Engineer React Native,,https://in.linkedin.com/jobs/view/lead-software-engineer-react-js-redux-reusable-components-typescript-javascript-node-js-java-at-blue-yonder-4452936177
4453689678,"Lead Software Engineer - React.js, Redux, Reusable components, TypeScript, JavaScript, Node.js, Java",Blue Yonder,"Bengaluru, Karnataka, India",Bengaluru,2026-09-10,React / Frontend,Medium,Not RN,0,0,0,0,0,False,False,"Agile/Scrum, Authentication, CI/CD, CSS, Git, JavaScript, Jest, Node.js, React, Redux, Testing (any), TypeScript",Not Applicable,Full-time,8,not stated,,,Mobile Engineer React Native,,https://in.linkedin.com/jobs/view/lead-software-engineer-react-js-redux-reusable-components-typescript-javascript-node-js-java-at-blue-yonder-4453689678
4455798092,"Software Development Engineer II, Amazon Music",Amazon Music,"Bengaluru, Karnataka, India",Bengaluru,2026-09-09,Mobile Native,Medium,Not RN,0,0,0,0,0,False,True,"Agile/Scrum, Android, Cross-platform, Testing (any), iOS",Mid-Senior level,Full-time,2,not stated,,,Application Developer Mobile Android iOS,,https://in.linkedin.com/jobs/view/software-development-engineer-ii-amazon-music-at-amazon-music-4455798092̌